
InputObject                                                     SideIndicator
-----------                                                     -------------
aacim-.mp3                                                      =>
aahsantee-.mp3                                                  =>
aahtee-.mp3                                                     =>
aalahkwat-.mp3                                                  =>
aalimat-_04c37523f57aed41942b915b4385386996731e64.mp3           =>
aalimat-.mp3                                                    =>
acipwi-.mp3                                                     =>
ahkaapat-.mp3                                                   =>
ahs-.mp3                                                        =>
ahtel-.mp3                                                      =>
akwenkohs-.mp3                                                  =>
aloohw-.mp3                                                     =>
amw-.mp3                                                        =>
aneh-.mp3                                                       =>
awan-.mp3                                                       =>
el-_007f4810ea627655d22c2fb0873ccc100e2d9cf8.mp3                =>
el-_028361bbd0b2934f4ee0444069c5e88ccc9a2eb3.mp3                =>
el-_02f72e742e36487491a5e1ee152881f97ec9b98a.mp3                =>
el-_03bc2494771b3def1300705efd4e051b31ac7418.mp3                =>
el-_071d300c71fa5810e269d66d3dfe8d32dd078046.mp3                =>
el-.mp3                                                         =>
elaw-.mp3                                                       =>
ihkipakin-.mp3                                                  =>
kalaakalaal-.mp3                                                =>
kapeehšin-.mp3                                                  =>
kihkiinkweehšim-.mp3                                            =>
kiiweeliinkwee-.mp3                                             =>
kitahw-.mp3                                                     =>
maaciih-.mp3                                                    =>
mahkateehsam-.mp3                                               =>
makil-.mp3                                                      =>
mehkaw-.mp3                                                     =>
metem-.mp3                                                      =>
naataw-.mp3                                                     =>
nehs-.mp3                                                       =>
nepil-.mp3                                                      =>
niim-.mp3                                                       =>
noontiohsee-.mp3                                                =>
oonsaawee-.mp3                                                  =>
paahpihtoo-.mp3                                                 =>
pootawee-.mp3                                                   =>
saakiiwee-_0230307484f35f3cf96058e9faffa276abf4e42b.mp3         =>
saakiiwee-.mp3                                                  =>
saakiiweeyonk-.mp3                                              =>
sakipitee-_0212422fb7fc767388927e27a4851ec257453e12.mp3         =>
sakipitee-.mp3                                                  =>
tepehkii-.mp3                                                   =>
toopalameekin-.mp3                                              =>
waahsaaphtee-.mp3                                               =>
waalihtan-_05a014d96d90e66eea9d87e14acdc01cdf86c249.mp3         =>
waalihtan-_081d805b8d49c3853ec790e41d6aba3bf992b4ba.mp3         =>
waalihtan-.mp3                                                  =>
waalinaakan-.mp3                                                =>
waapan-_08f0b1291b9389581a4e9533ad9ba96de9893fba.mp3            =>
waapan-.mp3                                                     =>
waapi-_00a3a8d49e4148eb485a0bfcd26c9d280cec7182.mp3             =>
waapi-_01682fcb4e8800db3bfa34efb0b3b8a2bb9dc944.mp3             =>
waapi-_05498402313a56a253685ea021ec394d045e96d2.mp3             =>
waapi-_05f0633284c0507f6544b52f6600e5c123cb5f3a.mp3             =>
waapi-_07e5b05b3aa9804cdda873213e997c5a3f6ff4b5.mp3             =>
waapi-_08f462a91d43350899bd30aff022245044adf63e.mp3             =>
waapi-.mp3                                                      =>
waapikoonahki-_03dd1330376f8bbb015dc48aedb31cf0203a0b16.mp3     =>
waapikoonahki-.mp3                                              =>
waawaapinkwaahkat-_08e387e0238e4b21a9c701097d661d25b1372384.mp3 =>
waawaapinkwaahkat-.mp3                                          =>
wiihkapan-.mp3                                                  =>
wiihswakintee-.mp3                                              =>
wiikway-.mp3                                                    =>
wiinkimyaakan-.mp3                                              =>
wiipinkweekin-.mp3                                              =>
001bf26b0faa8fcb52d4071e76e12efd1b0ca4f1.mp3                    <=
002fa18c74e0149f3e31c789afa5c1be0ab00469.mp3                    <=
0051e9a11d62cfa09f07a84b085dc3d146ee36ad.mp3                    <=
007c1f3ceb6dfe505fd0bc46f30d911e48f593b4.mp3                    <=
007f4810ea627655d22c2fb0873ccc100e2d9cf8.mp3                    <=
008d9320ffa49434b6306052a417ad69056fc393.mp3                    <=
009e79f7a5583994a3d52286b38006a90bbb0495.mp3                    <=
00a3a8d49e4148eb485a0bfcd26c9d280cec7182.mp3                    <=
00a50827abf845f3c2947c08040c632145478d7a.mp3                    <=
00da4adf65d53f779bbb39031e62d4ab3450b160.mp3                    <=
01087d895dfbbde40a551ef607302e405a6927e3.mp3                    <=
010be7c28489c2956affec7a0ae01586baa7198a.mp3                    <=
011d47f22abc4fd95a93d47f4b122b258f88f3c5.mp3                    <=
012bf3d078a36130923ad86f7024324906ef2524.mp3                    <=
0147cb9b0710c2b726a155fc4ed6493d0df8b53e.mp3                    <=
014cfb03fde41be5193783b59e49546f1a71877f.mp3                    <=
01682fcb4e8800db3bfa34efb0b3b8a2bb9dc944.mp3                    <=
0178f5f19b9ff30cdbb0499a56853a99e7141f33.mp3                    <=
01a76279557480edc2497d861e61ab1c198ebf10.mp3                    <=
01b747f21c3a6d4f139fa988daa7540b9d5af9ec.mp3                    <=
01df0c2c6b10e913dc4717050a86580828bf1353.mp3                    <=
020e5b93b3dc249c16e06de328ee6908b1083b98.mp3                    <=
0212422fb7fc767388927e27a4851ec257453e12.mp3                    <=
021ebb41883d14a295610ceb98d36d34cc3169a0.mp3                    <=
0230307484f35f3cf96058e9faffa276abf4e42b.mp3                    <=
0230d577c5b5b67e017834d57d0065136f4eb6e6.mp3                    <=
0254bbf2e5ab103b689528704fc990c9606ef2ee.mp3                    <=
026b9b1aa38103fe306ce22e249e0bf625695586.mp3                    <=
027232da7bb4285fdbb2749d10dac65c47540c19.mp3                    <=
027d125dec0cc92098fcbbca6c99d2c460bf300e.mp3                    <=
0282f1f616c7638f8efaf073ef243044eb737731.mp3                    <=
028361bbd0b2934f4ee0444069c5e88ccc9a2eb3.mp3                    <=
0285f5f30b7912a2564cac8fd42a6bc30149f7ba.mp3                    <=
029a47b0fc08b320eff89d5889b8385dc99085ae.mp3                    <=
029c077d4567f56cafd6598c9b341be4852bd85b.mp3                    <=
02a11fa89225b585723dba0d63fd3ffaf80fd550.mp3                    <=
02a404b73328b419ba5e9130963ba4f8819e62d5.mp3                    <=
02e1c8ce89514978a850907fe1d5a2918b10830e.mp3                    <=
02ef025c3311cfa73fbe1b8170b2ee080e409e5c.mp3                    <=
02f716d8517cb8af2e3d2a8ceff20760b70d2009.mp3                    <=
02f72e742e36487491a5e1ee152881f97ec9b98a.mp3                    <=
0322e1d5832d59b8bda232ea945e8cf727c6885e.mp3                    <=
033bed3696157f5105fbb14e105e4669a8661258.mp3                    <=
0340c089382536a0bb65886c626e4a4b73014896.mp3                    <=
03412c9198c432e0e5463307bf66ab7118357e1d.mp3                    <=
034be1c169b9c6f1d34565850967748c8e674ea4.mp3                    <=
035ef5caa9bebb060b4066d1ff8e8c91015a0368.mp3                    <=
0374cf6351c5ddc9bc8dc249bf83439de2c1a51a.mp3                    <=
0375ed707947c93c98d9ba05a50c0fed47e6b7ea.mp3                    <=
0392166791d8354f08b9f592c70ce2e44564cac9.mp3                    <=
039868e16e93a1860ce24887830be30c82eff0c9.mp3                    <=
039f81d7e7c512614377cb26553be26fcd5dc85a.mp3                    <=
03a3b4dfa2f3c14c68c1bc8f236d1ba6406b7d2b.mp3                    <=
03a433a688da928d7d53036a984eb6c2c7daf45d.mp3                    <=
03b1901ffa657c34c94f86223aec2c29dea21a58.mp3                    <=
03bc2494771b3def1300705efd4e051b31ac7418.mp3                    <=
03dd1330376f8bbb015dc48aedb31cf0203a0b16.mp3                    <=
03e0da4144d8ee76935981d8648a181bfc23ddb8.mp3                    <=
040379f0ed9b9a1d128f9ff833b3c8d6c57e71a2.mp3                    <=
0419189ebda28c64fac837b5d9d8c120c10d7868.mp3                    <=
041d47769269b6a05f10ae34a03285cdad077a82.mp3                    <=
0431fe3e88f7857a53bc6e24b180724cfa74bc86.mp3                    <=
043431b186af7194aa027b712fed52d5d43fe54d.mp3                    <=
043e3db1145d0e8d10e84457c1f2396a2a9c4394.mp3                    <=
044528accaead842c822d6399ce6807769655057.mp3                    <=
044f416b3952b133a82c9e37a7b62e33267d339d.mp3                    <=
045c060b9d2944c35edec848ba403afb404688b3.mp3                    <=
045d9712388e7af5cbd373887157804ad3c44000.mp3                    <=
045ef70f66a000b2727009d31a6196e3a8545696.mp3                    <=
0473bf05f3635c2dbb4008f262a352df218c77fb.mp3                    <=
047c693ce43a318f29c47a69ee9f5f337d800a03.mp3                    <=
0498726de7e93703e3d33c815deae8d1b96c99da.mp3                    <=
049d45a5717c5f080889146be231b4bd6f9f53bb.mp3                    <=
04a2d971a59796b9b6315a4a3e51df10627a6902.mp3                    <=
04ad0afb070c5b798c36710ec124f2f0b1f82086.mp3                    <=
04b8ac374dbb84d11f9f9b830d38b78470796e07.mp3                    <=
04c37523f57aed41942b915b4385386996731e64.mp3                    <=
04e8fff0b9137c3a4ac9f982176826cf447ff9d1.mp3                    <=
05031cb0f874351444c272d9e1b808068fdd2258.mp3                    <=
0526edf4f03f5c2de12f9aa191426724c2ed07c2.mp3                    <=
0533c7402f1ee0511799e2da3433c22865712ae1.mp3                    <=
05468f60620b671cdf2e3a6dab168b65551d0fc6.mp3                    <=
05498402313a56a253685ea021ec394d045e96d2.mp3                    <=
05513b39baec67d069ed8388978c6a5e3de7eb73.mp3                    <=
05540d4f25fc866df02e8b8e7baa51c4b4ce5ef8.mp3                    <=
05561f02c9a7c086178159d1e16bd191f3bdb62b.mp3                    <=
056ab3f69888bbb6cddc3bf90e65ae58758906aa.mp3                    <=
056f070bde05ec795795dcb8fb4b844ee9837909.mp3                    <=
059cb06d5f98314779e68b4551147c3f6557bf54.mp3                    <=
059ed6c7c2080edfc81a2b1fe4531ff8af3af704.mp3                    <=
05a014d96d90e66eea9d87e14acdc01cdf86c249.mp3                    <=
05cc84911bf0605318da5ad48204025350c42b83.mp3                    <=
05cfb2c5b0717a58a79bf78c27934c5c0a1fd7ca.mp3                    <=
05d1981a0ec580669e2772e33febe398e2b4f327.mp3                    <=
05e2f6fa6b40fd3f5f0d17bc44c9299330b0a6cc.mp3                    <=
05f0633284c0507f6544b52f6600e5c123cb5f3a.mp3                    <=
0623624cd1dc61c7b03f8d1f7c430bd54ffa9037.mp3                    <=
06289aee54e05bf3695d7b7f5e64fd6620eb4d85.mp3                    <=
06578c8994d584dfdbf5b6c94181a90af78f7dcc.mp3                    <=
06733ee67a378f188b06a37037d17eac1391c61d.mp3                    <=
0680dd5099e59d8fc9f6b1479f038b61912a3a31.mp3                    <=
068816a4a7fe6052c6c26f62e57937c4c063cae5.mp3                    <=
06ce680431f4ff14fe60226d617d178981a06faf.mp3                    <=
06d3fa3dad66cfacf26c50eb48296dad5522d983.mp3                    <=
06e1d179d57fec06ed8481c7b5650840d66028a0.mp3                    <=
06ef30c08c193e3f6f300520c2530ab48172f9b8.mp3                    <=
06fb89098722584dae605e1101a3f3243c811de7.mp3                    <=
070d42885ba624ae8835ac6b79ee201d2dc82371.mp3                    <=
071d300c71fa5810e269d66d3dfe8d32dd078046.mp3                    <=
074b4c66b3988add84bbbddb9ac8cdd03f60d1c5.mp3                    <=
074ff5af343a3309063433834f10a04b6453d1f4.mp3                    <=
075723ded70c720c367a64f166e3cb47e80b27a4.mp3                    <=
076ad4cca6432a40b9a71b35097607dd5c8d80ee.mp3                    <=
077642eee4cb1e5cb7630a23f1afc229ca16be76.mp3                    <=
07853c174263d5e7e70cdbb0cb2599b91f7be04b.mp3                    <=
0792dd8d38d8ebe23da42b71fa13de521293d9aa.mp3                    <=
07b5ab170ec14a551acf3e3a597b1ab5e9d4efbb.mp3                    <=
07c8f6dfc70d411a3356b3404737bbf3a3e15040.mp3                    <=
07d26c53ebc0ae6490c9d25b381c22d54fa31916.mp3                    <=
07daebed9d20b07351068ebf7b3e4b00bf2cb75f.mp3                    <=
07e06a7b46eb9b903145105a9c633563ef89ce28.mp3                    <=
07e431983016f91f73b3cea5c1eca0b618e40459.mp3                    <=
07e5b05b3aa9804cdda873213e997c5a3f6ff4b5.mp3                    <=
081414c616dfec94fa7d2ce80de41d986810498f.mp3                    <=
081d805b8d49c3853ec790e41d6aba3bf992b4ba.mp3                    <=
0835ee017515a33bdd4592f713cbd4bf3ff640ac.mp3                    <=
083b4a64dc718e7b3ed2a69f969931e920fa2934.mp3                    <=
0858bdad024433816ecc9bc5d0092bd7e595ee24.mp3                    <=
085e92abfe5e6e760073540bc3bd3e7bb3eeaa39.mp3                    <=
0881afa60f550864b52c0c6c6da0589465f3b26c.mp3                    <=
08cc19f20a7b0296799b69c13d33ab8fbde79b8e.mp3                    <=
08dfe5f0de31598ca50f63e6926b7e0b63b08630.mp3                    <=
08e387e0238e4b21a9c701097d661d25b1372384.mp3                    <=
08e697b5eb9b52c100cfab87df5f50385b517386.mp3                    <=
08f0b1291b9389581a4e9533ad9ba96de9893fba.mp3                    <=
08f462a91d43350899bd30aff022245044adf63e.mp3                    <=
0900b1a54db04f201df34ceebebb58f1e2558db5.mp3                    <=
090f2644aaf76b2d271e2e57691fd424db4fca72.mp3                    <=
091e443a19a04aefce29b88b899a8ce5723233c5.mp3                    <=
09256660e18de5b84d739d041b9a825f988d87a2.mp3                    <=
092c21af258ae75d72e5661d076fed1c7b50f9c9.mp3                    <=
0945167e6eecf2ab037f6a4e8568c9cacdf4bc15.mp3                    <=
0956d3621d6bd7b9e20e96411d69ff09965d7ce5.mp3                    <=
09640b6ce46ca0c4372818fc78a78d0b8c9cf22c.mp3                    <=
097ed5b68686d4cab2cf8c105b7c335f1d67dc32.mp3                    <=
0992ea74e3945bd5213d79170d4de8856b633c4f.mp3                    <=
09a5f5572330cd456fd9629bf7aa016a7a1534fb.mp3                    <=
09a62bd40e76ea5cdd459cb61db9cce0565f8caf.mp3                    <=
09cdd7d00fb87332bec52b8bf877a1337f65d524.mp3                    <=
09d78af97e964cdab7b3eedd0d813c4cf1eb97c3.mp3                    <=
09e1fe57c21c5d37ebe861a89df686f0531432ca.mp3                    <=
09e5fcd4ee0a5b84ca7fadf9fbc3ccf6a31fc93f.mp3                    <=
0a0371a483c73122e4ddb837a80bd3960e6a6c15.mp3                    <=
0a34f317fbea1c14d14e1cf56525d55d43eba5c5.mp3                    <=
0a3ceb20cf60baadf7eba19cdec45c8295731029.mp3                    <=
0a42c949975107478d428a781935c4f277a08ab6.mp3                    <=
0a47a8380d16fc7c314b89062db42918b8e727ec.mp3                    <=
0a4cbc9511770a219dc9c4ceaa626dfdb6049324.mp3                    <=
0a51247272610f60a05b60d6473892ff24f9d679.mp3                    <=
0a58246ceaec0e59a80ddb93cf99849fceb2bcdb.mp3                    <=
0a76ab644a25d2bd4783b2fe418f3cd29dfa1469.mp3                    <=
0a7927ef79475711d2fa7483a009aab45b48e380.mp3                    <=
0a930cc4f4f56c983db66fed13bb81a1c6f6df8a.mp3                    <=
0a98478c40ff673c89db2adea417ec24de132d25.mp3                    <=
0a9b8ce35119124842b9935b9c07bcedbc96b39a.mp3                    <=
0a9c6afc0586124ac66cb76265ed607ef24bf9a1.mp3                    <=
0aabc988370abb7abc2543292c74319083b4617d.mp3                    <=
0acf3b3ebd55a119daecff9559f91eebd563fcb8.mp3                    <=
0aeae46f6d59182398c833a10183388613c55a4c.mp3                    <=
0af6ab55af79a890018ddb6fa9977466bb9ea6c6.mp3                    <=
0b04d18d94140ce003a1ce2aa31efbc7dc79712b.mp3                    <=
0b066fa196857a2a626a89a24ec9d4d533ebcaea.mp3                    <=
0b37062bc6196bfdf9a4d9adebaca185ca63c17f.mp3                    <=
0b3728fa2522c90b143abbd3fd9f7da8233d11f5.mp3                    <=
0b5234e5a3a25cd6a0d2199edf2278185926aed4.mp3                    <=
0b5bff219b8d3daebeebfd05e0bb60801b9deb20.mp3                    <=
0b834787c68a1861b4d97fbf7ad9c529736230be.mp3                    <=
0bababe77781c9b43dcd969758d5b45878cb9eee.mp3                    <=
0bacc32437e1d9b50503797f3cffb93eb1d1cf4a.mp3                    <=
0bb8d55eb889dc0cc7a16c4be76da33793dcff9f.mp3                    <=
0bba34cf8c8dc2a51fe269721987df7d49c7bf00.mp3                    <=
0bc5feb5725368aae45ace18bb660ecf3c13c35a.mp3                    <=
0bcc10bcd6b82e4c56097eba31fad31c0479a6e3.mp3                    <=
0bd0e6311a63467abec985acc3fd5388e09b95b5.mp3                    <=
0bdf2b5aea5d1fdbfdde1c8f07a8ef74ac10103f.mp3                    <=
0be21e2635f1681ec21a3b4b982c4f9d78f972ca.mp3                    <=
0bece1e7c3e08a58ea8628eb121aaff065d8d174.mp3                    <=
0c12b4ebb9636799c35da0ae2dd5a017ae68f0fc.mp3                    <=
0c180cfbe2ca6eb7e367f0b49cacf41c03e64017.mp3                    <=
0c3d06d330c6489ed33e1178ee470ad82c7837d7.mp3                    <=
0c4e2958c2ba79ddf3ea7f15fceed844906a8a8e.mp3                    <=
0c558980195847a591d0258e73d20f8720929b97.mp3                    <=
0c81f3628d695072921d1199a489f044a8fd88e1.mp3                    <=
0c87d2967da568227f7a6902015e1bb5f34f62c0.mp3                    <=
0ce4929378a806eaa69e2757b39144267ef68597.mp3                    <=
0ce6e4b9675d8916c7f7c264f770f78e1c5be32d.mp3                    <=
0ceae3d1a196347a4d42f1b34cf42b812e9bb9d8.mp3                    <=
0d0f6e0257ab0063e9c4a68d98dc8290cd6229c7.mp3                    <=
0d123ef82f2924c59376599679703ae765356cdb.mp3                    <=
0d16a81f7a2692ca79fd7ab4cc99aff025e1fcaf.mp3                    <=
0d18793d4971b4f9ad2506b15538e51a9d56a78c.mp3                    <=
0d240c6e9755723a56ccfe8fa2389336448b8434.mp3                    <=
0d3c1d25efcd759ce1b46b533554986d6b0a88fe.mp3                    <=
0d40ab4ab93e28195026a40e7cbc0472e289a273.mp3                    <=
0d56764c762748c3ac200030022f38eac3d7dfdb.mp3                    <=
0d6f29ded527f2e2c31c6cdd37e96cb54227fc2a.mp3                    <=
0d7184e33efa32db0833bd6ee022c9bc0088b5c4.mp3                    <=
0da67e056a4188a389ec76fb48521c3603d5c9c3.mp3                    <=
0db5599fef8d64eba125f91572c9f91044d3a713.mp3                    <=
0dbe8d283ae7f52ca7a664edc1cd4a8c18afd270.mp3                    <=
0dc52a5f5f8e660673530e27c46f5c1bcca2f8ba.mp3                    <=
0dd0e04ce8cfae2f4ee86b5a20b0413737cf4940.mp3                    <=
0de20f7974d1478bc2a4a9d7b0015e4882ae2dcb.mp3                    <=
0df2f8123478f0cd90ec3c66a2f93850531bfcd9.mp3                    <=
0df512e3350e6274d1004d342a1fcec1678fe1a1.mp3                    <=
0dfa7c2e6ccf2ca228d2675e1e3ca6b101079468.mp3                    <=
0e0cf6c1edd9fa004e7a5117b008cdc8736a5eb6.mp3                    <=
0e1e57e05ef1309a0922f57019cee258fab2e0eb.mp3                    <=
0e391547f6ced7484c0b61cbcd731c96c5ebc2ea.mp3                    <=
0e3a56e6812285a963ebf034f7a2749c18667a6c.mp3                    <=
0e48ba33e3d20d3c98993cd870ba35a5ea2a7842.mp3                    <=
0e4d12748865812982df4fd87ceec51751677b9c.mp3                    <=
0e657c57587e7eacf8875279c1680caa460ab44b.mp3                    <=
0e660ae53ff4ac4d9e41148bb048bacdebc1be18.mp3                    <=
0e6987a2e26dd53ddce953a699bab0473f92fc10.mp3                    <=
0e6b147f2f4282897966d084726d8217920ed235.mp3                    <=
0e6f159c9e2103b69951e56cb584f3f62c956a11.mp3                    <=
0eb6b392592d43f2649d0a9173117fbd277b0507.mp3                    <=
0ec77939382ba594e952b83337f04ef647ee37fb.mp3                    <=
0ecb7cd585382ee899fc8e68848ace1e4cc19653.mp3                    <=
0f0d90a2fd7d817262aa027cd2775f88959e138e.mp3                    <=
0f1a132afe9309a4a8d7cfc3926b53688a048d0d.mp3                    <=
0f24fe7b4eedaa59a91fd25924998a0038132089.mp3                    <=
0f3dca11bcd60a7fa25cd67c41d943691c599b0c.mp3                    <=
0f59fbbf5c944d3627a386221e0fb00d7f6da475.mp3                    <=
0f702fa70b9de6a224326c7375741423cc4b870c.mp3                    <=
0f76dd99095439ce75d5427960daa5a2e92ee350.mp3                    <=
0f7f4b38b9730eba1bc6d2101e30108382847412.mp3                    <=
0fa40dddf80cc5cc12352d2c78f78c7c0b6fc76b.mp3                    <=
0fd6df0c093d90acf78ad48ef4bee8bc62577944.mp3                    <=
0ff005e9a4c73aafa7a7daddb2a7af0071e3575c.mp3                    <=
0ff922890db2a794fcbe594e800dec7b6ac9beef.mp3                    <=
0fff0f9f47547fe6324871d31b62defa5e262ac2.mp3                    <=
10036edb76ae0003990e4c6dfa3a5e51b547dd36.mp3                    <=
101a051396ede7c64b43aa967fc4fdf9e17ad228.mp3                    <=
101e300b004b38567eca80b5567a5f7ab5452772.mp3                    <=
103d2010ac95e2b27a37f1ff8fc642814068d7b1.mp3                    <=
1041b2a66638117d1167a4b9222143405988c7f6.mp3                    <=
1057268bd37fce91330a0009148686eb028e186b.mp3                    <=
105d2236b897b3f4923e098426200c578daa65c7.mp3                    <=
106efb1609b61969349ef3cd47686b9f8bf76a20.mp3                    <=
1071daf1c2caf3b14e5c0564be9a584989453981.mp3                    <=
10726637901f85a9f6efc2dead7029f32a2aeaa7.mp3                    <=
1077cfc9275fe1426d23ecf2fbc0a8bb92a8d2e3.mp3                    <=
108870570198b02ee2c7907a802369e7fe5241a9.mp3                    <=
1099c476635d8ea4a85a7a2db647eadad694c440.mp3                    <=
109a82766fef09cb87636602cedb29b6b7154ecd.mp3                    <=
10b14361fdf030d0925697892186002632140959.mp3                    <=
10b23763e327af04dff951fe1b566589e72840f0.mp3                    <=
10be60b4c83b5901205bea84be8364d0e3bfe146.mp3                    <=
10e33c390e69931b5505f716d77534c4bb0f59ea.mp3                    <=
110e436118cde64e1f1f65941c6a1a3e7f0698b2.mp3                    <=
112f6e9501e41408448c3acf308876b7431d5584.mp3                    <=
113a6bc219158b34f8154b142f2a5cbd8f11c24d.mp3                    <=
115aea90fe79170e5cb0ca9189d0da3d5f4e9e6f.mp3                    <=
11687a8486cc8b89899823dc0823ecb3fe519a7b.mp3                    <=
1169b04a2999d67a1827886cddf8909518e73b48.mp3                    <=
1179b94970d7611924174380a72e160fd7549bbc.mp3                    <=
117b25b09e1872a46216d13027252050195acdb9.mp3                    <=
118935ca0044eeb8fb49a653171a028436f20f83.mp3                    <=
11921406d0792c319c9fa5581ed13ed53a5e55f4.mp3                    <=
11a8b6eead066676f9b87415db2c6e48210b7e93.mp3                    <=
11ae1c87a774cb9e0ee1e761f978211b0e05b455.mp3                    <=
11b9444cec230d85196f5c0dec34f81f7421dba9.mp3                    <=
11b9e9ff7df227956e1cb7ffd544b196cae0e89a.mp3                    <=
11c4fc10937123860e9bd95b426eac9a1fbedfe3.mp3                    <=
11d0e6b531dcd9269f9ffdfc775b79f3e4ec8d97.mp3                    <=
12018352a56c06adc87a8ef293a44dab54436b8b.mp3                    <=
12070044be850cbdad1f070d2646b381a7fae1de.mp3                    <=
120cb453fc758450564bf6c720ca39822c1564f5.mp3                    <=
123cc0d9afe9f571fb8ade0c5d3db1903d0bf9f7.mp3                    <=
126b0cee9f3f228ad882b63ad222beaaf622457c.mp3                    <=
12788c0927ace05eba91ffa3e125b0254ffab11f.mp3                    <=
12a3c11b90e53eb25aa2e534ec768695869c9db1.mp3                    <=
12a7e371f6c52841c75f8a5737129ad885e10f48.mp3                    <=
12b6735b105b9ce45720addd19d17090e3e6671d.mp3                    <=
12d2752c8dcffa51a210b71f35cc8afc1b85ed21.mp3                    <=
12db7c8e82524ad6c9266ea6686f1752e4cec6a3.mp3                    <=
12dbdc2f52e9f9fb557278a87f569ca083be1c41.mp3                    <=
12dc555841b4e7fbef27563c3f586ccf1c3f2753.mp3                    <=
12e88a3ff5fe7b005277cd55c8ab8eaf73b5964f.mp3                    <=
12f15aa3d1869d518dcab89668b29c09aa348cd0.mp3                    <=
1300a959000898c43adb12f730787798f29782b1.mp3                    <=
130c8b10157b822c03ab07ea18be3831029ed98b.mp3                    <=
13445d5cb768c06c641e7e78924924abde26e5dd.mp3                    <=
13502f78c75a0ef887a7159159bb1f4d8c2d5784.mp3                    <=
135e4eda30df4fce46b1c10abcfae813b81a2466.mp3                    <=
136dd867fb8d13bfe67d00bf0acfca838d1f1b54.mp3                    <=
13711d9fd719a323f778238f31a9d7bd99bb04f8.mp3                    <=
137f2885e656307d3a55b152fe364ad3d9431312.mp3                    <=
1385449c0ad9a20a012716e297a6dcb5813f19fa.mp3                    <=
13c690d033e0c6c5553ac3a70ad875c90f2938c3.mp3                    <=
13d1370ae5b54675a898bc034af14dfd12e7655e.mp3                    <=
13dce3cbcc8be59701ce21e63d36039ec846af45.mp3                    <=
13e10490337ac4eeb0ae5a0ce674cb60eb901d9c.mp3                    <=
13f4007a025883390904c2aedb9fe10800366968.mp3                    <=
13f851c6615ac3286f0efb4b92dd61003287e8b3.mp3                    <=
13fb97ec3952c32d81dd2ae5ba660bb8e4fc7ff3.mp3                    <=
140700a0e0fd8fbb2d13a8e95f4aa976af76b121.mp3                    <=
144354a0bed807c0866bad898295e8b064985176.mp3                    <=
1455a68fd204a1479ae55572864cf83aa5d1a479.mp3                    <=
1463d361626183b847b657c7ea17017d497c2e1f.mp3                    <=
147ea5d584530a6a8eae6693e27a4467df501117.mp3                    <=
148f4ea7e140ff09cccf3a3ea3eedb335dcd1f07.mp3                    <=
14947cbf5bff52fdd843ea4c367edac1875f7f6f.mp3                    <=
14b276d72953f0fa270c48c64afa545ea407b1a5.mp3                    <=
14b80daaec810fbfeb9bae9ae7ea50fdb289a2c4.mp3                    <=
14f116d27a06792f5451aa4c8c3d593798ccc3cd.mp3                    <=
14fa8af94aabd55a36dc444f03eb3c7d1f937b66.mp3                    <=
1557b41fda21e0848c47d483c67f542a3f01a6cf.mp3                    <=
155bd5638b84dc052b8dedd8726da34328d00926.mp3                    <=
156a047138bb6280c8e35105e0a2c27ddc34ab3f.mp3                    <=
1584560e98b6b2d5bcd42b3c9ac15f33f05edd39.mp3                    <=
1598fcdacf9af3e60fad89ceab0edd88e4a4a0eb.mp3                    <=
15a0b6de5a22b7c82fddcf46c73179997905f8e7.mp3                    <=
15e4320c068adf9f6e9d96c611b6cfe50ad4aabb.mp3                    <=
15ffd2c561ab310b3f57fa3ee6f43e3ee610f153.mp3                    <=
1611edcc56da8ee891ac51f1e7dbad08bf08245e.mp3                    <=
161b11bac16e9e0b9d8aa89d708d25df7ac934eb.mp3                    <=
16228600c8d8b01f322854cada4c3416d5b3bbc7.mp3                    <=
162bad50ebe441e9f5a5377641c09134db3c8b63.mp3                    <=
16327bb4bf1a1602c3a0b6f40e57da4568bc0d83.mp3                    <=
164cacdbd44d3358b863b13eccda1c2a67ce02f7.mp3                    <=
165a994165be7d93ba1d98163013c170073cf9da.mp3                    <=
16681040f898a1f9db5ef9d1e84b4608707fba10.mp3                    <=
166cfebd989e0bc5fc09d3f104b93729b445aec6.mp3                    <=
1679e23337a9ca498b3c20e538c27444b8b39802.mp3                    <=
167f7788ed5e876c11e5fa0405314abb11263380.mp3                    <=
1684bb92d8b697e69049f9330a8339b339d16e78.mp3                    <=
169238e9d827d033fe8cd62a3b048ecbcbcbac4c.mp3                    <=
16ad47a88cd714a41a80e293a65634c59d3c6af4.mp3                    <=
16ae94e3f7a47635428703aad2e10fc87b7a5b60.mp3                    <=
16b5519eb03c590073f1c5ca32353e9dca25bbd5.mp3                    <=
16b780b5c0f4e293c86b5e36b72dd89b4a287f3e.mp3                    <=
16e12bbe2bd6470b14ba289ab915bd28767aa78d.mp3                    <=
16e594c5b2c6455beeb73911b3bba35750561834.mp3                    <=
16eed25915f27ae1b5894c26e921a3d67b866c15.mp3                    <=
16f0dba41854cfe435d69a496dbff812c425bffc.mp3                    <=
170594bd12fc89caa68994249e908a5b3a93fdb0.mp3                    <=
1714865e8d05c790f77582130c5d403a8b1a8065.mp3                    <=
1716be68b76bc233696576e129ac5084b901d6a1.mp3                    <=
172058c4088448ad65d844387181e2f18f572282.mp3                    <=
1730c47328035ccf01f492b360ed210a9c5a9588.mp3                    <=
176020039d45187a8f2e29798e45180909e23790.mp3                    <=
17664ebe745bfa8401570ea99f81a25ebac6efcf.mp3                    <=
17787b3cdd79758d5bedd8c2c5a94e9d797e4f27.mp3                    <=
1782326ed5d0b9b00e82c8f88b3bb5f22966db32.mp3                    <=
179daa852eef79fe20670d18ae7364ae880ca2ed.mp3                    <=
17a93b8344187bdda12784af1b00c5877ade73b2.mp3                    <=
17b15982f5abef238193aef152380d54d9be7667.mp3                    <=
17c5c3a12e705c710e771958190be41ff5ef14e4.mp3                    <=
17c662b42eef7218fd7dceb69735757089afa44f.mp3                    <=
17e77eb67574755e7d5b48cb6335890e5e2aafcb.mp3                    <=
17e7d3fc6e3e60a80a6fa5341445d5abaa20f7df.mp3                    <=
17f3e5338b8eec94c93dd35d824f837942410c54.mp3                    <=
1819a639520dbca9513fb267587ff91fbdf32e75.mp3                    <=
18211dd72b458c6fabe061de630669af978ffbb2.mp3                    <=
1826d960315eff29cb18fcf918251581fc500024.mp3                    <=
182a0c915568586e22b1f166d5bb29e08dd767bd.mp3                    <=
182afc3584dc1d6380de6313951572a5b546f2bc.mp3                    <=
182e614e71b34689302d3ddd3e81044729c8e28b.mp3                    <=
1848e62794140cd71ed5395dd40dccd8fb5a74c1.mp3                    <=
1859242a22330b38b1dbb83e5494c686e9cdb773.mp3                    <=
185a3b1eafa0569e40d154328ac3676be5198813.mp3                    <=
18681ef590724cb8cf12ef6567f522e53507863d.mp3                    <=
1895102bc8a480f9637dd7f775611981d8e9bc05.mp3                    <=
19021ec60e528be4abb07217ca4a24c01a280aa4.mp3                    <=
190bcd20fe9ac134d123114284f6781a6bd49f8c.mp3                    <=
190e00adf5b1fd9963c710eae6cccb0837e7eaa2.mp3                    <=
191fc2875d2466d57def48cd0cb285470dac28b4.mp3                    <=
192f2d43541a117b087c269a00ac5d3e26809bd9.mp3                    <=
193065ef0bd6607c682efb843596485fbbcf0ea8.mp3                    <=
19430601c43b48b7df658576c0f6678125d4b954.mp3                    <=
195f710c34ddd3174e915b9e6b2fdd83648a6cbd.mp3                    <=
1961ce9f1642503a0266b0aec3717f40974cd955.mp3                    <=
1974d06ebf2ece15b0e30874d0ca70c6d7f49bac.mp3                    <=
19764742efb435332152ce3edce9baa9454dab52.mp3                    <=
198269eaa26e072ceaf2ca0fb207fc3e58bf7d63.mp3                    <=
19857187279083fd9f478b747716e18645a463dc.mp3                    <=
1995b104118b38159a28e1b722160cea71cd2df2.mp3                    <=
19c0f4ce41354da5c40405c554d96ca05f2591a8.mp3                    <=
19cb8b258951f8383b2e0b63ed0eca9ab70bd144.mp3                    <=
19d7fbb6d57ae5ae4ba8d94417e536e09a186b5c.mp3                    <=
1a095a67e8164ed5c2b1a1bcb431d5418b694a8d.mp3                    <=
1a1af6cf2c0311ea79642ec7ccb174a909a36fe9.mp3                    <=
1a3bddfa73d1cfd5efbb00aeaa86dc191aa24334.mp3                    <=
1a5cd5c141ae732a939255dfb3c061aba11fb30f.mp3                    <=
1a64464e69910e7be9efafda5761512eb59e3503.mp3                    <=
1a67385f5c298b17df6638259b2202e565955e8b.mp3                    <=
1a9409edc76d97b32f54ddc0755c3bffdcdf8b59.mp3                    <=
1a9b960cbc66813be87647a7fc8c3c37f8c2c70a.mp3                    <=
1ac04891df1f249608ce027260235dca94256a13.mp3                    <=
1ad09806009b9ef492516a1fce033bbc1407aff6.mp3                    <=
1ade1c4e1e94db4aaafe3961a0c0e89854962cde.mp3                    <=
1b13d160570663a36c01ed0371ea1a5543238864.mp3                    <=
1b28297613e014dc51b6d63370991e1f5060d138.mp3                    <=
1b3d55862ae55dd917158138f0a015aea4a17e38.mp3                    <=
1b4151092b27aa1a41fda17c4e431770a338214d.mp3                    <=
1b49ded9a43f3c96608b32e808a48c8df28a2fe8.mp3                    <=
1b709eea8c928a65a27571d54894ff91b25c7600.mp3                    <=
1b7658a39bdaa562de613b9f86622150ae7b830b.mp3                    <=
1b9a8ede50cd9313d071577b0e5a16aa703f17db.mp3                    <=
1ba44fb440413bf689625d1f3825ee00f1e30fa7.mp3                    <=
1bb3040e9e987e1fa5fc05ac7b8b552efb79f7de.mp3                    <=
1bde1cf8f73c7f66e00a759dcad9b840079706c2.mp3                    <=
1bfa513164688684f3e56bf44ecf0010eb9f5195.mp3                    <=
1c38af1c19c8c9b4439cd94a74ae929c068e2171.mp3                    <=
1c3933bd0f63b974a19cf621225667116a475c23.mp3                    <=
1c644c237f515c4fa34e702c8fd64919b5028c04.mp3                    <=
1c6d7e12cfb7c88b207fa5e377d6e01d29949156.mp3                    <=
1c77bb097b281d49d3695d7f1e708e6dbeaa8627.mp3                    <=
1c7b8f272f1759790a5cd579595b49f205b600bc.mp3                    <=
1ca969a3f90cb11cca3551d2705cb4031fdb3cfd.mp3                    <=
1cabf702563bdd0ebc49f62a9f98a384c08e746d.mp3                    <=
1cb69079c10d06b009da6b950422d4f5a6deb03e.mp3                    <=
1cb9f637eecd64e9bf91efdd11896674436f48d1.mp3                    <=
1cc23a111e88caebbeb8ca4ff8c02f98843c4c34.mp3                    <=
1cc36ebcc407612fbf7e8678694fcca6372f0744.mp3                    <=
1ccadfe000adb0b9432276bc36e3ba0ddd9c8c32.mp3                    <=
1d055078da9fcb90d6c19c66bf961606303d36bb.mp3                    <=
1d15e8556a91551a1a56dee72328de547a849d43.mp3                    <=
1d1e62425e0cf869ef950c78b45dec35a3b204ca.mp3                    <=
1d2222c407ed392925840076dd03dfb738e1ccde.mp3                    <=
1d2a649ae6606e9ecc3940a4e8bc5e5423a75236.mp3                    <=
1d499d8a9e14a68d1b070cbaeae7dab73ba3f36f.mp3                    <=
1d5d1e4f03ab885453dcd517d905cb392684125f.mp3                    <=
1d6079a7f24ef10bcdd4b785fdd213fa1c702be1.mp3                    <=
1d65f14a360d6c286bde3a34989aa96d87226f83.mp3                    <=
1d6895f9ad3222b516fdae3a6ffffd4d63bbe88a.mp3                    <=
1d85cf0b56b1c6965f33338a145ee44c52f427f0.mp3                    <=
1d883b13df206d98ab7d1e916f2ed0c923ac2cbb.mp3                    <=
1db121a32d44eff856b3da28f05608cd433a06d3.mp3                    <=
1db7c15f78118dd6043babb0b53c91268e44068b.mp3                    <=
1dcb775c10eb4ff04ce8f1f0e5108da8d80b3b32.mp3                    <=
1dcbb2e183e489cab2490b94d2642ccfa17f158f.mp3                    <=
1df9f7ef2585c0d7f01376f85a1c4c7600fddda0.mp3                    <=
1e11a78c6e572386255e9c5ce2c66fbedf68b444.mp3                    <=
1e13e757ed869a6d160f819e6ef1c757a4831bf9.mp3                    <=
1e335f5f7c233adbf6ec4c052fc8afe2cabc4064.mp3                    <=
1e6ca3ee7b7681626d5a988fea827ff6a98ae36e.mp3                    <=
1e7094068283c4845584f965611aa5663d3a97c3.mp3                    <=
1ea4e283683d566747250cbdb53418f7ae7a63bc.mp3                    <=
1eb26accac3ef22c3d3d95d947476a30ca9aec0c.mp3                    <=
1eb553046ee7d9b770aa866606b12b2038e918b9.mp3                    <=
1ee8a30e5ab4313cc5978e7792e17a03c8d94c8c.mp3                    <=
1ef8a894635115387595b2e1488cafdc0d19422b.mp3                    <=
1f0920d4d0ae50ed9017999d89d97c298537dcae.mp3                    <=
1f292f402bd961745e3fd9db955eb462f002cd31.mp3                    <=
1f30cb8ea10ad82cee0e4ab89ffcc94c29c2ee04.mp3                    <=
1f44e01cbba88c3ec83f084b83e41bf84bbc8bc6.mp3                    <=
1f55b7efb3edd5f392a607405de7f36b232361f4.mp3                    <=
1f6493b266dd1747177b96131bdb9da3e810f770.mp3                    <=
1f6a3d9cc9b32e3dbe13d00ddccd374c570cde2c.mp3                    <=
1f95e689767fa1b67c3530a03a3fc96e71bb8ff5.mp3                    <=
1f9a4ac23faaf4b0fefa617f47e7780c8193d703.mp3                    <=
1fa3ea60e88eabad2be1528f4dffa3120ffe11f7.mp3                    <=
1fa916e4e57b2dc7329ed90b93cc1e9620a512d8.mp3                    <=
1fc4c69a6cb9173c14664548862310f242e1bc5c.mp3                    <=
1fd00de47a9b48146b9dd6ea6853f9551d6ad4ba.mp3                    <=
1fd5e3d67d5bb02d45916f5770f28487f1446189.mp3                    <=
1fdc6fe9c52cfce2c4e254ea360ef0914c4492da.mp3                    <=
1fe64329a6d499dad81ac162055073aafccf0039.mp3                    <=
1fe785a01efacb839d4700848cbe36b14df398bd.mp3                    <=
1fea8a77ce5f71e98889c853ec9170ac95e58796.mp3                    <=
200cb3639588a3e8cd3045e4295c4c732b91eb93.mp3                    <=
2058a384ad00680d3e68b41731fc383aa6605653.mp3                    <=
2062548f290f5f60031aaefd8707001dfce92711.mp3                    <=
207601d5ffe0b2f78dfc29d47793d13d6172fff5.mp3                    <=
207f64dfb87a36c8704fd9a1176db7d16298cba6.mp3                    <=
208949b0074d11055d04d362e1239d38f1451b9a.mp3                    <=
20990deb78db515e3dc059cc202242886701d392.mp3                    <=
209dd03d6dc1ba142d815807dca9c860aaf2d4ed.mp3                    <=
20a04090e0e6470c128624cd9d297f5f8fab76c6.mp3                    <=
20acb15828d2f9ec2907d275a463ec68d65dcc9e.mp3                    <=
20c059b45b773e7c1d7eecc30fae960f76ee2990.mp3                    <=
20c8d6b6a087ecac2236da0f77bcdc235c3998c6.mp3                    <=
20cc8c6b85ada306cbf5975349262f044b50aeda.mp3                    <=
20cf30d15f1d9adac4687e88181e6c47df024e1f.mp3                    <=
20cfde37a7ba0e548de8a038b522f1c07f1afc7d.mp3                    <=
210d255c6753e4ea72bccf808131f186cdc2f178.mp3                    <=
211862968b047e0c65753168734d07dd023bd104.mp3                    <=
2122b84044b8acabc6deff8e759e8a392a61a10c.mp3                    <=
214f23718b1edc259b56837077387b33edca162f.mp3                    <=
2151dee114f8b7d28353b8f8e0dffa0f48860921.mp3                    <=
216c3331d79078564e0ebadeee5c915062289b7c.mp3                    <=
2178f55450ca7cf72525458a6a15cffe8a43a4e6.mp3                    <=
217e85a0908a446dcf7ac25efe11c3398b90247f.mp3                    <=
21af76ba7b1023aed0cec002fc4bab0f3ff2d464.mp3                    <=
21b5057e6ce4bdb618be3c251354e5ec9b07a278.mp3                    <=
21ea440bfbd1baae85dd0d86251f730f3d340034.mp3                    <=
21f788ca078619e2c9c90e91e369f90090f6288b.mp3                    <=
22055dd496a7cfad4ea1a7dcf270ae542cda7041.mp3                    <=
22076866dbe58ae297e1efe3b1d2401116d6e35d.mp3                    <=
22088a6f5eb92ddddc75e2614b272180d4e9ac57.mp3                    <=
2243fb515bd976a207892ac8257fce16a0492339.mp3                    <=
22598fdb2d07d02be305ce75ad713b981e0dd364.mp3                    <=
225fdd3e9497e58d4e8d7c9ed590a471f2ab5f7a.mp3                    <=
22c19d077bdadc3e2af6f8150490c6b02967b77c.mp3                    <=
22c9801d357f821c7207494b1c24e760eda90a39.mp3                    <=
22cad46e454eea4efced16d2d9ea4980307c344f.mp3                    <=
22d4b59d01ea03d55a48cb95fc6863af2ea3efdf.mp3                    <=
22e068dc219eb38e9fa96c26bc8a99e43f7c166f.mp3                    <=
22e7bcca325b7095af68bfa7c54b9c17d06f70aa.mp3                    <=
22f53880e35d5ca7a7190a212ad10bb2a55ad1b0.mp3                    <=
23152d51d03a0ab7c7f7e6e071ebe928a24b43d1.mp3                    <=
23178b509ab93c8ede57656395b7268592ca006e.mp3                    <=
232971031acdb1c591183187a83c886acb565b22.mp3                    <=
233239a893753c26071e8848a6c6530d19f44551.mp3                    <=
234f166ce2fd0a46c26ff0e9d8e9f3cbc5220bb7.mp3                    <=
2363ed20698ec5ea88d21a57c9e21c2fef73cfb5.mp3                    <=
23b0ae3b1e8b47421f4ec779e8797773c3fddb29.mp3                    <=
23b2ed45750b44ccf5d8f8a9631b914ea5e7b987.mp3                    <=
23be0416f9ca0d8148a75b653cc07143939c2232.mp3                    <=
23c90326bfc211ae228a2985199d89c7fdb43929.mp3                    <=
23eaa3cb2086784ca0e5af6b22f466105e01a453.mp3                    <=
23f528320d31abe267857a76595457743a6171f0.mp3                    <=
240e8e15f1fdd5fe41ae664bc6fd960458640728.mp3                    <=
24272fd7d29e0b023ba02858648a280aa591473c.mp3                    <=
242c4c7e31edfbdf521da556a6698f4c06467a9f.mp3                    <=
243139b61d267a4a40ad880251690efdac85017b.mp3                    <=
24335121b17cdd3688a2bab70e557b586a556508.mp3                    <=
2434bafa2f07da47060636750d773e631ee0e0e2.mp3                    <=
243c8bfc683b7c0e61af1252f03cd21ab5f7d0f3.mp3                    <=
245032c7d0bf27eeda830bc61420889f7b4c7dae.mp3                    <=
2469bb34a87d7272338ac3e74b3e8fe498d3783c.mp3                    <=
24722281c1ed8b40046bc9dbaadb6bfaeef55f37.mp3                    <=
247dffa6d92b20d5c855e7b0c73af00d0d56517c.mp3                    <=
24950c182174107a0d7137499ba4707697594822.mp3                    <=
24abd472726fb8e312c84ff34f240188bbd3ac6e.mp3                    <=
24cfb4d305cbc41e3d33201ba4fc4941f6b6e136.mp3                    <=
24f5e8ac9cf53b4a0e0e2db18c08eb734451e241.mp3                    <=
2516e3684fae91981737a27fdd42578d40d5c193.mp3                    <=
252d46a179cebe8dcccfa7a08db62b4dfba98ec3.mp3                    <=
25923e9c3ed48bc603a4cf17b75335791d66c165.mp3                    <=
2594cc0731dfe95550e09edb590e4586411393dc.mp3                    <=
25a88c3e5ccfdb14b83a3ff0cbcf71a2adbf5a1d.mp3                    <=
25a8d3a7d8bcb31fb43f364f3d4bb135dd26000c.mp3                    <=
25aa594049b2248e88b933b0d989de61230be4c2.mp3                    <=
25c258e75660b8d9ab46d23ae6f8631905d81493.mp3                    <=
25d0ba61c1ee65fc9e76460e8a3f731acb4ed860.mp3                    <=
25d668cef90ab84fd372765a60bb9689ed4a958f.mp3                    <=
25d8d3f43abed699218b0fd201103aab48bfe0d2.mp3                    <=
25e2c22e6d7d052b153a17d77fc871aef141e230.mp3                    <=
25e70e609b0ec872bc005dcb6e74ce79f3e29564.mp3                    <=
25e93bb2c725a83cea5e6059b4a97c6e79e28fa8.mp3                    <=
26165719e630a4cf7a818d0e0900fd5def2d6a5a.mp3                    <=
262a1bba2401733268b6f526c3c0fbc312395e53.mp3                    <=
2641daa261785a4d4edb5804bdde4ab4f7dae531.mp3                    <=
264d94669e585cc6ebf11aadd427fdc2bef79e9b.mp3                    <=
2654d1daf8a4d3b93b84dbbaf96d8b5f76910d39.mp3                    <=
26640dadd2e6cd3f76e0701b2907dbe9775fe13b.mp3                    <=
26711638ec6b172ab8fae71cf2de7567fb82c117.mp3                    <=
2685c32f6d9aecbfc8cdab2a8f2849b38f1b3311.mp3                    <=
26a68b813e2280b708218d5432433f3d65db21cc.mp3                    <=
26b5f01c88cccb71e6f8d0a054211d5216d9d1a6.mp3                    <=
26bcbe28392c40584fcb9322ae703bac861b5ea1.mp3                    <=
26c6b808bf74d255ccb108cbb206c750bbabe260.mp3                    <=
26dcb937f81059d6211b43d925c9007cf20df63a.mp3                    <=
26ee50d6610b98bf035fe1c114d798bcd2aacaf8.mp3                    <=
26fb8801f2d8f648248afcdf4fab2340e95b9969.mp3                    <=
2703c4923468f9ead092e6e419e4625e22c38502.mp3                    <=
271e13985900eb5e0819e6eecc1c2779cf748b56.mp3                    <=
272e641623f7b80241ccb4d2b232c3b91403f723.mp3                    <=
272fe0e70d07195a6e0c951c6968775724521e2a.mp3                    <=
273891a68b0572e425be22517b33c65c48b98182.mp3                    <=
27488e76e14fa3f6b815d1d89f924733ddb63369.mp3                    <=
276c2b5145de77400f5d84d3f49c7c8506699c13.mp3                    <=
278519c71de8a92f3cee0689307e524019d12e05.mp3                    <=
278da926c8ab0f679a7a1d24307c4f2934f1d270.mp3                    <=
2796a0d1f44fc9662e4f3630014a35044d3cc04d.mp3                    <=
279d76a6c70f0ce85e187949ec0b9c2b0a2a7ee5.mp3                    <=
27a141aa5b057f675278e50f54e5c71dd44f5ce7.mp3                    <=
27c8b84ed2081c005f797507004ac5816d8028ab.mp3                    <=
27e29cc95ead270471ec4160592fd64904982974.mp3                    <=
282367ab3bd48b2eab901ecb675451899ed767b5.mp3                    <=
282bc487b84c1223886ae78e18ccee9de63227d6.mp3                    <=
282c62a43203d3923ef6b4ff5e4aa2bfb5f88c32.mp3                    <=
28336642eb64dd2c815ca6a3876838990d316ce0.mp3                    <=
284206967b10a5f86f64c1157064cee66e5957d5.mp3                    <=
28606a5a631636660215321b356e0852d801b8f7.mp3                    <=
2871ae1d998940507fd41cf23f491b0e0b15d11d.mp3                    <=
28953463735989b9714ec9c6c2b1001b9a44d964.mp3                    <=
28a722fddeff17f7d6d6b2a082cb6e08c7e0c1e2.mp3                    <=
28cde20b4268a5c2c8eba6804094e6925195bb82.mp3                    <=
28ce8b3224afc7085ab8781a3c89367b02c4d9be.mp3                    <=
28ddbdca397aa89492e549b0f7a7a862f718072c.mp3                    <=
28e6cc34358259f95b2bb89784e8f969a8e79caf.mp3                    <=
28ece45c90d7a9dd867ee6ea5653b7b19533dcee.mp3                    <=
28fe3baa2654178e3d2ceab5ca257a05502c973a.mp3                    <=
291f9fb7a8f802156a750c34ed9760ddb76c82ce.mp3                    <=
292b3e8b2af117b00dba679fe35e9ceb629e64a3.mp3                    <=
29311a9dca98a903f98b703585075c6a385ac996.mp3                    <=
293af6d38764bb289c07ffdb960d5090309673f5.mp3                    <=
293eaf6d8281128b9ca2ea43e751f070fe6734e7.mp3                    <=
294786a8412b41ee89e2384f6c2f89632116cc18.mp3                    <=
297ea597615dc898cc0b886927f8d3bae5f864f1.mp3                    <=
29993c6e515fb7b0f450dd081ea08241b558816a.mp3                    <=
29bec52b28895540240d9dba300cbf1d85f40b64.mp3                    <=
29c98e8ebca21731b087d078a89876a7ddbe3c0a.mp3                    <=
29e683caf8ca8de62e777d813a51b71627dae53f.mp3                    <=
2a098fbb51bc9859cd217a42890730ea65a1f577.mp3                    <=
2a12cafdecf6f280121c2089782be761bd8b3a21.mp3                    <=
2a41ec217625e0f6bac236addd20394ac54b433b.mp3                    <=
2a46eb457c946cff7c50e36cf29516f102a89903.mp3                    <=
2a6ea1a3e4221b1fefbbdba3092019deeaa103ee.mp3                    <=
2a8c0ea24dfe8561cadf45c485273e19be2aa240.mp3                    <=
2a900ed465e459ef48653f591ed00fec21e756fa.mp3                    <=
2a93a27caf31ed739886deb799a8604bdb990889.mp3                    <=
2a94a39367bccba02558e2faa0f7f55de06c8383.mp3                    <=
2a9f28e5438b3dda072bb17bd474632da05f502e.mp3                    <=
2aa273845bff76a62708c2bd8fb4d72a1d477223.mp3                    <=
2aad52f570490aafbe936eb60613007959071f29.mp3                    <=
2ab4f36fdf14b0bb4aca7e5d5a6ee25b3ef7ce60.mp3                    <=
2ab6857c18b2322389dc6fe715ffb2720d3d019e.mp3                    <=
2abe79e9cd5e575bcec89445710389a3c4e95094.mp3                    <=
2ac2b9424650ce5e06288426326ebc6e56bca671.mp3                    <=
2ac80f24a790a778fb3bc84594ba029707905e31.mp3                    <=
2acd7a36c719c53bd58699254cb4a0e0cf383aa4.mp3                    <=
2ad3c136f67e05fc0d1cacce9bd5ad3027777336.mp3                    <=
2ae020d1eeb97845ef48a4d3a9cc59330688d268.mp3                    <=
2ae155bb71cdf4abb36dc1402aab8492e84cc56d.mp3                    <=
2b05b187198f17b0c7b88a4ac17b480fc7485c0c.mp3                    <=
2b0e57f4b20c1cca416fb3a56c8d6a7d74a6c54b.mp3                    <=
2b14ae6c743d2b6d134072fcf0efc5423323fb3f.mp3                    <=
2b2167b03c7dc0db216d9d4df8ce9fe4b6acefa0.mp3                    <=
2b4d110e379b93ee8a0d8ad5ecaea2d18a3e7f68.mp3                    <=
2b86bba08e83f0bc5365be058be00cbb37bdc0d5.mp3                    <=
2b95f0143a30bc02024e4dfc8b889bd7761ef3c7.mp3                    <=
2bc712e9b4a87e3071d65b322af50a839fcf6e1d.mp3                    <=
2bd2b8806cfc251dbdb973ec686adb42e8faa6a1.mp3                    <=
2bedf63455fad0dc7b127823886e20fa0457580a.mp3                    <=
2c081e0c06eb22f657a7e5966b9e69e85c7f4c8f.mp3                    <=
2c171ac5547d1cb828b1be61d63bed4d9628c8a0.mp3                    <=
2c1a96ee234dcea732ca43d549419e41284ef0ca.mp3                    <=
2c33319198dd05b713564f2d376f269404c3455d.mp3                    <=
2c3c35e9f3c349b3702172b78a9c6d15394ec4f1.mp3                    <=
2c41e0b80d1e649966e3564a78a1f1ea238f0735.mp3                    <=
2c5571ff12395fe7711c6df4974c37c06f0abbab.mp3                    <=
2c6ee5734a0742d1ab8b51d01ef6c1ca403fab3a.mp3                    <=
2ca9f1a787219b68e8d4414da37a2fbb042d114f.mp3                    <=
2cc61339e789e7ba44ca809dce70f3730ede86ca.mp3                    <=
2ccac58487012f39721b4d1a954a8c4013f497af.mp3                    <=
2d1b8b7fc0e67e39f4f3f3de09fb08645013526a.mp3                    <=
2d2981977282753f84b7c525dadcae42c6b5b8ae.mp3                    <=
2d29abe0404ecf5f1a32988f85364e975ac252e0.mp3                    <=
2d2dea1411a3eb92e851a985b75db0d3134b0aea.mp3                    <=
2d43d2b23fbb57fa8f8b1108d07cafc6280eea86.mp3                    <=
2d7aea88b3b6271e5ebd96e5d1a25ac42350a97e.mp3                    <=
2d8be7b4be518b4a427031a13f8873c704231dcb.mp3                    <=
2d9d4c7d39954ef4f1cca7f0d04b5a3dcc1eb290.mp3                    <=
2d9fb8aaefae47a37d2abfe50aed7f9ec740bc0b.mp3                    <=
2dc869e5863008c70940f55f0715b435b0ed7723.mp3                    <=
2dcab32db89da15d7c5052d0e2c633c6171d17ee.mp3                    <=
2dd0b8831b25124753278a362470c1f5b6ab1a70.mp3                    <=
2dd70579f721de33854c5b0fc95e6ea9072dc854.mp3                    <=
2def8355f56c3518dfebc263337a41dc951e0901.mp3                    <=
2df8d2b4f72ff89ce286f5fa738a81b93e2e3cf2.mp3                    <=
2dffc4816de94f24a95a0c23c7d75a73004f3ed3.mp3                    <=
2e00f39154852af66eab08d3abcfbdb78135268e.mp3                    <=
2e0df2dcac8167efd3a0384f8a04a88e8254a02d.mp3                    <=
2e0dfe8aa3cc5666dc5eae4ec8b18ea72990e2f2.mp3                    <=
2e1a39ec45d157dc51b6787c7c8f570d3c0f9045.mp3                    <=
2e1c54e21713e3acfc5f39fd65af50307f595547.mp3                    <=
2e3e27da3997815aab181315ed7bae99d96ddce6.mp3                    <=
2e4cd0442ae364f548fbea0ccb961f0ff97651fc.mp3                    <=
2e5e5f2ce7e78110131e0c9f471e1fca7c839f29.mp3                    <=
2ea32d777af33ba81fef34d7d9baca01483551a3.mp3                    <=
2eb0766be99b2c3ba8e8b89354ea5029a6d06ee1.mp3                    <=
2eb2b4f91af31e700821911e9ece2223608984d5.mp3                    <=
2ed293a875c66d63eb71ae0057399cbc8fed8fa6.mp3                    <=
2ed965f6684034675c80b55e6e7a980f0980e70f.mp3                    <=
2edb940c4436c1208de3df373b7101ae92629b05.mp3                    <=
2ee22c0681a85b65c52a245b43d406719d93f2a0.mp3                    <=
2f0c57564f1b3b27047b0cd56ff489f007b7043d.mp3                    <=
2f1b635bfc38f4eec46cd426e5faa4661b0fced4.mp3                    <=
2f287ea79ef29964965f722f4734ea7630c19749.mp3                    <=
2f29ab89428dd4da657a21fb1d7a130cf468988e.mp3                    <=
2f3b416f04352d7bf30e6ad625d5a5da7b60f331.mp3                    <=
2f479f1c2875794efc50d68a60efb8a692d69ae1.mp3                    <=
2f50f5444071d7fc2627d75ecd9f8b3ca86d589e.mp3                    <=
2f879fae32b08b01d475935dd9fca26d1c0c3562.mp3                    <=
2f8820d42e3bede7845746275ca30921786deeb9.mp3                    <=
2f8e0d7851e711152c64f69d9fef1ba6b6415dc4.mp3                    <=
2fc769d8a1f033d426d9839847184a0ff34f7a77.mp3                    <=
2fc8744f5e4b00231ea3046fc215b5b678fec9ae.mp3                    <=
2ffd54372efd2c1791702f437ca403b3b1197d89.mp3                    <=
300d6a763daec59d6b4574930521bd8e4352c9c4.mp3                    <=
3019a4a3d24a1e48dc3eb0fc7dd2399180297e66.mp3                    <=
301c9eda03fe191c671d330fc828e9b32f9ce217.mp3                    <=
30275be06acfa941486d1f6bfcc9a4a72cafbc9e.mp3                    <=
30292ea03f60cbb3761a58ea0b4032c3264eaea8.mp3                    <=
3050b60734eb639de5512c924844eb74971680c0.mp3                    <=
3063caadd5ef8756b1df630adf0030144df2286f.mp3                    <=
3076c263a929203c7f2e323fb2d5376a700bb564.mp3                    <=
307ce767ce6b65eee4ac6fee7d2b07e7a4ccf3bd.mp3                    <=
308642d514ba83d115416628164dba12bdd65954.mp3                    <=
30bc1cad92acea990a1231952a57c2f628bfe632.mp3                    <=
30c7f7a08b7c3891770e510cad4f6e15c3a1eb9e.mp3                    <=
30cac71345ff9dcfb904b2a23bd3cd0661003c67.mp3                    <=
30e2a39673b4aaa1140435585343f1d32a1eb259.mp3                    <=
311eb55fe07af39d797c5c5194101da6cc30135f.mp3                    <=
31284675e95a269f63c5ec1f4bed487fe826eaec.mp3                    <=
312f95cf206e8cca7fa252321072e9fa928ec4b1.mp3                    <=
313952962a1173b0dfe4028146784079a5fe4487.mp3                    <=
316a3b917197b81fa91b4da40674e03125885981.mp3                    <=
31be66b5a440e874d2ca31a9c339aa8805a10a00.mp3                    <=
31bfd36155488471beb2f9bffd1fc9dceace29f8.mp3                    <=
31c0b10c97c0821b2d72bd5c216e9d415eb0ae38.mp3                    <=
31c4a76a53eb091f1c9b4c10e23e7c7b610ecdb0.mp3                    <=
3201854f043f87a07e5bfdf054dab12acce3e1cb.mp3                    <=
3203a49cbf1eb26ae63e19aa427b2b25bba28268.mp3                    <=
321cd70c6a809551e503dad5c49badb52f63e645.mp3                    <=
32235f5c31af6b05b8944d64f98767da68905916.mp3                    <=
322b80fa56bc7e3ef5dd08da7d3aa03e6d786140.mp3                    <=
322e5a69e498d570dd9482669ba9f5c25199cd80.mp3                    <=
32310a611662720b822e9299dfb26036d8e64f45.mp3                    <=
32315181773056d245b2aafc5f5bef778dc4b8c0.mp3                    <=
3231ef40b57ec4ca0835b970c2a24a67ab710e88.mp3                    <=
3234917b58cce653a05f5826b6996122d72bab58.mp3                    <=
323995f69db7cce1fe6b0cda3de82526fc0ee788.mp3                    <=
3240ab01db1f933ea4e823afa5bf6b87a71389f3.mp3                    <=
325db49f5b70dceddfd4925fa4f70d6acd8b4ccf.mp3                    <=
326671843269e0e4b815d4377f1e32e49a527e03.mp3                    <=
3298a534d3055ceedd45b21fdef15a489eda6136.mp3                    <=
329c3814832b4b3b7133c3957f5a191029d875ab.mp3                    <=
32a8149c6cdc4756a10eb18cacb46194bc93f23f.mp3                    <=
32aa28d7f9b8d719d78a229b20c917eec4f22b1d.mp3                    <=
32af85add8024748e57dd9b1c7bfc5a86c6c64a7.mp3                    <=
32c042b33ff6bdfbef9c60d5681b1080b4005b7c.mp3                    <=
32d54eef0aa767a06b7ea0397b452dd195007a0e.mp3                    <=
32dc912a54b24772fbaaa6f584fe31ac31d5ca9d.mp3                    <=
331d74f10e6975a2e4fab7375b95c0252c675d0a.mp3                    <=
3332aa6da0f2f7a8993c47b88c72563caf0d97b4.mp3                    <=
3352d18c0477aeb8ae3f039c455aab3cdc76c167.mp3                    <=
3354dc21def11290d20d02f4488e9ba5ee5304d8.mp3                    <=
3368561d3828764e5520cd1408da4f9408ea45f2.mp3                    <=
336a0e61f484af0a7d23b42b8c856aa1ca78bcb5.mp3                    <=
3378995f9855d77f99dcf0eb06ab6b1b935570c3.mp3                    <=
337a595b404c0b25478ba6f14e279e1ecaa3767c.mp3                    <=
338aedd30966ee64ad208382e6bf189394f1690c.mp3                    <=
33ac38cd781db1d077fea6023b2dbc8c6c39f432.mp3                    <=
33b6b772e548ed50b62e393691c52aed7b17c220.mp3                    <=
33c279de3935fb3f90f538d74051cd28cdb2725d.mp3                    <=
33cc1c79ac50dc53618134b7f15a553f544385e9.mp3                    <=
33e034620e8a670ae6ec83bcd0885a43ff1122e0.mp3                    <=
33e57bdacd8c13383c86e1f10bbd3e810d016546.mp3                    <=
33e975ca578940b0900f30851eabc0659562d186.mp3                    <=
340aa2c8fbb8d620f6488942c604ee59bca45a5c.mp3                    <=
340c7aa48a1e16602c0e5a3f45e38791f75b8531.mp3                    <=
340d768cb25bda46aba590b8a8ed34d60fc9b727.mp3                    <=
3422dae762698d5cc37d1ceef541927f70dc5284.mp3                    <=
34301d31ffca697bdf60d419c3d08a658f908d23.mp3                    <=
344f64d55ba6e7096ec8ffd90ca1f8b311f13a7a.mp3                    <=
3457d4ea1fab91572fbfae3da00f7a91b6bc1cdc.mp3                    <=
34593f13faf228ed1ad6d87c59c9353785c53911.mp3                    <=
345955105395e8baad4b61b985c9d3a8d7ffcb26.mp3                    <=
346b8dd1b9167135c4fb1d55b03f253583e1013d.mp3                    <=
3470d9ce4de8242053ead7f338e5005f0d3f5f44.mp3                    <=
3472be3022540761d299aec48191434fb176a6bb.mp3                    <=
3480988d5ee19ce83614ed1ce05a31f025273426.mp3                    <=
348770b7ab0ee481b7fef8c2f56c068392136b3f.mp3                    <=
348e11b5c289a78c07e2f8692868eef3c8e74af1.mp3                    <=
349b0772871c04aa8cd792a7050a7e3e266c77a1.mp3                    <=
34ae5c5df12f554de499d99996688f3abb9d3839.mp3                    <=
34bb8f0550a919ead5af14c63feb022a3990d9de.mp3                    <=
34c7c7422a5dc8d9c456bb80c69dbabc7f30a3ce.mp3                    <=
34e1582c799f64e3bff0ad6882280a030d63282d.mp3                    <=
35113478fe87ab798608158f6e57ee8c5f0f7792.mp3                    <=
35488a43b1e233790bb1dc301b3776b00e499977.mp3                    <=
358a0493fa4cc735534248eceb7452b8b9efc461.mp3                    <=
3592b9bfc9107bc728a4491bf87037fa7ee621f8.mp3                    <=
359a9e88b0fc611ef65083c3c99032ece6ef5531.mp3                    <=
35a5f58baf4293af10bd2c30389d65fe9d8240c5.mp3                    <=
35a8d8c036ee66e4b560a811df6d2dab596431c0.mp3                    <=
35b39f537e2db71e31e272e48ba86c3236db6078.mp3                    <=
35d36913c4c04b9050e383e83e00820af229ca6e.mp3                    <=
35dc006e8e2cc23c76c4799b13e2717415eaadfb.mp3                    <=
361a5411c8cd277775df6b8ac0936e95a96841cf.mp3                    <=
363e8239d9813f24c6929291445652f93739374e.mp3                    <=
364b62236a9492f506251ff7d67188c1e43a4dad.mp3                    <=
364f08d071255216975cb152a053f5062fbae50b.mp3                    <=
3657ead56e6418fc7f465c24f2418b2d16abb262.mp3                    <=
366d3b7ffb122aed38fbe3f2b2ad1dfb960dfe7b.mp3                    <=
3695cf8f02a5c62c1e6881ae017073f009984c32.mp3                    <=
36a215e06789e1b2a99e9f1f59284648d407f74d.mp3                    <=
36e1b479302ebdee138cbe8dfd302b761f196ab4.mp3                    <=
36e1f4abb438d4d42fe1604902f2d70d0e0b375b.mp3                    <=
36eb4aab6d630568d92fff4f2c751b9560e22923.mp3                    <=
371f20eced251e40b55924dd4ae738af462a3ae9.mp3                    <=
372c0de96313b7866f1a3ed05be69f54d4f62f5a.mp3                    <=
375283b54d7018a68102c3c167deca0712c35662.mp3                    <=
3752ee4b0a4b2590627464ffb6c8675e2700674c.mp3                    <=
378cb2b9c9534299f6d6cee6b45ecfc2dd8c09a5.mp3                    <=
379766e54b26a26c629e0ea591365b73111efd2d.mp3                    <=
37b07d98ba4e0130d4fc71eef75e95c878f235c2.mp3                    <=
37c7152b24708bf07f6faa77b4c5f6fdc42312e3.mp3                    <=
37db9f3a33026c0f80f24788bcdef85dd44c474e.mp3                    <=
37ff298cb03a07a828aa2700c9f5da10c08cf21a.mp3                    <=
3806e2665387d5546083967d8449e6ead271466d.mp3                    <=
380d92cd7590e6083c0ff6a9166f302d828b5ca9.mp3                    <=
380f0d97a945dd643ac7eb0b274e27c5e8a6e841.mp3                    <=
38215dbf9ad8efac90c8b2e9a343958f13d14a3e.mp3                    <=
382f8efcc6036b058afe1179bf9d43748b1fcfe7.mp3                    <=
38563e928c7b0c6eac510c469c967031be5db4cb.mp3                    <=
388665f5bdfafded5dbd0411696745c3da3d7534.mp3                    <=
388ac6aadacef68e6648020f7780cdf8450162d7.mp3                    <=
38a55b0a5c50e9289133f156dcf04b20b74b3c5e.mp3                    <=
38a6a99223bfb0ef5f679e2681d01a42d142a096.mp3                    <=
38bb1b883edb0e0232c5f4f95e5239ff08197264.mp3                    <=
38e5d44e82e7011874344d840925a6fa977af747.mp3                    <=
38f4396e4e1cc87809e123652a6b383789feed86.mp3                    <=
38fb4c145653d84487b416a1ecc7a0d8d178f3c5.mp3                    <=
39126faaba7177a7076370e0559b0d97abb93ac8.mp3                    <=
391c3c461d9e2765b25b8cdb56ed445a38ad27ba.mp3                    <=
3949a797557afbe2303739aa0801908203abe996.mp3                    <=
394a9094e7c6d70125fdac6e618d06d6ea2b6c69.mp3                    <=
3950b390fb9e722927a9a829076f82581b5f60f6.mp3                    <=
3964fee0e72c26fbd3584c2b9baaf55bde85f1e8.mp3                    <=
396b529672c70a3e629d8db0364abbdcb356bc14.mp3                    <=
3998175f8b887f1b05cba366457ba604298f02c8.mp3                    <=
399b487c1cf4cdf37e1476b160d2267cb3ae2279.mp3                    <=
39b582b96c581dc5fd526730cbfa8a6d61e3e6d6.mp3                    <=
39c2acd7b09c44340035ecf919e78dbd13392dfd.mp3                    <=
39cee2a4079fe7756e554f262fc843316cd2fb1a.mp3                    <=
39d37c7e56fc12c8164e5b911805cf45e96ddb57.mp3                    <=
39d598a5d16525c61375cfdf198189ebfa66467c.mp3                    <=
39e33ccedc0bfb04edb78e0ee813f38d38cd2c75.mp3                    <=
39f91b46c658bf44d1753a93c09d0a8262812dd1.mp3                    <=
3a06d496970f6f02d088efe0c88d2f3978348f26.mp3                    <=
3a0ccf398a113d052e4f4c6989e2a32d91bb8e71.mp3                    <=
3a0cf3e99e904074f3e27e2cff67f2a265766b66.mp3                    <=
3a16346d215b7d16241ebfcd978487788806c6a7.mp3                    <=
3a2f4b746b5851204f2764500736a77a3c004546.mp3                    <=
3a410aa01a1b6fa1901b2cf8cc02daf47a9fb9cb.mp3                    <=
3a4bad923428e4ca21e1fbead8963776eeb698d1.mp3                    <=
3a59753fe576d9381c066e3dfa75be20c33b65e5.mp3                    <=
3a59b324d6d4b499a0a04dfad4bdfa22e33ea864.mp3                    <=
3a759b695b3d5c6924fa422db9aca1281e1f8f92.mp3                    <=
3a8688e58e2247240de8adcdc74ff354626fb9a4.mp3                    <=
3a8863348449b6a4d54316bfd7f9eb4763ddc34e.mp3                    <=
3a9d8d2032bad95061304538303f962fddfa4af5.mp3                    <=
3a9dbb7cf312a4d6924f0edb9ec90481ac6d2c3a.mp3                    <=
3aa63dac809de1bde825d0ee1d4b5305bb9b8098.mp3                    <=
3aaab827a937742b01cad1d4244f345f5030f18e.mp3                    <=
3ab3620e29b9087a3f17f4c4a9c061bb5f4c0e15.mp3                    <=
3ab378013050cef84e52981f69db0b82f2ea6c6a.mp3                    <=
3abdc9e68b13434da40932e9440519caf17bf5e5.mp3                    <=
3ada2eecea421b91f94f41f7b199990462b26c53.mp3                    <=
3ae8266957298a898e265e9e0007f77d261287a9.mp3                    <=
3b0023acac10b0eef5f198992adcd40356d3208f.mp3                    <=
3b1dbe0a1f7d6d03be652b3c40e8b8b1d49ba818.mp3                    <=
3b348804062a34e86b80563420f5d0d755e41d52.mp3                    <=
3b4eb5f90f54b75818f1ba119871cf5523f8ae6e.mp3                    <=
3b5fcaa77a3fd238a8d7e97788b5254dd524ac87.mp3                    <=
3b71a11126fd7779f3be66898ad8beb100dd9bb1.mp3                    <=
3b7314ca2560a6f04251f7b3188f66042f232f17.mp3                    <=
3b736d708e74fb5086547e3f87cd4f8f3c04b961.mp3                    <=
3b7aa7e75b52d497af959b3feef9b121481ae25a.mp3                    <=
3b969e2acc7a552edc54056c7c2e3d98060c3a9c.mp3                    <=
3baa91a285bbadba1ea5a0d98bb0a07e371d51e8.mp3                    <=
3bba4f670978c7fa2cd435051a9658fefa8b0a2f.mp3                    <=
3bbb4dcc1437c84f3628ab660cccb589623a91eb.mp3                    <=
3bc1bf84e912721f392a68df139debf735463aef.mp3                    <=
3bd737c9ceeb29c61895f01aa878fc69bb170a4c.mp3                    <=
3be9e1fbd93da42180b5f928d3dc530f888f1540.mp3                    <=
3beb81172ae14db68d641277c10a022288588df9.mp3                    <=
3c1c9fffa95166b89a86d23e0b41534ba59b6d84.mp3                    <=
3c205d5f42d14f75d1c45705b42cab23bcd264e9.mp3                    <=
3c27daa4a1961c542c7a8da5c815e7418c8de338.mp3                    <=
3c2fd71bbedaef4e71224fc65d0e301aee00118b.mp3                    <=
3c319054c332df9094abb03fcb18778386c59f05.mp3                    <=
3c3776ad826865c26a9d4ca3e3ed1c5c7aca6807.mp3                    <=
3c3db150bedb6e8690b584f30e81b2dc7453bc11.mp3                    <=
3c47a4121ad4c7c6be11b0bc2fecef2c8d852c13.mp3                    <=
3c545fee13dfe7eaafaee316653a1f56ed16fe07.mp3                    <=
3c70294791040c598c676688bbde8c211efc5b0c.mp3                    <=
3cc7b0f22fe70ff0bfad1b79dbdc55aa6ed82ec8.mp3                    <=
3d0ec614623326de1f62321f6a7077b671160cb7.mp3                    <=
3d16329dbf91c4f55816fce3ab1257813f07ba85.mp3                    <=
3d1eace31ed4de0ffefbfb70a90f27ffc52ac630.mp3                    <=
3d24d6a253d79f7fe82f23a4ddd21ea12253d501.mp3                    <=
3d37cd1656768258e9ca6c9af0e0de8478d7424d.mp3                    <=
3d3e6b9584dfada17fb6b5419dacefb04e82528d.mp3                    <=
3d408f145931846d3f87e17ca0c63ad5791936eb.mp3                    <=
3d412fa8f966324f4f7cb5d93801d280a7e5542e.mp3                    <=
3d4c7c6961ca5ec68dd5397d83c27b7f6116bba5.mp3                    <=
3d6189ea30b7bcffa5780f1e21e1f02623ac61ab.mp3                    <=
3d67d1c0bcbf8247ce6c30bd147349d10e1a02ec.mp3                    <=
3d697be9bfc31ce677580cd628b86483dfe6e6a2.mp3                    <=
3d8eef702db2ff3e457ceb877c281e53ef1ab4ae.mp3                    <=
3d9cfeff7071f3aa2b4ca92db3b393e4c814f9e3.mp3                    <=
3db318246f10d0cb212f975f781537138764c6aa.mp3                    <=
3dba932f3f43cf04041a301b432c6764886ddff5.mp3                    <=
3dbd1bcecf03f94ed37e5a1bfa64d4b65e6ab3b9.mp3                    <=
3de1df74abd17770384f33a3715a99bdec110ae2.mp3                    <=
3de57619369fd5c47116072c589a70bd9208fe06.mp3                    <=
3debaff52ef93ebbe516f73ee760c99a79d606ab.mp3                    <=
3df0035b79c1a4abcab1ad96ce500141da888cab.mp3                    <=
3df1efc33693990d405fc7f39f974bf70dc75048.mp3                    <=
3dfe1264dff99426420d2457b65be7ac983737e1.mp3                    <=
3e0a5fc22c38e353c28de3f7147eb4fa8d3dfa94.mp3                    <=
3e167d72de8cf2c11695da1f553a08469b831c4c.mp3                    <=
3e28f975aee9251c454388a24fc1c217ae96221d.mp3                    <=
3e2f2f8b29b3dd518aafa09b4ea324a20f69e14b.mp3                    <=
3e424c8f8a68cb5937e04e77eb4f169ce63e2d2c.mp3                    <=
3e4658f5a58f42409c7d855974cb91c1416c0760.mp3                    <=
3e471bcba2abec356fbe97585db9ee559e96ec81.mp3                    <=
3e530e6c244ef5e5c2048d59a18aeea6f8f2265e.mp3                    <=
3e69da65c7ee8c93dae77aa46f3e612ccaf52fc6.mp3                    <=
3e7baf60ec7cd3c7de9aca2e8022163635912675.mp3                    <=
3e8598f54462f892118f9d5dc835257fa3d1763c.mp3                    <=
3ead3b0a566c9ba6684e61d41b81f673dbbe723b.mp3                    <=
3eaf74fdbf0e92370ba572789b768f5987d52ea1.mp3                    <=
3ebad8f295615717d1dca4124ebb76cdf90435aa.mp3                    <=
3ec1c1551f6ec2e2d16244c4e03ca9f019d209b0.mp3                    <=
3ec5012536e073a4c090bf0c8b587ef2f71ce241.mp3                    <=
3ec647106dc3a7c4797a57d4a8b0a006b856f8f2.mp3                    <=
3ed23a6985bd37f5b09c417dbff7267c9be15708.mp3                    <=
3ef4382d34692318054f28a0671a5bacafb25f98.mp3                    <=
3ef7e360710eadf6d9962e571c525276deea0e0a.mp3                    <=
3f15ff0621671ab06c9547ba07d146a092661ce5.mp3                    <=
3f1dd111b5c146bd08116a7d18f226adbe672e79.mp3                    <=
3f2443e8a904abce2de1b22b774a48eaf7c9222e.mp3                    <=
3f2d8ece00a645a246ab7460cf61738ad49c553a.mp3                    <=
3f2e5c0090894e28fd9f0dca344442059cf260f9.mp3                    <=
3f2edf125c344f1077dd1b220614b3afa62cdf53.mp3                    <=
3f344da3d42014f0145d822ebe79cbea653dade8.mp3                    <=
3f4e9d77b8ba18b516679367c930af0dae310b61.mp3                    <=
3f65b10305951229bb914a72002db6973f2be8ef.mp3                    <=
3f68215d34cdf676df93624fff60dc192b837062.mp3                    <=
3f68f23af838fa090371c53f0586a057f6b57661.mp3                    <=
3f9b0c914a3fe5955277e367afc359c1af73721b.mp3                    <=
3fab4701697526ddafc305a27e802344552ffb73.mp3                    <=
3fb34778b7abd6e3c12be53d9b7f3cef99aa3f87.mp3                    <=
3fd4a31852e7b967f8c67c75975b43738928bf30.mp3                    <=
3fdf8f5a1751a9aeeb8f03fb4c8bda07ab1a95ef.mp3                    <=
3fe2f33f1186d21454705a752446c970f3efc175.mp3                    <=
3fe8074c5641447c2400d0aadb39c69f1993c44d.mp3                    <=
3fea67382537f9f5cfe0409379dbb5676e5828c5.mp3                    <=
3ffe073862d219e505a22c2806dfbeba028cb5a8.mp3                    <=
40102984265270d0998d738cac0c9a016e8e2706.mp3                    <=
4017781ad7a056c685dec745b21de3b02c5e070d.mp3                    <=
403be2156e9b7f6b7a6334152f33c325068ba849.mp3                    <=
404cff70f62c38a7b8ebfb49ed32d73024fca520.mp3                    <=
405778433290d45e140dc27e2eca7cc0179f481b.mp3                    <=
40621a5e15cb0bf3db756bffb00342854b7ef99d.mp3                    <=
40688587afa1ddda2c668193343c027a934ac5b2.mp3                    <=
407be6c1174a386ed292ef72367fa5d3e60ca4cd.mp3                    <=
408ea34a496b668f6aa85169b46d6a7297975e20.mp3                    <=
40928caca863eb9d0a2b0c1c7cb59b5b7b27882a.mp3                    <=
409b1f4e3cd74f0c932862b7f0200d1bff40e1bd.mp3                    <=
409f02146b7fccd4ee2f25f7787563d6f63f8156.mp3                    <=
40f11ae4edcc053a23809c19e060000484c0d992.mp3                    <=
40f8f6214bf7b903e0b2cca5b188116c499ebe16.mp3                    <=
40fbd3c782cbb9052b5aa9003807c946f6c1ed60.mp3                    <=
40ff6b06066df11668b64aae553e1918b5b5ebcf.mp3                    <=
411623d2d7ad264d56587b636cede7991c1925b8.mp3                    <=
413120032c98943fdff68e90e1a32581a5e24d52.mp3                    <=
4141235c9e9221798c22b4c0f5621bee02a04385.mp3                    <=
4154e9cbfccc11b45ae683063d870c35c27c79bd.mp3                    <=
41623b772f168f34f2dc527af3d0fb1402f873ab.mp3                    <=
418c5213704c3554711674fb678d36b581431459.mp3                    <=
41aec833130576c760eab380eb6997b8f8afcaab.mp3                    <=
41afb375bcef1bbe87d902c94a747a120752d9cc.mp3                    <=
41b220136a79b0b10cf1bdaa95b3aca7297c68f9.mp3                    <=
41b76c7661e60498b6f4764fa64f79443bdf5014.mp3                    <=
41d9e1bb2b6fac5dc709786b85b7b6d534168dc0.mp3                    <=
41f2c54217763fd7a8178a747c153bd751a9f470.mp3                    <=
41f845f67c004c21a974ad33fe2879eea2c3c8fe.mp3                    <=
420f96b1e55e462592019906d303c02a4eafc7cc.mp3                    <=
4218cecc6897d40ae7d485d3ecea165dc3e381c9.mp3                    <=
42456ad35a5128498deaf0f125a39e8e1f075b01.mp3                    <=
42628215c583a3e88e04d4f454d9aa554570d235.mp3                    <=
4264e64c9eba0662649d20d4765d6cceca03e853.mp3                    <=
426af062ee324d76f55ae48c0c6f6c1aef80eaf1.mp3                    <=
42a28c1055b83ee6bf4e4053dab71853721f63aa.mp3                    <=
42af1994e86797d0a3df3649a686b9d847667b48.mp3                    <=
42cbe24d244221bbd4efb3f2436703e4e5ca42d0.mp3                    <=
42d8d201646cc25aa0e17cb4754bc088b0ae108b.mp3                    <=
42dff71e19920b35db6badd38718393c2fcc0eff.mp3                    <=
43072547385482de1ef18d8b874820d27e436578.mp3                    <=
4309c125a6cc0a526e2782becc2f3e139f949705.mp3                    <=
433443b0b1cff16c54ead727db52b8c206221b37.mp3                    <=
4336ecf52a6bf728811be4c48000bd805e8a13e6.mp3                    <=
4342d181cbd6d346f047332689b9a6b2048b980c.mp3                    <=
434a50a7860ec70cd1acd167a7a19f04f194635c.mp3                    <=
43529842c27f3be47eded6c0228ba8a4095cef3f.mp3                    <=
4383685e1f4bd1342b87780f9e545ba17e03206c.mp3                    <=
4389b7a702e407dd19a556467935f3bc4a3c6c64.mp3                    <=
438cfdd58c0e0b318c08ad34f3e76c087a964611.mp3                    <=
43a6208e6d5f8a48893107cb31489c5fb7ca32e9.mp3                    <=
43cbe118a67fb4ec4d8408b55a7f68510366c12c.mp3                    <=
43d6a2a553777b53c7e7c3811f7c3b713fc1ba5e.mp3                    <=
43ed7d0db11283e3df89f5825498aecef63178a2.mp3                    <=
43ed86bed9298098217ed8e33c0e506ece5fbe70.mp3                    <=
43feaa872983921fd4c5f19b0d24907aec401ebc.mp3                    <=
440d40ba6732ba57fe71d6581995e6bbdae2dcb4.mp3                    <=
440f16089da8eecc58a32e69b5f53d6b8a1b1a64.mp3                    <=
441bd38d98705cfd19c78318f46abda79540275a.mp3                    <=
4422a6a9414a44685f2065e705048afa3b180b46.mp3                    <=
442f4aa2c3a0f77f2f48f3efff495a7b5ea6e5b8.mp3                    <=
4451baeb183349543892fed6aae59b4558e6f344.mp3                    <=
4464fd599819f5360997d04d1f7d6780f95b7ac6.mp3                    <=
448a761aa8003308a7fd21b99d92ea202b3ee2e1.mp3                    <=
44a3b0e6e99edd132e2154682e1113a28b70956b.mp3                    <=
44ac084fcff956951659560dcceba537b6dd43d8.mp3                    <=
44b11b33dbc2f1c1bc948ce2c6d70d663ccfd9b4.mp3                    <=
44ef1f4b53e680dffdd30f279530ff5981171633.mp3                    <=
4515be5d17728c006ba8172c1b8b22ecad771a11.mp3                    <=
45164a1e5f563bf48f094be82978e002592210dd.mp3                    <=
451801c1c29a6a97fa8eddee8689c5096ec4fa7f.mp3                    <=
4521b6782f0264464aa610b676c9f0fcc5bdce77.mp3                    <=
4525dd42a94c2ce4e329ebf3e6fb5bf0cd44415d.mp3                    <=
45292cc56dcc9a3686b5d53b83a96fda3bcf99ea.mp3                    <=
453943b10ceb142f1a16a5d2f2b44c145d41dbd6.mp3                    <=
45400b2bf0ad6fffda91f3017f56252b3797a284.mp3                    <=
4547c456beb7fab98e4f43b97a6d632460816f6e.mp3                    <=
4547f7600b4ddfa151d48ba083bed0af7aa95aa0.mp3                    <=
454eeb58fb9e030d3c5b5fd37065c184a7398bcc.mp3                    <=
45505ff4f1d21d6aaf1869a9e2ea6b33abd0ec44.mp3                    <=
45641b32bf9c8939cf1941c32d93558bce127827.mp3                    <=
45950b74466030cdc26c7001f9ff121dea2bfafe.mp3                    <=
45951acf2a5e780b99b7b7b1f1f3979e80f2e1fc.mp3                    <=
459b1c391c72c17f147544ded6960b8fa69ece7c.mp3                    <=
45a08f58a68b0e8acd699838ea172da3f53923a5.mp3                    <=
45a23aac0415e57377149e4bfa4120d906daff49.mp3                    <=
45ab52ad7e6005ba9121cac3ddcf5669bf01dd92.mp3                    <=
45c40ff57932838abe678f74d791adf4522b3730.mp3                    <=
45e6dbddafad3888897b66e2f643fb77d9b48e13.mp3                    <=
45ebbaa11bba5393a633a04083342ae40d06da6b.mp3                    <=
4604d39facbc73ca5e18cf26095e3af727b84e50.mp3                    <=
4609286eaf3fd953917c42895a64765b54f32eb8.mp3                    <=
461d3a6cdfe336d4eb9de9a9fa04203971679853.mp3                    <=
461e54b28d624b4e16546532ff13e271c72efe8a.mp3                    <=
4620ef52fea55b81d369e48fa66e50282a0f8236.mp3                    <=
463da7ecdf919e6baf3ce7f180faafcd0ae330de.mp3                    <=
4646b59999b45834ea5116acffc07a55ec5bd125.mp3                    <=
466acd30d2fb423009dece81b677124959fd0277.mp3                    <=
4679185009073f546e4e59f6379100edd32675c0.mp3                    <=
46ad31ca0d7f46c06a6469fc1f6a71fe15b13a9d.mp3                    <=
46c490d9fcfb424f35070372176f12c8c561468c.mp3                    <=
46cadb563a5bd8085703282fe3e23be832e77cf0.mp3                    <=
470fd17d6946f51bfca2fb2ab2e4271f64ff9b96.mp3                    <=
4714ae6bd88e52fc436313c894f29aedd2940dc5.mp3                    <=
4714ef3f3068f3684ca694b9e000f445865e40a2.mp3                    <=
471ef757647a38542a32550a0fb50b4f7ce0e4e0.mp3                    <=
4742c8393c11f25cdaba66047243dd8aa5d03d78.mp3                    <=
476783217befd00ba1103945485ab808a465d509.mp3                    <=
477d14aff0a504174f1b8e00a8877c5bcdfc0414.mp3                    <=
47869fcea56f994751fa3b68d51833dc7c7bf024.mp3                    <=
4792cb6d116507919f5e12dc98a8d3192eefb50d.mp3                    <=
47a87e4b660c06c0ce8ddf744ec534096eb3e1e7.mp3                    <=
47c32806f00e0768638892d9d762b2d3daa4d152.mp3                    <=
47d88002401cd62d8572ea8c455251a0b23c1bf3.mp3                    <=
47da8b84e958d382701663ead1af2dc25d5d5168.mp3                    <=
47e9b45d6e62f161be48b5b4ae22342121e228dd.mp3                    <=
47f9eede62197e14f236afbdec81d4345c7505c2.mp3                    <=
480e42c5eb4a87831029a738c0da2774c3bbceab.mp3                    <=
482189d144a24e65ca2674200d8064969decd256.mp3                    <=
4824a6bc0b07a3938f5d4387a90cfeb215afa2dc.mp3                    <=
483268a4f57d540536e60a5536c9a2d3fb64bee4.mp3                    <=
483ae374e306cb376256bd336b0935def1a422f6.mp3                    <=
4846adecf47fcb2a6ede08bd08780ba0b0b04a00.mp3                    <=
4849f567e0f473ca32c10fcdd0ed363e7b370dda.mp3                    <=
484cdb421bbaf81375941d9b6016c4df9eb2d137.mp3                    <=
48648d34d2187fd393086a8eb2b0d688827f65cb.mp3                    <=
4864c6299e512f2bf32a317520bb04c2c1a20609.mp3                    <=
4877adb32444f6214cfa1a4bfad6d015ec5ff362.mp3                    <=
48e29299e88a71c4aceecf123e959ea77c61b7c9.mp3                    <=
493bacc34f687411eda4259fd121cfd16c33d1e6.mp3                    <=
497d3dbe8c4e3b52afccd466fe1d0f90174f5804.mp3                    <=
499e1a67a3669aff0727969192b4cdda6f2ce8c3.mp3                    <=
499ef8b853001354c0b69d27e58fb32631e6aaa0.mp3                    <=
49a6fdda56eb9cf4f821f4e05a90c50071548dde.mp3                    <=
49a7849529e0c2aac67acdcc509fab67ce06b685.mp3                    <=
49cc0b5763a37e227e89efc97aa280913f63c09a.mp3                    <=
49e70e535c281a8d828370e26652ac498d49a300.mp3                    <=
49f9314628f38a5ccd370f039bbb7c88b1b50b70.mp3                    <=
4a03e6e64a5c2aed30bf3d5783c6ffb42da9ea72.mp3                    <=
4a0d633c38c8a2f6595c3daf217a25da03f10b2b.mp3                    <=
4a147c1e94fd9c0c1a470dba215e413c54b9b9a0.mp3                    <=
4a227b8e0ee35180e3be783a652662012db25208.mp3                    <=
4a3d919e20934ecb1a4b2413efacb71999231a9a.mp3                    <=
4a406357511ab3be09db786b639bf90ab8433c2e.mp3                    <=
4a43793ee93545832daa2080766eeef58a180ba1.mp3                    <=
4a695dfcb0207a06862c9ffb59fec00601c74147.mp3                    <=
4a71a5a3ce173abfb7fe54a795f60da90a2f2913.mp3                    <=
4a8fc5bc06dabd83872d0fd2fcbbf18a3a0b4faa.mp3                    <=
4a97912dceb5262e7004824cb6b9ee8d186f8468.mp3                    <=
4a98b18a3d721a94d4bf4949dd62cead9c8f041e.mp3                    <=
4aaef593c91342d076aedafd5157ba3b345f4f94.mp3                    <=
4ab283d297035e42378a713057a0d2209bd9e6eb.mp3                    <=
4ac04a84f17b85aee7ab79c97ef97cfbcf885944.mp3                    <=
4accca259390d8c58473ed2c7bd5868599fec51d.mp3                    <=
4ad2768a03e1f9ec00379d3ece28057f912194df.mp3                    <=
4adda349d16c6960d6412138d08c8f7edce9d655.mp3                    <=
4ae4e8df61b921cc2793226f13d855eaca3998bf.mp3                    <=
4ae93bf415b042372646e46919268e7745aba090.mp3                    <=
4af635f559e8321906ed3d55d3b9535479c8a804.mp3                    <=
4b094e7447e1619de7eae27b72e133ea5964d02d.mp3                    <=
4b12b4372f88ec1276e1029d937ae62cce0f143b.mp3                    <=
4b1b5a06014e5d4f7a6771696eca0340bda0cd8d.mp3                    <=
4b1d550cb5f25e0956f7f1f845077958860cdffa.mp3                    <=
4b30a8b1dffd2c3e376816d2c2e741cf8b659e04.mp3                    <=
4b6963197e6a0fc4a45a303e2edfd674a1fb320e.mp3                    <=
4b83219b48b5d5cd7a702ddf9fb933dd170dadb8.mp3                    <=
4b86e994726815b18d3b421d41f27308af91acb7.mp3                    <=
4b8951893d1daacabc6018b4fb0397a61d1ca2ff.mp3                    <=
4b8e5eefb3d40b598bc481b237723483935da7bf.mp3                    <=
4b91ff6a0991e692c649e8c407e24cc3caacb8d3.mp3                    <=
4ba4cfdabf2422d9362205157dcf2a72b0c87385.mp3                    <=
4ba89bb19d1a6acdf01beeffed6e23f343d3ecc5.mp3                    <=
4bcf1ec02cb1ae0519455c15f9cd3c8f5c1e7e37.mp3                    <=
4be0c1e3a5804bca80e0933a8ee2c7a13b31a682.mp3                    <=
4be22a3cec7239ef010ae82b8e354133756b31f3.mp3                    <=
4be2a964d27e35e44d4dd16d0f9ab60bcde79d5f.mp3                    <=
4be8e78bed9fda7daff4219fc829f15956504a39.mp3                    <=
4bed59a811d903f2440f88d6b78c7eb1b2e9e15d.mp3                    <=
4bf98123ebe0d345ac5425ca88d3fe2af245785e.mp3                    <=
4c019282e796b6bbbccf9caacb05fc656d60e141.mp3                    <=
4c11cd1604710e94968071cca68a3ae47cc462ae.mp3                    <=
4c19350c547a910af2772a038c7ca6eade0ae3b6.mp3                    <=
4c295f24f0c460579be5d747edc02af91f8d0dd7.mp3                    <=
4c5592d5d89b6eb164aa100210d278cfb3c47fa5.mp3                    <=
4c66c32e667ddec83b7841ac66b714b24855c2f9.mp3                    <=
4c7d13a02f4600812d0123debb4542b6c8a4b6c8.mp3                    <=
4ca946d73d0e636dba210c365b6912f8d1593853.mp3                    <=
4cd0b79e1d6099d95c327622b1181d339e9b8503.mp3                    <=
4cd4aa37e576d4a68e74bbca41067006d4709d59.mp3                    <=
4cd50485d8b9d4f1aea783ee71aa094eb1073cea.mp3                    <=
4cd69baf6e90c86f646fde15394a57fe5a68cc13.mp3                    <=
4cd7bc87cb7889b44da06de31bb5100f2f47ca56.mp3                    <=
4ced8b400006598e07509f5d69a3ff5bace86dec.mp3                    <=
4cee988dc4f734ccb6febce0b38903ad0d944955.mp3                    <=
4cf1f77548d3a0888024ce800d9507fd51532c04.mp3                    <=
4cf56e957282d83c4b153a3a8bc8983bcf57ef44.mp3                    <=
4d072188e975d8a24dc8862a3ad929dcb97ba230.mp3                    <=
4d17cdc496a8da09224707d3aa70d896a47f6de9.mp3                    <=
4d3a8c5e7b8b23df4a985852468102d47d6a23cc.mp3                    <=
4d4833efb0d277114578b666b28a0443fb19ae3b.mp3                    <=
4d4aa832bd59073d892e3450af2979acb3dc4f94.mp3                    <=
4d594d6ac56b6305dad81cb1b731a0ad2c8cdaaf.mp3                    <=
4d59ba977381a3952dfe04785ebfccb165d8c14f.mp3                    <=
4d694d62e2114683bfdff5102fc1ae7556d8c2da.mp3                    <=
4da200dd5aa1c2b1fceb83e90726dd639c74fe5d.mp3                    <=
4da841e5f66d96e12d1eef4874d8872016571315.mp3                    <=
4dcaf279b283790260162b29d4a27483bfcef6d2.mp3                    <=
4dcc80663cb7f8bd8b9ed7e086befac0a64e3482.mp3                    <=
4dcfc515a73b0fd57aeaa1c4d8a07b60765dfa6c.mp3                    <=
4dd7dda96a9143a5699e68a1d29c22e0309f5b0e.mp3                    <=
4de8bc04a68ddd07be319e83b1accfd5ee94a2ab.mp3                    <=
4decc91dbdd060a6bfc1e640bfc7452b79d924b4.mp3                    <=
4dfb703515246ccb29d2ab174463006b45ded9b0.mp3                    <=
4e1b6f4abe39401ac3b5bdfad62d7fc826c43e2d.mp3                    <=
4e3028bb9829d22e0cd58814ecd2970aa2bbde4e.mp3                    <=
4e415a000a47674b94e4663b869d83137dcbde04.mp3                    <=
4e5290b8b94a6a66a4518c8323095b09f502a936.mp3                    <=
4e63a426692105b14be91f3c4f7ef0818488b125.mp3                    <=
4e95b3f33bb576f196ef3692b1023b3bd28cb848.mp3                    <=
4ea68f94a05b5d9ff6e76c08cd28449e752b245f.mp3                    <=
4eb5264b3276241948d3833b37315409956d399b.mp3                    <=
4eb73e95ab4d382ed844aef230dd59c8ff674379.mp3                    <=
4ec5ca1bde0ec8b7428c846e94d083d8102dc6de.mp3                    <=
4eda4e057ac4f8da74f96c0fbe1dd1a81a9cf24d.mp3                    <=
4ef19ef2b63b1df151940726e66016486b08b44c.mp3                    <=
4ef1ae9b75f12a34955faedc8cd17d9e76fa27ad.mp3                    <=
4f1e8c0c5d52a723790fecffd69ec07402b5e786.mp3                    <=
4f21973f96f9f872fd5ecc7ef96f653a72bd6967.mp3                    <=
4f2dc1f50d965ab15113c016b7553ab245d2f6c0.mp3                    <=
4f3090d0aa392086c1648c551d6bf0c489263d9f.mp3                    <=
4f3172c2d13447951d87ea45744332f53e43852e.mp3                    <=
4f4d046a9782dd85427b9b01242910e380aba8cd.mp3                    <=
4f64a03b1452303533fb9c2a8c68ef57c8e75f8e.mp3                    <=
4f72a4d2cfc3beb2b475a2101acc06b1ed6c6cc5.mp3                    <=
4f7951f05c3bd37ea878f3ddac1318cf30c1ef2a.mp3                    <=
4f8501d25d3950a92f058e6201041e7d8e5567c4.mp3                    <=
4f99ca02eb33be73dbf489d97a318037f0e268ac.mp3                    <=
4fbd47b6b0969ba9e15136297e91376c68f23c4d.mp3                    <=
4fdceda6ae5e33bca7524658ddade8fb69dc695b.mp3                    <=
4fe2bbcabaa91cf793b5707df7804c206340716c.mp3                    <=
4fecdbe907f8b8d1268decc97e11eafa61335d3b.mp3                    <=
50386a02265484f95e4787ea0879b06e290bdfb0.mp3                    <=
504fc91c1ecb83e8e1343680e193b5eb8c39c5c3.mp3                    <=
506225050127f6f036ec8ec42d24ebd5646ea710.mp3                    <=
5084ce18256e6d4d1038193ceb41fb61771804de.mp3                    <=
50907ff45dec6d42e468ce7da860e86c85eaca65.mp3                    <=
50928fa572986e8e1ad9ef3db005e8ea376e74a8.mp3                    <=
509c059c46cfe09ddf0243add6e6721dbd6f9acb.mp3                    <=
50c7d41f6b751b525a6a4e47aea2c2b3d0c2d6c9.mp3                    <=
50d32f429c7a0ac93bf72f6b5ff3098482757653.mp3                    <=
50d6a68f81095377e8a4c4cd805f741706b6db47.mp3                    <=
50e23ad00018bd9a98c0f81976612bef6f334011.mp3                    <=
50e38633e175ff395cded80e046511f2b66ec996.mp3                    <=
50ede56d0969f54c4b0ee38a95d5454532fee989.mp3                    <=
50fe176050df4cb41b38e9fb0e2d7b01d0b0590d.mp3                    <=
512a3052cbabfb692ecce5cf18ead3be0d4e2186.mp3                    <=
513c7b976dd8a9f8a019749a5843d96c4b7b6d5f.mp3                    <=
5164b60c0a8beda5d74f0a0af43a7d2e4908f8d0.mp3                    <=
51708f783db7db6daeab6bbdff66f3bb91bbe2fe.mp3                    <=
51760efc3046de2d462010685b0684a743819661.mp3                    <=
518cbf8daa6fcda799c52b422c11fdfd83a903df.mp3                    <=
519306436261d01e01c01f25a128872bdee9dd1a.mp3                    <=
5195a05c9891fbfbff8af574e20eeb7204ae00d0.mp3                    <=
519fcf5dda0f484681a3b442cda53a42f2d0fe77.mp3                    <=
51b0e810392ec87127b024751a09137e3b2f2663.mp3                    <=
51c6b6826c0af7c16c7172c84005e3734019451a.mp3                    <=
51c997420b8a5dfc8ce12b5092444050aeb50ae2.mp3                    <=
51d4be30f28b8577fc4d02e2f56cf457f5daae6b.mp3                    <=
51efad7a964e91c34365bc8f997626572215e949.mp3                    <=
51f8e4095e87fae6c4b48796982c890d758616f9.mp3                    <=
520ef6af3559ab4d9567686fdbe84ba975a1a271.mp3                    <=
523d8288e9e6a6fec11d82dea66b035e24a94d7e.mp3                    <=
523e8ebe5085818d3f917f368b84c582c4519590.mp3                    <=
525a86030eb246875c28a8b56486e3eabbf94091.mp3                    <=
526ec62d338451e9ac13ce117ce7ce2a11deaa3d.mp3                    <=
5270f2cd2ecb6e2164ae8da47a34a68d93e88fee.mp3                    <=
528914254843e3f61defde43ba8e8e1a9d535f83.mp3                    <=
529bb480103618e57c606471c2d4d7ae6332f99f.mp3                    <=
52ae7b33efc97ebc51c97da03576cf7b7bfbab8c.mp3                    <=
52b322cf8c4145ea964eca7647f0fdc754533534.mp3                    <=
52bbc33368868c1f95ce35ad527ba9b42077194c.mp3                    <=
52cfd75e05fc9b664cec429204eec7095db43d86.mp3                    <=
52d2c3020551851d4b1ba16857b5a76ac7c625d7.mp3                    <=
52d6f0f03bf3597dd908bfeb729602c64a16b163.mp3                    <=
52e532bc9fcccf5109a6215284355b32a1a30d02.mp3                    <=
52ee424c3448e83bafee1a29ce418ba2ce675378.mp3                    <=
5304d90621214b334701fc882c2425cceffeab73.mp3                    <=
53196689d8610cb764498f3dfe02c0d85e161a1b.mp3                    <=
532ddc2ac680c5bc60ec03b2d029c60058b73fee.mp3                    <=
534008d0bbcc27f0fa31d48746ea41a28c8f8942.mp3                    <=
534be97c7849e74217204c735fd749e8312d96cf.mp3                    <=
535976f656a8617ad7e7cfe7a7f681bc4a168cd9.mp3                    <=
535f70c50ce06f60dd4cbb801d1e2c1717dec713.mp3                    <=
5366be0cde92482f2cfcca6410219c1c878de83c.mp3                    <=
53690eca5a94311dafaacc6e33fd816c970e782a.mp3                    <=
537297dcba4e4d9a8c0476d97b3c0b33eb2c9a06.mp3                    <=
537f66ed77b1caf74fcb62023692599803fbed6a.mp3                    <=
539194bb77a7ec243997cf4468024012132b35d4.mp3                    <=
53aa2fe791e2f4075b5e5c3ef126e63ea680afdb.mp3                    <=
53e72c6b9e4b0f14b721aef55f9aa6347cac39ff.mp3                    <=
53f16bf1c7e513f5e013c1e1e7771cf8d431f2f4.mp3                    <=
53f95e123ee9240de5c2bff9500c062a4d11f1d4.mp3                    <=
540276c2f177683adafe9e6e1fe2e284f8699377.mp3                    <=
54046c4d4b780b0d1dca0c2848075c2ae64ebfde.mp3                    <=
541ecca645c4b84d9b26230babba6746b9502aa3.mp3                    <=
544357f7f44137ee31648de9298df52cbd6afb91.mp3                    <=
544f099d36ce7b2d965af4b4e70dbfa9f3541e60.mp3                    <=
5451616e32185c129b226af5747e7d8974f88d05.mp3                    <=
5457b3e6828da9524c04f2be03faee18e001bbb9.mp3                    <=
5462fc428c9c4c3af52413db7a1a12282ee85d60.mp3                    <=
5473881ab3319b10f50e5c55504e1b22daee111b.mp3                    <=
54762cf461fafa9c7b224b9ba11024712f62a62b.mp3                    <=
547d211ff0260edfd00cba731f245f26d76c1f66.mp3                    <=
549e3acc292ac081bb2c6d9b9b8dc683d033e77a.mp3                    <=
54bead40e7ea323a9a5f20e22d83345976a63724.mp3                    <=
54e7184b5f0002a243566cc2c93cdd2ed6f65717.mp3                    <=
54eae8935c4c30af270247469c6f1c70d39875bf.mp3                    <=
54eeba11f0814685de5a628852319edc0dabed06.mp3                    <=
551222b0a448d09475ad7cb5cbb94935b4a90ca4.mp3                    <=
551b4ba4345192120b3b05364b241f771dfe1048.mp3                    <=
551da7b5f8109f5f7a08e3caa758af7d8230a0a4.mp3                    <=
55279045e942b1b6bfe1048eec6111c095ee8006.mp3                    <=
55359bf4802770c31c513e6b844211f659d35c38.mp3                    <=
553a463eb2dca41b6d29b3598784d33cd6b7edda.mp3                    <=
55487afa8b8b31fac9e9a5a1ec661f91a51a0ce9.mp3                    <=
557256c395f00b5be2124d950eedc3d9055bacb3.mp3                    <=
557a4d351dfbe42dd6e063d8c2d2f2cd90be0d08.mp3                    <=
5583a37ba23c114fddec243ec1738253029fb8d7.mp3                    <=
558aedf7c06a8944c1253aa4070ca15519a9f4cf.mp3                    <=
559282dfd21e051264d01fd0a6fe34317ac87274.mp3                    <=
55c052b97d1dfe6fb7d3818535813b5865d842b0.mp3                    <=
55c7ba27f6fb64c614320e31a4302cc8fe8cb4a0.mp3                    <=
55cc69f6ddfffdd88329be02693be50308f56d11.mp3                    <=
55ce375bf89e1d7e81ad9b54ff7551a7dbfc6b45.mp3                    <=
55ceaeabf06157a7edd29cf1897cbbd849694295.mp3                    <=
55d0e4866dc709597d5a3827ecc7517bc7e76c5f.mp3                    <=
55da48fa6ffeaa7ea99441bf7f735b1deb22b354.mp3                    <=
55eac3f6c760ebdde60f867e4672ceedac55b299.mp3                    <=
55f197fa940b1b0e3a3abbcaf05d0b0a2db4f8b9.mp3                    <=
55ff5ec83bedba90f3e6075b151294b0d055fda1.mp3                    <=
55ff70b46ff715d02c1b9763a1c0cf0734366a23.mp3                    <=
560d0b40d2a9a64f61f2e9191843fd5561a470bc.mp3                    <=
5612f2d0e39fcd5036c27faca6b35a1568ba93f1.mp3                    <=
561b5a3f2a4560fe84523c4950a724c7414aec3e.mp3                    <=
561ffca20dae7a3dac866b224c10ba4996429118.mp3                    <=
5620a1120fc8e5843de533e03742076f762972ca.mp3                    <=
56486bb1802235223f0dc0719256cfaa6cfae091.mp3                    <=
56a80ceab7f94a4fb3a231746b67bc5274905fd0.mp3                    <=
56a83a3d6088378f1c2d668e37c2bb566092ac59.mp3                    <=
56b86c3c4d0727c243f45efabc36e6dba08b5be0.mp3                    <=
56be4401a064c0da68c573f75f6e7398f9faa8b7.mp3                    <=
56f36983de16590eec97fd51569e8e8b8ec14fee.mp3                    <=
57019ca530feb5640599dcbad2e92f5cac32f413.mp3                    <=
570e2398fdc1c6066474c36944d93d088169f0ef.mp3                    <=
5716e7512c94e47ace0a6e7e86e075dbcc1395c6.mp3                    <=
572eebc41142fa7d287d0f4a2013fbfae0efaf84.mp3                    <=
5734c32e88c9e4210442e664e4b42f751ed138c3.mp3                    <=
57673e26fe4364d2d57f0285783f93defa5b3257.mp3                    <=
576b10c9f11df0048e0d483761cfd6b8c41af984.mp3                    <=
5790e094fb4a60169ed86b8d7807994877587041.mp3                    <=
57bd5c7ac148d22c823557e48efb2e177a111a74.mp3                    <=
57d73c4a3b6493482e5459f0920e61a718df1258.mp3                    <=
5804c0b5e452c3a14683439b6c5b5aeaf867d99e.mp3                    <=
58384d716dad541c73fa34c1492cb6bfd13cb722.mp3                    <=
5845203b1d67b41402f029aba332643395785ff3.mp3                    <=
5846f7ca889086344ed4c55fbe04a3e6681547e6.mp3                    <=
585151f3cb9d37528e62b53828ecd11c0dca149c.mp3                    <=
585b202379e998348f80ebd1bc8ae9e97b9f1761.mp3                    <=
585dbf215275e2602140170ad57daf092206c7b2.mp3                    <=
58613e746dda91ccdd21336f8f88684787466df8.mp3                    <=
58741b6695c4d3bad42e0c389b873179ebea9e10.mp3                    <=
5878381e6395be3cad20cec60107078de3e7e3e3.mp3                    <=
589624571ec6b2a346e9af4dde2e5e429ced2fec.mp3                    <=
589b938fdb127ce47fd0f7683d5c07fc7872d724.mp3                    <=
589db7ac48324c3f79eaa43b01bb5887b33041ff.mp3                    <=
589decd9669895c385d63124c93e94a48f54ef22.mp3                    <=
58c001d6067453a2e9ccd6162e75818f3d0e751f.mp3                    <=
58e24cf5d9907705051a78c37859b78f97b6053a.mp3                    <=
59004eda9c1d8faea4552e276c80c4c2a2dc8473.mp3                    <=
590e28901a5c68cf2b519e94b9ad4823597ede7f.mp3                    <=
590ea0cf63ccd4a4061e69d9a34188e700c1203b.mp3                    <=
5913e26c89f0361a80d437948d33b1978e3db25a.mp3                    <=
59186bd07d4bdf230279cd0cf55f1ac2b8cd9340.mp3                    <=
5923534d2bac447e7dcb7094300036861d283159.mp3                    <=
5928e0699c021af34c177c0a9e802b930c47a2ad.mp3                    <=
594487d42580ab9efa14153ad411879edbefcd6a.mp3                    <=
594abbbdc7d266fa988e3b3df8a3e1ea1f827f05.mp3                    <=
596221c42761a1b408c35694e75f5e4c4f236daa.mp3                    <=
5962ae77c6da0a6a259274e88addb3fe43976f4b.mp3                    <=
59755068efd85e334dd80ecfdbe8c4120635296b.mp3                    <=
597a5b4f6229c32229f54d23c7a98748f34616f6.mp3                    <=
597af0ebbde227f4199e4746b4e541049d3a8f22.mp3                    <=
598f5074f350fbeeb1a3fef672741719b49991f4.mp3                    <=
59c4527005d5e9aef7954ce31c1be3c3a641c202.mp3                    <=
59d29f1038e4b230ecba4e53141b7537ee506a9b.mp3                    <=
59d49ba5372362af9c56e2435c73b638d4fed23f.mp3                    <=
59daf77d0acd578f950cf82af729c07cebb60a76.mp3                    <=
59f2af2a7994ad5fd671eb092cc00f0f92d14e1a.mp3                    <=
59f940375d7d4932ffb4fb37ac61964b41f016f4.mp3                    <=
5a1137c0981ccaae6e84ecd1983dd37eb047bed4.mp3                    <=
5a139ea9229f265db1aec07e910b6a464dc3aceb.mp3                    <=
5a13a4e732c5488932ad68c77f34c06dfe929fe0.mp3                    <=
5a2998c6fe3a82ae151f1d177a52f6d9fe9ca78b.mp3                    <=
5a4004ea2cfb61bf9adb78179b77c2817cfb1674.mp3                    <=
5a466b83123800d7c2f3c9e6cc0efcaaf1352ebd.mp3                    <=
5a55a1987eb2e3039d3764bf22d44c3940033ba9.mp3                    <=
5a719c1f1ea387f305c7711c7930b395f06079c1.mp3                    <=
5a87101aca580e371097193c5e402ded1436a7f0.mp3                    <=
5a8b907e3cee289655926144484e5bc9da42978f.mp3                    <=
5a8bd3e35217c6407d50b08335926495ae0e1b4a.mp3                    <=
5a9627d883841b5c7ee863821913cb797638df11.mp3                    <=
5a98ee223df48b7ab63121d905366ff160f9695f.mp3                    <=
5a9b66bb3cee8091771d91eb0324364730ee2777.mp3                    <=
5aa4ffaedc7bd79a9f53cc171302cf6345d45d10.mp3                    <=
5aa70e62ef64f51d53d16b9d667ad677ab4bd45b.mp3                    <=
5ac646e9f97b4c2ba8b3e0d503c2247b5c2d4ee1.mp3                    <=
5acfc83c6121f46acc7a1ba82d187b88bbcef344.mp3                    <=
5aeabc3882ea969584f3de0caa772fec37392053.mp3                    <=
5af24061cc7636e24afd850e5782370a0918dff1.mp3                    <=
5b1f0a566b580a40a1b2d7f0f07ad5cf8b435a02.mp3                    <=
5b2d7a91fdcb6efb07cebaa19872b3efd039bf02.mp3                    <=
5b30ebcd0585bf2b52e35eee1cc0424e899f3b07.mp3                    <=
5b36711124ebe95be105d566b58675c2972a19c6.mp3                    <=
5b511de4ffb162d6ffb6b34aa961622a1c4a62fc.mp3                    <=
5b52b8264b77765384f6105daf4256fc32d4e01d.mp3                    <=
5b6aca7dba1cc3c1eb77688f859a5705ed440426.mp3                    <=
5b968a04f66bd361bc284f3f88090c4f186ea27b.mp3                    <=
5b9b04558f8df7a5641a48bacba6694b2bb91e78.mp3                    <=
5bb143145d410c107ddc8d0068ddec2a57ec8200.mp3                    <=
5bb678fcf5ab36088ef7f380cf5ba402572b23a6.mp3                    <=
5bbcc97d63babf6f73cdbc7601d44fd32963a683.mp3                    <=
5bc832bacc6ad599d88949d109245a0c51fcaa11.mp3                    <=
5bd0e0407aaab7d57bf7b702c7b37f609738101c.mp3                    <=
5bee6e7052c51399d8f8137462ab5c679d1627eb.mp3                    <=
5c0a8b866e4a37a70921fbd53ad49c59c43deb19.mp3                    <=
5c483d0848a322a9cf37dceef8e2477e5698c7aa.mp3                    <=
5c4b6ddfd7f8f8dd51d46edf1dc5bb21cecd049e.mp3                    <=
5c54d5fb81d3a20ed81a21c84274a6ff26016ada.mp3                    <=
5c83b0a32d40c1280e22a3d35f6dee0bfe33759f.mp3                    <=
5c8652bd2b600eba051b4f0308e4022bf6573cd4.mp3                    <=
5c90aa999adad5282929c2f3a4dc3f3667fb0e3d.mp3                    <=
5cacbec4dfbdb0b21ae139077954d7f5738c7560.mp3                    <=
5cb3635b6e1fec8f9c28df6db4c136f55b7409b0.mp3                    <=
5cc489287d4206ff5705ad4ba1bcf68b1cb3165a.mp3                    <=
5cc992631a2878b5537800a892db5de7178bd9de.mp3                    <=
5cddc11e2b8191271cc60dc006de23d761eba5a0.mp3                    <=
5ce8aa508e8b827059659cfe7c089b4ee7d3da48.mp3                    <=
5ceacf1ce220cac69826c1c85f9ce52f1b37c32e.mp3                    <=
5d040b4ba9fa7d17977023bab4908f0244498c48.mp3                    <=
5d3ed12856715b5f872d8fd22f07317713d83fdb.mp3                    <=
5d423cd72dc851ec32da5be1b63dabfbb802c97f.mp3                    <=
5d495885c17c915a3310cb2b5ace8a3ea9f6d64a.mp3                    <=
5d67923f97b821a52eea76c2af458fa4d2aa5de4.mp3                    <=
5d8cc5ec5ced7964783ea62761e6fcc00ffb1cdd.mp3                    <=
5d9e5ed185c6ead549ba1a113354a5264fde19df.mp3                    <=
5db2ec839ca7cd13ea870146f86cba4a2355abb5.mp3                    <=
5dca47150d172f81e5cc641b181395b9c75d36de.mp3                    <=
5dcc6ee00e40b7d6e62676377d2862dd510adbb5.mp3                    <=
5e097d42c8604c83d1faee5a4a044623019c8fbf.mp3                    <=
5e2e0b3be9184cb6cd1e2f19ddf3b49e9a61e08b.mp3                    <=
5e2e6061fe1152e9a1fb4c222ebfdc0042cf91bc.mp3                    <=
5e36a801e00ff5e130b7c456b70455e8666904aa.mp3                    <=
5e3ae49088ac5c2e143fd5452e7a0dbbd63c4536.mp3                    <=
5e50d1d518458b7bda4e3fc2d929dd4959d7b542.mp3                    <=
5e97fbad990aa9e1f348b8f4e0c776f460d24d97.mp3                    <=
5e9818fe81f1378f28448fd86281e4d619607304.mp3                    <=
5eae4496650844fb8ed02faa9ee5a1623bea34d5.mp3                    <=
5ebbeecae47c913e6a157a2f04ca3caa64196bca.mp3                    <=
5ecf756f0386287f77200b2f1538b65e24736700.mp3                    <=
5edce372e0fa49ea3d2d2c210d85e3ef2da15447.mp3                    <=
5eea0d622f34fff402d34cb15e4febad15745bc4.mp3                    <=
5f0a44235ccc78611042e218481ee0dece3ffd62.mp3                    <=
5f1932574b6d5f498e03a41aa3c8eddf0079c39a.mp3                    <=
5f2808de939179121ba02b441e473aa49ddb3973.mp3                    <=
5f2bfa9575ef561bd2f47e478bf3b44dfb0dc455.mp3                    <=
5f408f8de3f6edfa44cdc13eb2400cec4c304d5b.mp3                    <=
5f4c5837bb3579b9cf05d04df17d8ffd842f67da.mp3                    <=
5f5be7512a80292cd0a37f3ddfac2b7a829da4e3.mp3                    <=
5f9981ef5a16608a1c7cc28e711d55d96805b521.mp3                    <=
5fddcaf0aefcc34f5f88688941a7124184c3eb8f.mp3                    <=
600cc3220cf7eaea709f7d90fdcb5e6244ccd570.mp3                    <=
60132576ef2f99aca3f26a9f77a37a327bebe8fa.mp3                    <=
601b151a15f65c43e10b4e3dd0caca3bce4c4083.mp3                    <=
6028a1688183e57bda2518ab25528ee17dd2c418.mp3                    <=
604c3caf06d043720dafaed9607e962a558aa807.mp3                    <=
605ab24ce515e6d573d8241c068a788a17244aea.mp3                    <=
606ec829e63dffbe28e547092af4ea3e6bef9bc5.mp3                    <=
607f6146460092481d3011de5507cea7626e4e29.mp3                    <=
608123860d710f784f90f399b04f322f9321dec6.mp3                    <=
60a2462432852cefd80e8c27354d546e9d63d9ea.mp3                    <=
60e8b1feefd390d2be193a9656f8788da8b3d356.mp3                    <=
60f6302b22aad38136e850cda009d42a55b563c6.mp3                    <=
61155c7763eeb482b5e417c49806cff2bd15dfe1.mp3                    <=
611c87dec611b17d899f76be7b2e53df15418127.mp3                    <=
612a8d6a1e3519c33ed9bd3dd203ce0240311ca0.mp3                    <=
6140ab4f6220b6edcb75a134baad0e2d6eb3fd72.mp3                    <=
6141942f81797cb9509d96a6e985f6b9981fcff7.mp3                    <=
6165e84d5507be26c459ee89009fee043db104d0.mp3                    <=
6170a4c06f2867b06b678f09b6cfebed3dabda25.mp3                    <=
617fd0576e22f4fc385723ba4df2274551d6d3e2.mp3                    <=
61a16144009ad7f9ca492ef33a9057792a05f1ea.mp3                    <=
61a255778790afc3d638ba5be33e34edeee64339.mp3                    <=
61a5634be499c2b1ad22334225eb4c16899319b7.mp3                    <=
61baf4476b844579ed34a1c73c8660ea0ab8b399.mp3                    <=
61bee92bc6a4044202af6947c55e1f8f4c19613a.mp3                    <=
61bf86dd00ba6eeb70907d1f0f94204592dd0bc7.mp3                    <=
61c0c158ead4ab79315bc34027e2a5a1fac6b2fc.mp3                    <=
61c81a91656a26f79d321a8eef9e9738dd05c77a.mp3                    <=
61d507d00906c6c951e202eb71d665c8c1f67669.mp3                    <=
61e0748e53f8f977ef9549eb37cfe26dd6da97e1.mp3                    <=
61e4ad2c3157b8d2b643372b98e0a3a5f375c57a.mp3                    <=
622046f6184f44ae30f181944fe95f1507518161.mp3                    <=
622239efb0780153414d5627d5e934a99b043dd5.mp3                    <=
624088679e5365ae67605be5db9018a8becefd78.mp3                    <=
624cdd009d43d5fe6c0f2dfbeabc899b49515f2b.mp3                    <=
6255f4fcd512af8d23381d52f56a2595cb5b2c1d.mp3                    <=
626730c40c8f08f245f243599ec0834f3f772167.mp3                    <=
626e73b1bed6f3e5371145acbfb07b838881c28e.mp3                    <=
627c1c8b49d7256f548db89088c6c0527b45e261.mp3                    <=
62865aeb4019928f6db5c79526b2549ec5624bf3.mp3                    <=
628f6e0086e0e4c441fb6a00f7dcae56996f39bf.mp3                    <=
6297a919c285d6e76c9434782b2fef469915d809.mp3                    <=
629b5f2f064d7e3204f9ce4a0ca22cb954cc8f72.mp3                    <=
62a029ed6d990862aaa3978679e9e7eb6fbd3d0b.mp3                    <=
62bd9884c2e92a43c608d52f6338baadbf7b2b74.mp3                    <=
62c777316d761936b2f7e85ff48c327700f1c46c.mp3                    <=
62c95f2550fe4af0ae4e50d978e65aee36057299.mp3                    <=
62ca61f74f15a4f282a77b83a88c4b5ec2bf12da.mp3                    <=
62d4314407e2831971bd460d5c138e9119d5e719.mp3                    <=
62e54a41c0ef693a6933bf2e4c359af141b00f19.mp3                    <=
62ef6c506ed0e726bb8c3be6f2dc6d1fdb5a9542.mp3                    <=
62f7020d364d997db6102bd85c4c413ff5f7b78c.mp3                    <=
633e2b0caf11c510039a68be8004731db0650cb4.mp3                    <=
638a7ef5f032e879e4a18a45b77cba999d5cc368.mp3                    <=
638dbe358c7c5e1362590f7329ebfed1dd17d8d2.mp3                    <=
639bccec3931be6af179bcf565c7f520fa9b9576.mp3                    <=
63a1fb10e00cb920c0c5cc219d02791e29e734db.mp3                    <=
63ae6583ab4c77f8dbfe5cbbc6d01bbf0d870e7e.mp3                    <=
63bd6226ab0f7e150744ffede5748e8cf437d358.mp3                    <=
63cc7a55c4dca960e63870d8e3a946f8f9f12f6b.mp3                    <=
63f057e6b78474318c0c4e66614a1f1210826598.mp3                    <=
63f233a93a4ea71bfbccd09dff2b4ae94bf2211b.mp3                    <=
63f8ff160c7cff425f449b23340b1b63a94f7361.mp3                    <=
63ffa99d29b7adeca999004d8adead24dd0a1790.mp3                    <=
6401c1a139eaa5e9b2e71274cbde66e86fee5c30.mp3                    <=
64033222e16f9f42b039158e9ed48bd8a9a14c32.mp3                    <=
6411b074566b6951cf1ec738e6c342594a316a66.mp3                    <=
642702bc4037d4b30b7902690fc7da1aa385ab70.mp3                    <=
643fa7c83ffe9269b998b03ae0c0e9f517dccbe1.mp3                    <=
64461679aef0d677cb4f9d8395f7837ec06bfee4.mp3                    <=
6462252fad8366a17e8acada2a32cce42fabd081.mp3                    <=
646438bb380e5d52d82adb7f04ba91eabfc250cc.mp3                    <=
646bda811e1a4ac78b2426330af147fc723e5a76.mp3                    <=
6476ffb8b9d82635f13138dbd2bdf036d0363b0a.mp3                    <=
647cf154b2cbd889eb177df3a77d792ce4d61d15.mp3                    <=
6482ed7fcc71479b64c536eacef982abaaf34b41.mp3                    <=
648dcdfa9baacf4ad7f6829c491833bbaa4accb1.mp3                    <=
64905df004efea9cfa5af67d602fb638f3dca7c8.mp3                    <=
6490d3b88660d982833a776cce06395c43a07e14.mp3                    <=
6498056222cba31b5bb68da180977323bf9ff218.mp3                    <=
64a11e1dcb43d7298a72f1143bccd5a35ea69089.mp3                    <=
64a47db95bcd3b26c93319e27561a8b4c664a98f.mp3                    <=
64b6227aa4418a558a1b208f0f6d58f532016a36.mp3                    <=
64bdaa8ed85d55d511dea6baee07d7c1ed3ce02a.mp3                    <=
64f08c39650c596fb7eb39eb17c60cac8e3769b1.mp3                    <=
6526aea24afea5f8bc505873d6b6254dc613f02a.mp3                    <=
654658d66666714d48d24d2229dae2186d349f4d.mp3                    <=
6546e60bd37dbc440396cea3ab6245e51be1e949.mp3                    <=
654e0615e839ab3ea4f1c49435d949baac9de7fa.mp3                    <=
6551f4abfbc32cd49c3d56a725c63dfd63004a5e.mp3                    <=
65571d088f3d236edc66ea8744554414b84ee47c.mp3                    <=
65839089278165ca5f59e86f858a83f6d2bc5622.mp3                    <=
658c60a2599f3ba22be4f52d07e39b3d0f29686b.mp3                    <=
658e9324234be2afb6e55ef62740f6132e039516.mp3                    <=
6592991a9290dfca2a501117e74358517e8962c6.mp3                    <=
659652906dd09b0fdc21161f992d51985ab7f103.mp3                    <=
65a387c53e540e09cf63d02c0fda9b4b8503ae4a.mp3                    <=
65a7917fe1d459ae462f76f5362b1dd5405c0364.mp3                    <=
65d153b95d29e109166ecc9f1a3244e45bad5b7d.mp3                    <=
65d51c8afb5a130ad640d4d7f08904342ae5981d.mp3                    <=
65e657f8729a0853559a135d1f9a168600b114a5.mp3                    <=
65f138057356bc31a974bd56151f9d0ad4ea56c3.mp3                    <=
65fefdf7516076bc00c21627f774b05a29a3c57e.mp3                    <=
663bdc790212710e24e1e7544caf92511a8346b0.mp3                    <=
664d74bf0b6397297fcbbc7b586061fdfc7224a0.mp3                    <=
665bbd81e4cc1c0b0be25b9568e98449fa4245fe.mp3                    <=
666690f12094e9364ca78fea2a6fd918468f916a.mp3                    <=
666db9d7d2ac6136fec62619fcd36bc3f56b0d74.mp3                    <=
667c0d6e96205fa58524eaee1c884fb961f7e67e.mp3                    <=
66925b075c4632a30391dce4e597f73dfd7b1c45.mp3                    <=
669b8f508b232fc60a1a468fcc90e10428a787f4.mp3                    <=
669fccf94021825e8768dccf515f122b8f645038.mp3                    <=
66a84df016fb704b4b5719725c138a4a546e8850.mp3                    <=
66aadf144ca4620ad0c10a8f90505e0a9760bf40.mp3                    <=
66ba67ba5a2e8d77ea1c867ead4aa6c53d0f5a37.mp3                    <=
66c6efd39efb4dca575b0abef953974f2cc4d31b.mp3                    <=
66d0455a7254251913713de11098cea0e5bc9796.mp3                    <=
66e4a6e4d7a021389c0bc500bbe4c9a8c96d8163.mp3                    <=
66e4c653c0e7513484f076c92092b6709d8d910c.mp3                    <=
66f3a3becd744e1b01208d1399af0ffb7a3a9642.mp3                    <=
67187ddfb04be0ac7bab564e58c925bfb1eeb626.mp3                    <=
672b72aa69a6ba8d708739dd706ee00fafa3d985.mp3                    <=
672c0ba49551a164a8b2ef9e3497721b300ae562.mp3                    <=
6741333838561d38bdf5b0d3c956b2531ba7067d.mp3                    <=
674dfe99854090e2557112f2128d59ff3f4c9430.mp3                    <=
676f3b806daaabdee92ee84538ac5a62b9fc0939.mp3                    <=
67792c8ff52a15939645dbe9ae517daf5c31401d.mp3                    <=
67ae5a3dfe797af621199cd8cb4bfbccf0a1555f.mp3                    <=
67b593e93551f559ea1a36a4de7c0343cf07a8ec.mp3                    <=
67ba0636e712ef10f734f16048af2a5e77c59222.mp3                    <=
67dcba2240cd4af48ff756750c5db60c69a97bee.mp3                    <=
67ed8e5e8cce3a57a606e1a60eeefad2d94afec8.mp3                    <=
67f06faf66ca2656cb767e8f896800d5fd1402e2.mp3                    <=
680c1c90c0bdddbd229459b9856fae2679722f44.mp3                    <=
68248573b02a9384902454e0c3a98489aeda6b41.mp3                    <=
682da702cf7911dcc600c82ccad6557b874c13c4.mp3                    <=
6836288ac5a0b4ee72979e08870a37ad6d88a098.mp3                    <=
68620f5db83efc80dc7f112685f0f337d04ed492.mp3                    <=
68754bb722e27068e0cb6fac3e987eb185e4932a.mp3                    <=
689da7893a60dffa0b245f3c6f71a6f8bb967bdf.mp3                    <=
68ab85439f1193adc0a42fbeeb7ff7734b9132d0.mp3                    <=
68c526cb6483bf71c87f65ef95da59bddefcfd47.mp3                    <=
68caeba345853b7dd917e9f40439ee748e224db2.mp3                    <=
68d0df75138d24ddabbcced55bae07646aa74cfc.mp3                    <=
68e1159dfd2525142c48f40600d50f02472cb70f.mp3                    <=
690ec5a93734ec09778dd0a942704b0b5322232e.mp3                    <=
6915ca4e16f41553ce305817059fda4bd4ed122a.mp3                    <=
691d0a784eedaf64655ceafc302b44287419ea09.mp3                    <=
6932e65943ae0b79cc03b2cb02a73ce90bf709a0.mp3                    <=
693a9d21660d1ecb5e5dbf52612a7f3719cf9451.mp3                    <=
69408446742a5ad5c21ce13e4fddee8be35e6ecc.mp3                    <=
69485c768dbccfd19a393596954fb960b39d5862.mp3                    <=
6957a1a125c9ffe0e9f6acad738172158ae4b597.mp3                    <=
69a178cd65bf993dbb2240a79749155736ecbf0f.mp3                    <=
69c5e7358591ccf6bb47bc52709545d0919bfcc7.mp3                    <=
69c80d7659cb9beec846e50271157f459f601185.mp3                    <=
69e5d51e90b0a07e3f4dac3b2434cbd8e7a85c6d.mp3                    <=
69e850b549ecee7904deeeafd1242f314ca1fada.mp3                    <=
6a085c1e86f0b30923ab7c4ef48b6d46db267342.mp3                    <=
6a28823f62940b025f80ff9d6bc0db3f21348cc3.mp3                    <=
6a305d5804a1f16645bc50222bf03ebfe6173197.mp3                    <=
6a30f01205f824c5d5e8ab1f21219b25cb7bc54f.mp3                    <=
6a351b48e72117e5d25e909b5a8e3537a61186c7.mp3                    <=
6a3828af4ce3594a0dfe38b73c274f38d6e114fd.mp3                    <=
6a3ee27a7a9769f1755f6f2139cc1b60a23e93e8.mp3                    <=
6a47b3c4c1fc1d9e642afe87de877f6713ee1d52.mp3                    <=
6a5d505e2a3835cb7c9c9cac6ea42bf5830ef6c0.mp3                    <=
6a79b4fe751268ec222dda1e75e82e027f3e5760.mp3                    <=
6a929189e12e95f6ce90312fc8ec06512342d5ab.mp3                    <=
6a9438c223bcc4a28faa94462fbf4efc534a1150.mp3                    <=
6a971751c9df09db783cab3a057aa8bd0488f89d.mp3                    <=
6ad975c7751479a42fdb3db50e3bdc93ef64187b.mp3                    <=
6ae83e3619aac18fe769be904dd1d6a7bb51c410.mp3                    <=
6af14ed9a66cb13b8f793f2d520df5b547d94137.mp3                    <=
6b0c048a0079bf5fa54830ee5cbd9c247586d6da.mp3                    <=
6b1aae48feac33fe2a19f4025b6513083056877c.mp3                    <=
6b1ce1da0115f613bcf2dd1e1cc7eba4b86bb7e7.mp3                    <=
6b1fe0cb4a80ffa532ae979ee0aaca02360e608e.mp3                    <=
6b1ffa3ca1b82cf1f17a070642d36d6550fca5d7.mp3                    <=
6b49f65ea00f6f079dc10233e126fad1b3e08db1.mp3                    <=
6b8611aaa6404635f9e8a0fea18e211c8fbbac67.mp3                    <=
6bbbafb9be69a0ada279601ad0efec5fc0f07d88.mp3                    <=
6be4b6bfdef46a63c2710a1976112d40eed417c4.mp3                    <=
6becd5f142247ad61164f868b183820caf89fc02.mp3                    <=
6bff23b134d57fde80f7d6c4cf15338dd70b61ef.mp3                    <=
6c008bfbda87eab6fa3c6bdd3b63abf54e105eae.mp3                    <=
6c01a15f1fa5bc4ba430d4eada9e377e97bd6882.mp3                    <=
6c28745b32b5cd11240f940a24f937d5c87accbc.mp3                    <=
6c30c20332d6e74a913c142aaeeb08e69f66837d.mp3                    <=
6c401feba2ee44f8949a18965e1b4dead25570e9.mp3                    <=
6c68bcf5082e64056c32b84e3256bdf3af4d95ca.mp3                    <=
6c7020bbbe66cc78dfb905bee779aaa0b3700b31.mp3                    <=
6c8b65d95a7f87c4fde9c88aa327f3778eeb8362.mp3                    <=
6c9cb1e46a51ed53b916bd913ab38d8427576430.mp3                    <=
6c9cb426737dd305a7b4464c920143bf359269b4.mp3                    <=
6c9d4d52a6513655c25bb33923f12036ed7d641c.mp3                    <=
6c9d8f3124c97317f49836bf154e958c2672a2bb.mp3                    <=
6ca2332f1ffbb28cc91e1a88ccd7588eb4664b54.mp3                    <=
6ccacf6f651c12fe29385db4c740a2bc0716fcd1.mp3                    <=
6ce6eb0e5e862c4cdcc89958b8be5b9532c61446.mp3                    <=
6d02e97bfe355b230f7e1f08c7cf6534756f9ec2.mp3                    <=
6d1310c0bb876af8007d583311e67546a7f69aff.mp3                    <=
6d22b0bcc120cbfc88b50d95f1524b12c997dca5.mp3                    <=
6d25b2f06c5af1d69da50fa0b91e7ba0f31ab74f.mp3                    <=
6d4cb7953c6c29489b2a56bf9187f1add2b65646.mp3                    <=
6d4f83321273f6191df6c354ddbaa43f9e71dfcf.mp3                    <=
6d56a80c9c60ecf37967556bea6befb57f0763bf.mp3                    <=
6d592454bd3e8df498f34804c8801425c47e7f6a.mp3                    <=
6d5ddf9e92ff3339e71a8c02519f50faf9c9c32f.mp3                    <=
6d726ff7751f6c28ba5ba615d4c4e9b1474e6d2e.mp3                    <=
6d991c2a013dacf23f51d8b611b31c206b9b5e90.mp3                    <=
6daa8f7fd7aa17c123a7305c5a6c5da8bc9adc73.mp3                    <=
6db16ea02a52e5d82556a45fbdba3d8ac2c2828c.mp3                    <=
6dceeea59874615ce1e675c04e10ce6b4c6cd743.mp3                    <=
6dd235c40227b6fe6a6bdd64e1881170e3c10f71.mp3                    <=
6dd354f3b59dec94ecf865aeb27d7c319db29d8b.mp3                    <=
6df875935c380244e78f83c1ee27bc6e321486ca.mp3                    <=
6e13bf6d47d197329ca6b207e63f8d67f3b80b67.mp3                    <=
6e2b7452fad832eb25904fe5a41b859303daff36.mp3                    <=
6e2cd59ede517bc429db940b4ce8d2a9d5a35557.mp3                    <=
6e3079e1a657963bb19df26909dd4e5026e40398.mp3                    <=
6e3c349e9b80c131ebb9d13c60c13b87f1f53c48.mp3                    <=
6e425afc98c65dde43de7268af25f575a7066e8f.mp3                    <=
6e45ef5b030aa088ed3ce2584cb45c3326925430.mp3                    <=
6e4e10733aad6205a94599b4b709967dd20682ef.mp3                    <=
6e599f8e2b9ae8073d7dc31de695d1853a4bcfde.mp3                    <=
6e9e332bc950510ba15352a88e9a532e4f9068b3.mp3                    <=
6ea34854713b9eb6170e47714d115fd8646bbd59.mp3                    <=
6eae0e16d2e7c6366f07fda11417e2e7c41aa2da.mp3                    <=
6ed43807628406642276ab96e36a4b899e3536ef.mp3                    <=
6ed77eb4c19a3721bbd7553807883a00ed8e26b1.mp3                    <=
6ee170620ff21e3744fd6ac8941ca03877ecf286.mp3                    <=
6f111ab394d9dad3596f4462461ad52cf09cccca.mp3                    <=
6f1d2b7ff26749a4a859193ce95d85128ebc85fb.mp3                    <=
6f26666460515ab20b502dadb72ba713f694de1b.mp3                    <=
6f26dd866592f335338924e609e7b2166e14c3b1.mp3                    <=
6f5fecf5228ed9bb4d7444ea42124af896c8c61d.mp3                    <=
6f66cb2122cc74ccf6c7c7c2ebeb360f7565434b.mp3                    <=
6f750a7835163031f2514576b3d6fad5f4e483c9.mp3                    <=
6f8cb50b8c15eb7571f0a34478dc482418e702e9.mp3                    <=
6f8f796e2ffb55fea6392504922ef286431c0e77.mp3                    <=
6faa3c346d0d663eae2a4ab8e95560b83ad2c2bc.mp3                    <=
6fcb67186b5009564ffa4f3acbb4dc3e5d487c2b.mp3                    <=
6fd233d4068ac7a0f94628a1591d410723fae49c.mp3                    <=
6fd6f2fa0265057c9f8b56f3043f1a79f48284ce.mp3                    <=
6fe2034f79c4b9de85487e80ce83791b6c4686eb.mp3                    <=
6fe9b71a89688c14dee9da5a192d8bf96b684044.mp3                    <=
6fec5fdf7aeb84cbd990709025028d3b8e59cb6d.mp3                    <=
700e154aeab732eb1836522b60ba86fe29135d56.mp3                    <=
7013744d2701913a8ab9ccae8aab3a590e3531ec.mp3                    <=
701c29ac9245a47e0a195c22a7e1120d15c5171b.mp3                    <=
702335bf8b7d68d4e9c46bbde729a180a53be97f.mp3                    <=
704ebd9660720cbe184f2ade9fc7e3f2ba7b6c4a.mp3                    <=
705aff1ed0fe6a356d6f62d3ddc649cc6a6f2252.mp3                    <=
706dc622f8350ca50e6a4ceb5d905f3967f49dc3.mp3                    <=
70b40fc63f941d4af4ee731d752d193024485122.mp3                    <=
70bb6f884792d94120fbcbc01dd1432e37d0fc39.mp3                    <=
70f21e73db828bf9b6527fa46938aa080877af72.mp3                    <=
70f78ffc300ed656f0d71889235f5e5e57cf33fd.mp3                    <=
70fd4ed24653b7020e701eaf4092c2dc785bc2d5.mp3                    <=
70fe1b4e485b89b2681bab52a00e17c4f7c1b717.mp3                    <=
7102ae39a42ee68ea4ea579d33c544506131d40f.mp3                    <=
7102b436164f786babb5b9f21ed9b76999ba0422.mp3                    <=
7120eb969b2982a57a49e943112ef33bbc0a605e.mp3                    <=
7126dd39dcf866660d96cbd7de09297042b1fcaa.mp3                    <=
71313172a1189ec645bfdede76e4e2984a292cac.mp3                    <=
71407511d78c77e4cae637f07824eff23098b523.mp3                    <=
7142acd5b7407ae4a18794c89763652fa303624c.mp3                    <=
71466e279ea7c0a595cd51c160064b6d1ee2d7f0.mp3                    <=
714e8fe5f27bc2178eb8f7e1f743905d9ec19567.mp3                    <=
717a652b05724b5fd00c5d58fe9ecbf1d29bf021.mp3                    <=
718221878077809b7d3487faa7132a32f34b7213.mp3                    <=
718d2dce71cb58f8e916d07d5723cac98cf1d81d.mp3                    <=
718e0665f4b471c8d2706bbac5931781dcb60eaa.mp3                    <=
71a15b50821fa4a53615022ba3ef81ea25b01178.mp3                    <=
71b2c4d53bc985ff0572f7d6b6d7b107906cc02c.mp3                    <=
71d9ac412a2e70ccf3a635f2fae00604e4c3dd95.mp3                    <=
71e1a774fbb3453e28548e844527c04f733bf0c9.mp3                    <=
71f2ebb6e34bdcc09db14f343608dc9dd5fb0b69.mp3                    <=
71f580279833d017fd7e85db0afa40188ee2a195.mp3                    <=
721dcaf680742bb37374c0f9ccdf2d8ff201b761.mp3                    <=
7234896f5be245005e891ddf500c67df55aa526a.mp3                    <=
724f51b56409e46a6197845ab71692499f463b2a.mp3                    <=
72513533b9fdfd07eb161b47444830e7ed5ac935.mp3                    <=
7252e27172c58cc05556ed1be51fb692d5b42cbb.mp3                    <=
725c04a23ae42a2e4e743909c3276b4f6aa389cd.mp3                    <=
726585ceac0991067390d695e8118fb27d15a4dc.mp3                    <=
726b7443d50464c1a84ea02749e19496ef709550.mp3                    <=
7285f9f69cd105dd1a72485b6c2f09e3eb0df7be.mp3                    <=
728f4a47a77688a3e72f162bc47eb3c5d2deab74.mp3                    <=
729577539ed39a4a334e07775a8ec9b1cf43d491.mp3                    <=
72b41c06119b1f18d09ea11bc74413fdb0817099.mp3                    <=
72bd82e7dce16b1c0ad4c9764e00a46e918cfac2.mp3                    <=
72c8cddc9e0ff42f5f0d01c544dcd2b8a460b1bc.mp3                    <=
72fec6b7c2def9581884de3b8f3f05b6968cf446.mp3                    <=
7309b383dc255911e28dfe1b0365f00adb72e17f.mp3                    <=
73105f13801935b232e460852f42255dc56d79ed.mp3                    <=
73125da8ad0ae9975f89b666da7b7565b6253692.mp3                    <=
7340db2a47e405077c97dbc874bd4d6a0351d1ab.mp3                    <=
73423e5add723782f5cb8f14966f0491f50c692b.mp3                    <=
73426fa3cc0753edca01eee4a3cad0a32882e420.mp3                    <=
734437fc8c9dba9b2a1e0b01383039546fb4b09c.mp3                    <=
7345ad8cbb25d53a9aa6f88a4ef284019c52043d.mp3                    <=
7348ddb04d47123b66a03284681362f83831b041.mp3                    <=
736a4542b361530060205cdadb57fa44b2a47d78.mp3                    <=
738f81add3a068c119f5e269439ade19248bfb89.mp3                    <=
73b0237ad6cdcde98fc61c989111046c26d43671.mp3                    <=
73bc39417f351b316107bb0499e8889b260aebea.mp3                    <=
73bc8b30ee31f1847a6d65e865b50f56e7351225.mp3                    <=
73c5fd8b779070c348b539f1f98d8dfd8d77d113.mp3                    <=
73d744ebdbe9db35e716aa3c1a7c797e8af1a498.mp3                    <=
73e8a91b342632876cee7647232e78efa227dcc5.mp3                    <=
73efb5dafd85c0a25e88cac19a4c1fc5e4425ff0.mp3                    <=
742aa9689a2ba666a6a8f81ef928157f3f29c6f8.mp3                    <=
742ad728721fe6480281d9c323a0bef3677d4d91.mp3                    <=
744c4e52218431da31efdd9f5957d5cfbb4776e0.mp3                    <=
744d1f8c6a9e4a224f67607cdc9681ed5c72f400.mp3                    <=
7456ea3471c6b72ca1096a66fc7f16c1bd50eb87.mp3                    <=
74605fc2142d85a9dad0f05791bd21314082edb2.mp3                    <=
746e16c803a1071e13df4989fcc1150d7f7e88a6.mp3                    <=
747409bac2c5da53759c744886f5c9bab3a3abd1.mp3                    <=
7482af63d5ab4d7637b3b33bb5ffaed97f96bf8d.mp3                    <=
7487820801c999d0d0ea6c9d931845d5b01f0f61.mp3                    <=
749c47964049c1888c9ebac0d1020e9586a9e694.mp3                    <=
749cf01ad72575e33037970662d26ee1ee357543.mp3                    <=
74a032e5cdfd91129aaa9e22956b4c8f440eec58.mp3                    <=
74a8dbe61801ecfed3c7eb85cb006ce8552055fe.mp3                    <=
74b789b6cea8960c686944809f2874e5d05eb607.mp3                    <=
74b8b9f01c77286a8049363d8597446dac1b960f.mp3                    <=
74c390075b5d80447902c87f74d76fa2813d94af.mp3                    <=
74f243375c7260aca5656a970d5b142574967031.mp3                    <=
751f6c3c8696379a155e8572f10d02365c133a4e.mp3                    <=
754958fb4eac3433b941e5f0b3173e3add49aef6.mp3                    <=
754ac130daae0257568749d2dd0ee23fd947b448.mp3                    <=
75510373152ffc065f4dbeaf370a3edd5054fd0f.mp3                    <=
757a33bf9f7d26f75edbf6eec0a9644e41198636.mp3                    <=
757cca562391b3629bf3eff2e5ae7dc3f2b6c726.mp3                    <=
758ac59cc4eef0dc2179a82945e4569661b6bd4c.mp3                    <=
75979cebed0714fa6d86c9a41e2ba1fa50bffa7a.mp3                    <=
75a0e4e1fb154e9320137cfd98e55a422f1356c1.mp3                    <=
75a78e488c671645f2c0e1c2594aee1bb8982996.mp3                    <=
75aebbf9b83a3b463cb0477394c9f500864e799f.mp3                    <=
75b1e857f7575820ef8deb7c865ae774d437b426.mp3                    <=
75d27dcf3c46e30d30ccb138108167095dbcab10.mp3                    <=
75e5f2d9fb07ce7e17b9daffbd7aba4add28aee2.mp3                    <=
75eb9b753d52fc85e0ee9093a06625a4b884145f.mp3                    <=
75fce7cf5961680de44ee5b7dc68c39353e955a1.mp3                    <=
760773b7a4dedd00e954235ff0a8ba85ee700401.mp3                    <=
760b85dfb1f70182af7bd002773bb031810b5197.mp3                    <=
760e3eff404822b9507d3d95fbe2ba9e8d927804.mp3                    <=
76133b4987caf118e323fca3f403d724b8f2af4f.mp3                    <=
762f2d718af718961db2246e722bc0f5363e5f38.mp3                    <=
7638f4a91b0fb2c43d05129cede093b7174a05ff.mp3                    <=
7657a4b667de1c933c2f0bddecdc9c5524e6f56e.mp3                    <=
76ac0bb03d82eaaafa0f90d480086e99c49a6820.mp3                    <=
76d1e877eccef60f5590d1098710d4f54c83b515.mp3                    <=
76dd4cd72d6e47dccce74c5724e5e6c2ec1bc56d.mp3                    <=
76e11d78421ce6df528e5690dac8073c34983f97.mp3                    <=
772124cb55736106abaac9d309d0fc02f97bcb6b.mp3                    <=
77218e1c5ffc4eb3f040b325d8cc5100a7509315.mp3                    <=
773539dacbc8e0365b07b2dc6826139d54e83286.mp3                    <=
77397a5e1b864fe95dc7d7a28c1ff6e0c042f725.mp3                    <=
776599174191d19ad127fb3b9b2dc2544d2dbe1f.mp3                    <=
776dc38aa9cce71112204edf47315b03158bed3d.mp3                    <=
7799da360f2311ea99b377644b9c242992058969.mp3                    <=
77a1589ee07d6dc491fd47ab241f2011dcee71f7.mp3                    <=
77e27457819f9fe9133b35d03f4b824b1ddc63c7.mp3                    <=
7800b5dab6d09c5fd7449f975f6baad24bfed0f0.mp3                    <=
78118b16154fbc2527e618b4cef0950148f2cdaa.mp3                    <=
78364400e908edaae4ad79a43e500d8da2fadb0f.mp3                    <=
783849278017fe12b019c7a6bed9ed47e1c772e1.mp3                    <=
7854f7108d829219132cd53b1ed636ee2653c853.mp3                    <=
7859437b3bd8c9160c08bf2bc11fb6fe2a37c539.mp3                    <=
785bf6b511ae0cf102bc3735a805e44d6f8587e7.mp3                    <=
7861f3dfd566dbd067513f3c4a1dcd63e3218ae0.mp3                    <=
786d0dfe9393c5f948602dcbced55f49a72999db.mp3                    <=
787b60421b99ecfa0a36e11a0fbfe929b949afe1.mp3                    <=
788a576fc42284a59f87827e1916602d35a14186.mp3                    <=
788ba47875f4d9e715d1af5d05c17247564ef2c9.mp3                    <=
789a81a1ea30dadc6026ffff521cf0037d2c01e7.mp3                    <=
789be75c4aacf3c66d442473da4f2ff8389af4df.mp3                    <=
789c9a9cd1ba3f7bce37fa1d57000a4492c96593.mp3                    <=
789ecc1337a07815deebc075e4de837671f3d44b.mp3                    <=
78a56ba978387cc4bf4c84fff991ee21b0dd93c4.mp3                    <=
78a58fd61721b5762431ddeb28bf5fa651397d06.mp3                    <=
78b4189ce9ef3dff53d2eba5bf7f1210ac999d38.mp3                    <=
78c57b9bff96ea522231d32bbf2327771931d9c9.mp3                    <=
78d80062bdd14194e84356e2bf0d36283db4a1f7.mp3                    <=
78ef4e020259e712cc2eed6965d09a0cadb8c23a.mp3                    <=
790b53325339722daa66b421a477a2d30f52fd25.mp3                    <=
7956b3591754561dcd8d4c55fb81f826b8d59d70.mp3                    <=
79794368608c20363dc9faf8b7a6ea9be4b3c9fa.mp3                    <=
79b754415a72186560bc0bb7506e8d5d62f4e71c.mp3                    <=
79ccbc50912bde7cbf6beb9098fe120347da757b.mp3                    <=
79d36671a9ed9151d153d1b17e394f6afdce7fc4.mp3                    <=
79f4e4b1d5a3cdd9d008289c1944380f44ad0a99.mp3                    <=
7a54c43c55aaf953bf11c346b97b1d9bac03d3d7.mp3                    <=
7a5ff4f779df3e156243f3730bd2ccc097031361.mp3                    <=
7a61601ea412eea2566df5de1f82b814f6343725.mp3                    <=
7a7c88a5db18b27f96b4c8ed4cd6d0a08911565d.mp3                    <=
7a7f3d77e0a3fa9c9c9f448f27491e38728bfbb7.mp3                    <=
7a82bfea9b99e4b4b5b9d59d2607597dfc7f0752.mp3                    <=
7a8bbab99e7399e569332bad27e3b70cd4fdeef8.mp3                    <=
7a8fb7684b5cbcc8bccf751c357a339e87531859.mp3                    <=
7ab6c157554a4f85051ed800530a3b320a66e32b.mp3                    <=
7ac8e308dfcb6aa84d230ddc1e0b40c07ebb32ad.mp3                    <=
7b0deafadbb208cc20c940c76645856fa0d6be50.mp3                    <=
7b28587d3f46b0e4ba228778d9d0d6c712d34c05.mp3                    <=
7b52134ea4c27e393d83f5d331501f88a9fb8f40.mp3                    <=
7b56e5bf335e033f17d6b827d18a68544ec8323a.mp3                    <=
7b5a7e7efb1923a226a4d54b9ed50548b5645e75.mp3                    <=
7b69f418a01cceb167acbc2a701ea207c391630b.mp3                    <=
7b6a864a96795b8290f75ed406cd32b840181c04.mp3                    <=
7b6bafda231c3560d764180e540a3097db733cfe.mp3                    <=
7b7aac4ce3b46437d0a445d7e17eb6decba188d9.mp3                    <=
7b7f47a590294284b628d1d136952e274862aa30.mp3                    <=
7b8a83e05774433d75f61d34891af8afc1e46302.mp3                    <=
7bab49b295af7caa8657b7f129bb21cf8003e238.mp3                    <=
7bb1d67ff1fc2d8de783b05be69c00c275c26adb.mp3                    <=
7be69919b8a4166bc6766dd854f5deb9eceb859c.mp3                    <=
7bf56f271875291d967c2450b4cbc04ae83e84bd.mp3                    <=
7bf694dd1256f1e1f3e1b0abfcbb4eab2b2c2b73.mp3                    <=
7c073ed83eb177eeebe4b50729fd6721c6cf11dd.mp3                    <=
7c52f7493e364fbd965a05bdad9f4181641bc63e.mp3                    <=
7c6269f39c37cb69c551f68c7eed8a89f1549276.mp3                    <=
7c7416a89e7baad1722bd4c0f30a09a642952e12.mp3                    <=
7c7ff8541d697fffe40efb622009aaa29b211b14.mp3                    <=
7c96ddcae9ecf2de0edc4063acf98f5e0ec3f111.mp3                    <=
7cb8a357b73d4942add6f776e0e0067762b376bb.mp3                    <=
7cd44b697a471e7030a0a24e9f8d1448dfb85aab.mp3                    <=
7cd6258b08435a7c2714785c5af3f3c126f6a9d1.mp3                    <=
7ce2f8f871b861d4427b35f5e6d3b0b15f7701de.mp3                    <=
7ce5a65f10341657d7d75218f2dfb6da0a967ef5.mp3                    <=
7cf606f0f60e5ef4462e41fb05f49d2a6182666d.mp3                    <=
7cf9ffdc97bd21ac954b4ad908f2d867072fcfdd.mp3                    <=
7d16055efde1ce83e8d7de5be7e3a24975335443.mp3                    <=
7d1e7cd4fc75558ef986e720df927fdd7fd7642b.mp3                    <=
7d40726dfef06927eaf1fa9325512f601d941867.mp3                    <=
7d6962e27d20d6be36d7a3ea4964c5fe28e5746f.mp3                    <=
7dc613a4da7bfe80dbe81f2c2fe361310bf1e95c.mp3                    <=
7dcaa508f05b89b4089fefc42b5f26d4b5eeea1b.mp3                    <=
7dd9b2ef30ba41f1271c109d63c4e2a8dc0fc075.mp3                    <=
7dda567b26186fc722fa26bd70e31c8f51acac1d.mp3                    <=
7ddbf714d7832463e6cbd2adf7221bd68f2f99a3.mp3                    <=
7dec0c705cda5aefa80f807bb0bf6b00d8853a25.mp3                    <=
7dee61580d9ca1d68cfb0ad3ec72baa3739a784b.mp3                    <=
7defe1d46bdf5a98ebfe1af19e1376bf56044c30.mp3                    <=
7e3bf2b526dc0327d4af8582331688e250c08290.mp3                    <=
7e691a4b7bf1b7feb4687b788cc0a4461cf8b381.mp3                    <=
7e92c4d835260aea709a0666eabdd7dd33bc6b58.mp3                    <=
7e9cdb1b29af04e95c5c1bce0104326a9b9582f5.mp3                    <=
7eab0a2dfbc5ee7025254278512c5e79ce410493.mp3                    <=
7ece32a7a0e1f6bd2bd26fba93c231365217d5dd.mp3                    <=
7ed3fea64122063984d90e9a90b19974890c8833.mp3                    <=
7ee51503429999cbdaffcf902152262c48c3ddfd.mp3                    <=
7f162a7070d1b7301f0c912689b23108651e7d48.mp3                    <=
7f255b8dcad4f5c24958e4c758559b30793311cd.mp3                    <=
7f34886c65762cb79319000ee730528b94b0d796.mp3                    <=
7f3bb63d7ea007641e1129b57f21c47bc61185e3.mp3                    <=
7f464510e31e9486778c439e9441273754180876.mp3                    <=
7f46e01ef5a748d7b9afcd489e5579dfa7754e1c.mp3                    <=
7f48a4f16e44acbb78fd2e58a9a3ac25705aa67a.mp3                    <=
7f820f5436b600072a665e51fe2669176def330b.mp3                    <=
7fc2a836bbeafdb7dc487d5eb2ff7a320b086860.mp3                    <=
7fe88b9f45b265ade018076758d4ee16368a1fed.mp3                    <=
8010e3956060da73120fd08101bf2f13186869c8.mp3                    <=
80291794c47384acdd3f2778c76eac82b97ea9fd.mp3                    <=
802e6c3568f0467ecee24da383e0f6f1640ac690.mp3                    <=
803a303d027f73c03deb523bade074e373b056db.mp3                    <=
8055bc31f7bb17f326143e62deb294b96ca4341a.mp3                    <=
8057c6f0d7281d3a1200f6705d97fbf60acbaada.mp3                    <=
805814105616418b93a78f3d318614ad326b7616.mp3                    <=
805b49f8545215af5365e6709769c99bbc86ad9c.mp3                    <=
805d21a031a1230ce19c496a5cdffef9c86fa50b.mp3                    <=
8076317a7e10666f46be5b2321c44938cfabb23b.mp3                    <=
8082d8fd9c3a0f6790a29389b841babcb189fe0a.mp3                    <=
8083025e6ae8a2d665b5ca3af75bece233ae7213.mp3                    <=
808469030ffb6736d3bfcc31725dab1e3f0b3c5f.mp3                    <=
808b7fa7d84e9e0ab65bb1f68643373575671fc9.mp3                    <=
809b9c82e2c0ba2e4ffc31bb6567c41255e39b03.mp3                    <=
80ae977eec58e129f4673c0687d2caa2caa21daf.mp3                    <=
80cdf77205de18e499e45124014cdea320a6564d.mp3                    <=
80db05782b112156f991abcd6ad71197807ba30c.mp3                    <=
80e2478105e663774f686bfe4162eeba849954fb.mp3                    <=
80e3f4544ac28cad97c2d38ff97027b9ef151863.mp3                    <=
80f0c37bf4bb5d056f38e6e1ec6a7626e3d50646.mp3                    <=
81266d21f814ce2e7f0724035803cc5b55d1ad21.mp3                    <=
814313431eb30602c3b0e994d8d51434dd10c648.mp3                    <=
816868e3b18c362cecc0a5164bedcc2fc46a14ec.mp3                    <=
8192a7813ae66327b0b11b11296b839af909039a.mp3                    <=
81b5a87726e360efc5b352bc059ee0acf42ff1e1.mp3                    <=
81be30e3404cce804da7b4a6fa84d10c979a88de.mp3                    <=
81c5ec5d81a0cda57f45b14c8bdc14200915f831.mp3                    <=
81cfd0ed6d0c735b81ce670334b7b62e87ba6440.mp3                    <=
81e1fa72ca8cd6adc84edb0726a9378c6e132428.mp3                    <=
81f94c49e2405bd39c164368343aa24674ea132a.mp3                    <=
820bc6b60fbca458f2ad534d332cc82254809c00.mp3                    <=
820d26750faae8bc2c9bb61f76403411027ecf71.mp3                    <=
821b97f4dbb309efefd923cb63686c330de73bec.mp3                    <=
82318d341a3b619307f4bf6cfe32fc6434f9b356.mp3                    <=
825950f6a4069abf4dafee42d683100d00d216a9.mp3                    <=
825f1f653f6cc4d16ebf9855d889bf00d4b2256d.mp3                    <=
829aa4297577a8364938bce4cdb3e8eabeab76c7.mp3                    <=
82a4d77d0d06f881775f10c935984f3677c27909.mp3                    <=
82a5a7d5d01f91371f581a092ea4a076832b0488.mp3                    <=
82b545a5887fd2800d9ef261703505b2b5fcc433.mp3                    <=
82c715d8844c2b7cc4199bf0cba053817902db97.mp3                    <=
82dac44e44489a12273091d4df9e65dc0493b4be.mp3                    <=
82dccd6b79716cf7f2448deaef4c96499e4b752c.mp3                    <=
82f6ad0f22872e113775c907e26abb674d15986d.mp3                    <=
8309ec914d9aeb7fba4db2432508c3314d19148b.mp3                    <=
8339d721a558c344f8121957d0ab191cfe41c80c.mp3                    <=
833cbb38880a92f312457870e824da268c14e11b.mp3                    <=
8367d9cf188856bdbf6c5fbde645467960a2b220.mp3                    <=
8374d76195dced88721f9aae80fc954fcfe8f2d8.mp3                    <=
8376c73f1d158fca475eb2587622a8ee693bb694.mp3                    <=
8387bdf079673740f06533151c70ef8d6a2d74fb.mp3                    <=
838920e35795e001fc3c728ef296908d505c59d8.mp3                    <=
8391e21f4017e35f4dc04218714277cdf69e7937.mp3                    <=
8392820b3754eb538ad645603f5f45388bf7a65c.mp3                    <=
83a20ec6294f293a30eb26d80b5a4cd5e3942048.mp3                    <=
83a2b42961d59ca240cb412397519a31bc29cb3a.mp3                    <=
83a86a0bbb7ae86c7e906f21fa1a6acc882d0a18.mp3                    <=
83b68a4d6e80c3b6fc855afd5121ea619d658cf3.mp3                    <=
83d9f799beaeb5f7239972c6226e4c3c31fc4c47.mp3                    <=
840bd6aecbdf8875b7ccfcd125ca8a5dc9889690.mp3                    <=
8414bb3a3e693df46f9d187eb65eee61b5f465d3.mp3                    <=
841c49afb7ab0f36187f39133524683afa8dfab2.mp3                    <=
84309d1157499cfa1137478ae36a8355f1704288.mp3                    <=
843c71eaa6925dffbd003b64c4827fdbb93c336a.mp3                    <=
844c23ab9b79f46c20d5a8e1e89649f6f057f547.mp3                    <=
846af8627c9e6880764a5dc922629b79048045a9.mp3                    <=
8480514ccc03b6b268a58624ced4e1530b433544.mp3                    <=
8483288e9025e223feadd64fa2e80049d976e763.mp3                    <=
848decdb732809d440c4b960827af63f122e72a2.mp3                    <=
84a2c0d9a9f8fd0b071ce03d85f896b717c51abb.mp3                    <=
84aebf1aaac41dbb048c6307761034a18bb458e5.mp3                    <=
84c89400790fbdf0290efe05f4d31a09acbdd25a.mp3                    <=
84d308ee749d2f80adb7f6795a55467f95a1ca0b.mp3                    <=
84de74c8f1b7dcda83a81555034076ac8bcc0fb9.mp3                    <=
84e4a61f9cad3c0606e6410a56b2436966ee8b9f.mp3                    <=
851275c6cd3dea6df1a6a57f3bf99c313f3245fe.mp3                    <=
8522f3e683e5a87878e936c406eb5b6d980515fa.mp3                    <=
8533585d1bd1357031d5cd869ea83063389d4815.mp3                    <=
85467bc49cc4e51448f45638e9a2cb6a6e15ee0d.mp3                    <=
8559169d3dc82a46d160b4b817079c2a93cff328.mp3                    <=
857d5798e30af5efb01e222edbd9ea661e6b5a98.mp3                    <=
8586ec07ee19c3a5368afaf757345e5a2195fa25.mp3                    <=
8588842eb246650173ace8df3b94b3737574f3b6.mp3                    <=
85943ef4e74f8a9c7389e3af97b0323a97c9c2ba.mp3                    <=
85a076c170b13506055ed6c5cbad203c854d2b89.mp3                    <=
85a2b8fdfbd06939f3c214ddb148f322a269e625.mp3                    <=
85b2e36847b473f209a5c44ebb84287b862ecbfc.mp3                    <=
85b5a1f37db1c908c5bb43961b6dfc7c7a3b795f.mp3                    <=
85ba90a3a60a49e96fba635ce7a8384753c1a8b9.mp3                    <=
85c4d14b5d9f604e223b3b388e156246661992a8.mp3                    <=
85d3b2c936ebceb7784dbb6976326fa5cde7a85d.mp3                    <=
85ee47f7dad674c4400c2c75ef12e96994a644d3.mp3                    <=
85f030beb851e0560b5b4467d3acbdc9e9f30dc6.mp3                    <=
85f63c5988eee6bc47bd0465e6f311f35219d6fd.mp3                    <=
860d51fe7998f11432609697d65fae2155252b57.mp3                    <=
8623cc45fa42dedefcb163f6928672c5becc7229.mp3                    <=
8628efa8a72559946fa70c6a0a6ea5e1e20a0a04.mp3                    <=
86612bb49a3e67b0a68d48c0903579f589da7596.mp3                    <=
866af1e5262a74adcd7e5b92b07e9ccb29193505.mp3                    <=
86712f7ad3391fbde9b281fe994dc181b5a8e6c6.mp3                    <=
8693f84cd2b05cbeaee660d1d23a5f87fd3d84e0.mp3                    <=
8695ae4d9461dd7a5c46acc6d32a55b6290d5ab8.mp3                    <=
86a90beb127c117a0131734fae30dbd5a50e1800.mp3                    <=
86cac5e881f5324d077b4dac301938385a6fddd7.mp3                    <=
86cc01fd88f702c1958c532902d4f1c819940a7b.mp3                    <=
86cd4a603e6ba60a83eec7c691b5d925ec73e0cb.mp3                    <=
86dfa0ab63433d8e29fc0c4e99458cfb63606049.mp3                    <=
86f1c7e9aec618be0d39fb85a08df70cd51f9cb8.mp3                    <=
86f5b11e1693e4bf4ae5d6ad195dc2387fea4227.mp3                    <=
86fb3b95cefcd041d6d3e6a393068d402e300d47.mp3                    <=
870865251af5566bf0f99c3976ed6655154c2fd7.mp3                    <=
871762f4530e13e548f47086f0e13eaec2eb7804.mp3                    <=
871f13f112e155d978eb6f085b3bcf79a2591248.mp3                    <=
872cfb1dc3eaeaf428d7e34dab438334f96eba0b.mp3                    <=
87689859984c8b49cb213f6db2dc97fd184ef83a.mp3                    <=
876fd180f6dd303093eb0ac5bcb911d620d3b287.mp3                    <=
87990ab670dd4ffc13459fcfd5146db933196335.mp3                    <=
87ed9eb33431548666809bfcfdee7eecca8af9a1.mp3                    <=
881b00f84a1b269dac18968b18d33888c423f294.mp3                    <=
88465abfe3f03523a63b5fffa96c2e3a9484a875.mp3                    <=
884d9c604e669d0d64ee4c58897e5b81501f2bd7.mp3                    <=
88851c9115b91d383ac4b545c3b66f93edf8de9d.mp3                    <=
888cd915af31ee62714b4fba5669b45d6bf6f07b.mp3                    <=
8891fe6b13c6468a36b9b7f896d2450fb70cf0df.mp3                    <=
88afb3ed83118f1eef3ff7d735b0b5268fc77351.mp3                    <=
88dc3f75c8883ce2e3ee1e7867375b47f5b86f88.mp3                    <=
88e6d58b63b5f074b18b9e91cf0ece9caa1550e0.mp3                    <=
88f13746849e8468b46a3c22d3cc18ca7f715dab.mp3                    <=
88fb0e0fce9d37fb4bff141c60caf6b7442f26dd.mp3                    <=
89068d2f3a5020ce798dadc09c25e9c58a9aad03.mp3                    <=
890acb4ccf6fba26bbae8f3cb5d84a2964a19df9.mp3                    <=
891859385a0f71794755a338631cc02363f12d7a.mp3                    <=
891f5188ee997ef02d6936f00cc87874235a6f96.mp3                    <=
8927726eac4923376c4e7fde5c4be6925fbb4535.mp3                    <=
8980c9e17bf205c5c409a180f230da4e875121d5.mp3                    <=
89943e34f6193b85df637f1ec65ba56c23ddbda2.mp3                    <=
89a40dd0cb5b87844c58da910e91d7c040d33821.mp3                    <=
89d54411e06e810f316c65c2f27e8cb59692e41f.mp3                    <=
89d6e91cd88c7302ab29ffad8ff43a56cfcc689e.mp3                    <=
89ebe2307cbb5f3675c58b72744aa3b8ca4f25fb.mp3                    <=
89f83e9e8946113dfe94fc6ded18bce294fbf4d2.mp3                    <=
8a109497f6a010dd3b3019e9c1283b9c873c16be.mp3                    <=
8a2322467a3c55b3d5bb3af7ec4923f8d896d5cf.mp3                    <=
8a42a221d2ff34348ec42d5e9627ea5a506497fc.mp3                    <=
8a470a212040931fc0aa831454ef1ea0c19a4627.mp3                    <=
8a4fa9f062a8ea0bf7b7f470322e01454997e35a.mp3                    <=
8a5397c401d6c3f1ae70959f7d21f431175b9e85.mp3                    <=
8a605e74f822ee0854eb8aac5b36927d1358d2fd.mp3                    <=
8a6bd8ce971af06f916a70f869d254452c833e9e.mp3                    <=
8a6db147a7f9baf0c5f7bc4dc7ac211a511fdf68.mp3                    <=
8a7fd807679f9edb42bea0335d60a46ea9b40a7e.mp3                    <=
8a80a30ebcdb185968ae15316d77ca09f6ce633d.mp3                    <=
8a88cd5c4033ec4d51740c1509eb0bd3bbaa64b0.mp3                    <=
8aa3fb5f56f4ec52448334e053e27095d4eec8a4.mp3                    <=
8aa7e216945896d35eb2c1f192921411c851495b.mp3                    <=
8aae16a97545d3bdd79d6e6eb22558facec78fc1.mp3                    <=
8ab461701eaa13f9380ca2df80c2617311d72c31.mp3                    <=
8aba763462e4c7d54cdc248646b691a789d69457.mp3                    <=
8ac1acc548c25b6140ff3561d1919dcc7632d29c.mp3                    <=
8ae495cd1dfaec470191f938975892c6301fe925.mp3                    <=
8af8ebb93cfb1a3e35d2d5a762e4a0fa836f1929.mp3                    <=
8b065d653626266ab89b9a4362348ec26484ac4a.mp3                    <=
8b159a2bfefcc17f66f6127c0255b95c7a42f462.mp3                    <=
8b278d02ad91ef6e8b5407d3da45974653e47055.mp3                    <=
8b41e12eb54e1a17032cd97e6babe5d168ccdc1d.mp3                    <=
8b464aa1176f8e961107a59d457719e49db030e9.mp3                    <=
8b6524ef73b81e0d404879ce839a95f7215091cd.mp3                    <=
8b88d1d4ea8a05794f3c8ecd762df6faec899e6f.mp3                    <=
8b89c935397301da94238fcf1fd74d22ffbfc9b2.mp3                    <=
8b8c3b3a3ae3387ae0d8c04563d2ef98f3a7c242.mp3                    <=
8b9344ead979a3ebe392b4578bf829616611d071.mp3                    <=
8b947c64823cc671d58a4f1883d36f9a389e17c9.mp3                    <=
8b981142b6973d00d72af98b26232e5ad5ff237e.mp3                    <=
8b987c133a7235275bc31642450e42db43e2557b.mp3                    <=
8ba7a50f50d897433a9ded55bcf7f48e8480847e.mp3                    <=
8bc977da40a4a58e319872efad3567476bad8be8.mp3                    <=
8bd3354f1416b36c4ea6a04cf870e2d39ede1f65.mp3                    <=
8bd58cf1153cf0a699bf6479f900da66dd336602.mp3                    <=
8be5cafc65871503076f56c48d7e92f46b55325c.mp3                    <=
8c034970fa2da76ff2bfc40b2f5d153fc449c7c3.mp3                    <=
8c18d217353d842a56998c6a2ba093403062d219.mp3                    <=
8c231be975414c93b888aee8a57ae28caed6d80d.mp3                    <=
8c263aa528b1a6cfeba94920b1461ef62a198b5b.mp3                    <=
8c44ca203a375b34fc341bda828040aa6755fa7f.mp3                    <=
8c5297f531df3e0ba5a4a8fe30efff5062d44563.mp3                    <=
8c61be11bf1a9df5a66429470e389caade349cb1.mp3                    <=
8c73e7c182cf31b25b888b2e8af54cc554e38fca.mp3                    <=
8c7a47dd5f2d32a6a1223ac819ed4f92cead1345.mp3                    <=
8c7ac9ebebdb2ba87df72805b58f92864ac6a3aa.mp3                    <=
8c801cea61af00e3b3dbda1cd7cff705f941ba38.mp3                    <=
8c98cca3bb9f36d80b2a9b36e22b360338bef3ce.mp3                    <=
8cac3b2328d418db67cf1723219df42903b3a6c1.mp3                    <=
8cda0ee04c82bf4e1f4d8149bcc9070c4113990e.mp3                    <=
8ce2744765b473b101078faa1ab5435311e13205.mp3                    <=
8ce3ee99755f1a071386367e8c17c88a52aca7a2.mp3                    <=
8ceb029465e931ad2bbcd2dad755002092bd6764.mp3                    <=
8cf317a2acdc0355f626525392fefb8085f22351.mp3                    <=
8d0335e9efe64adb0cba486877ce0246cbd871c0.mp3                    <=
8d0d0b59c084e90472e526e93e8b78e721111242.mp3                    <=
8d12415e1db343c8745a0a236bab7607e6a3e4ec.mp3                    <=
8d17afeb7e62379686c14e48072a6ca7a3c5ef84.mp3                    <=
8d5a2df59c89f534221f292ece16275646a0c513.mp3                    <=
8d68e477d9b1aec6369675f91a662ef83803bcff.mp3                    <=
8d75334a7bef4b7dc95e841605df920e0fe33f33.mp3                    <=
8d7e0a6fd25a51619d850e16804b7f6ff08e4ba7.mp3                    <=
8d8f9811b695244d429884291cd72fcb1947da8b.mp3                    <=
8d92c4be163b3f6fdfced63e1fcb228893ee8a0b.mp3                    <=
8dbb34a794d136943c62bf20f6cd3d3ca7885e1a.mp3                    <=
8dbdb2835b4eedee44716c44038533c6fea03a10.mp3                    <=
8dd0fb768c3c001f721eb7584e12380aeb90692c.mp3                    <=
8de931d31746336fde0228531251e1eeef64b4f2.mp3                    <=
8df057b78ec08988434e372112b5ed10849a48a5.mp3                    <=
8e08b3376b0bd85b722962c3d6b037f6e55ef593.mp3                    <=
8e12a8f221457041b587cc463f88d21a79f9fe55.mp3                    <=
8e14bde071e553c3defa502ec48cfffc966a8148.mp3                    <=
8e276ccfef53577d2c6e635369b65bc4b44dae83.mp3                    <=
8e40dbae943aab12b3b88f3d39019294b6d600ea.mp3                    <=
8e422abb59dfd94e762f861c05980b324198666f.mp3                    <=
8e454305055a813340b720a105b0e7760d698b8c.mp3                    <=
8e5997e5dd8cf4036bc920a7301969b1f54e1374.mp3                    <=
8e8061231708895cfbe868137b3e197d9309da38.mp3                    <=
8eb90ee50c9b5993d31231608c4453b8dba8bcb9.mp3                    <=
8eb9458bfd4f4056a0508aaf169c7a4720fedfa0.mp3                    <=
8ebd9aad85ab1cc5fe7f72154ce8dc0aa7a86416.mp3                    <=
8ec2d4accb330479b6666a85bb9da1f754cb91d3.mp3                    <=
8eea9edfff88550c73c65230b1fdbc41c334e492.mp3                    <=
8f06adfe4ec1ced1d122891b6877446974b786ab.mp3                    <=
8f209b26bc15c83fdb5ce33bbe0a4984b1a77acb.mp3                    <=
8f25f09ea59c0c0542ba9b2ad57fcca690115c7b.mp3                    <=
8f5197e8ae5e967e47ff2e06ce27337e63e7fb32.mp3                    <=
8f5dfbe72f333655c10d2823b37c4336ca7bc047.mp3                    <=
8f636f7c9d641e709467a11d97eb1fe1221724fc.mp3                    <=
8f79fd6e14e5efc78ff310eb14893185c641df20.mp3                    <=
8f7f523f342a12c60368fe33c1994b9a4deb9b2a.mp3                    <=
8f8fd9b23bdb4f72659e0dc46f0bff57a6ce0fba.mp3                    <=
8f9081cfffba8c764842cb2b3496df99d18017d5.mp3                    <=
8f9115cb2ad1555938698bfa591f789975ffb9b9.mp3                    <=
8fa18efbd5aa254ce1962b9f9e9a6058fabb1988.mp3                    <=
8fa3769f755fe4df4935e84ce7cf60345bd25a1c.mp3                    <=
8fa5e113379c0bd10c4ee1dc95a05230f5110cf6.mp3                    <=
8fa6c67c5d2fd818298136cf9e16b8403476b9ea.mp3                    <=
8fa93189ae992abf86381c5e09e42a1174a48b95.mp3                    <=
8fb8653d1f00ddfca84410941f45240dceb1c5dc.mp3                    <=
8fbb329b3bb4e48e99dd46005cb86f128ea52cd9.mp3                    <=
8fd9220386758fcba2cd48f58fa4b550e4777d5b.mp3                    <=
8fe49cc5c42864105aa342e96582b7d63db198fa.mp3                    <=
8ffe00645b3e0f43ac99edc848f34b95db615ec1.mp3                    <=
90033110624d8465127863c1f0a4bb3df5390b4b.mp3                    <=
901b76852091187fe13c42eef2e24cb3cc87693c.mp3                    <=
905052f5f862013f1dc10d44dfaef9ee62c50e7d.mp3                    <=
906712471fffbc65003e03e692a432f08b8540d0.mp3                    <=
90779513076091762229a97e92e0d011c007db02.mp3                    <=
90866b93f5142fb2ed829d2deb977e0f7dadf9f6.mp3                    <=
909088581194c78ab704c47eb304795b2ae1b9ae.mp3                    <=
90aa019b350a75e1c158879fe8be13605e9b70ca.mp3                    <=
90bcd630116f6dec5f72ab2fb169624d0f93742b.mp3                    <=
90ca794b2d22d42f6292f63de794758402d6562a.mp3                    <=
90ccf5d615061caeebc9a7d45f47989940d858a7.mp3                    <=
90fead570cb3b89b5791e60e23a0bc0891e5af75.mp3                    <=
910ec793d3c70bd3a498e0499e0d6f9df756cfe8.mp3                    <=
9128402025e7c0abe636aa56e2ca84db893c4d66.mp3                    <=
9158f922ddfb77bd271939a6830df3fab3d1aa6c.mp3                    <=
916adf1d866c4fa0af8e1556375c4799ecc570c1.mp3                    <=
9176a6b38bba6d7fb1bec222dde012fc9a4aa2fa.mp3                    <=
9176b7dbdbeef15aaf31eba6c5117313d5a0a1a3.mp3                    <=
9191bffbcd0a021ffe28d0456c5726940dab4b6d.mp3                    <=
91a6456c4a0a708a5ebfc92a2b21eac054a85b19.mp3                    <=
91b0369e499f6c43de9ec7ceb6329dd29cb211bc.mp3                    <=
91b4b77a53f60533bb12ce2e41d5aef29aff5d08.mp3                    <=
91ba9a6fa3c01d7505f26ca3086d0fcec1eb3ed1.mp3                    <=
91e7946e515954b3d163ff7f7cbad18206e5fc70.mp3                    <=
91fd0711459e44cead81a6ebd42d06d6097d0e32.mp3                    <=
9217600e9c4d3002ed030ba9cbe250881b43152f.mp3                    <=
922cc8e2357429b34bea1f524de63213baf258a5.mp3                    <=
924fab97e4bbc6b2076951398b4b84bf3baedfed.mp3                    <=
926187567857d2b6425c5d89310aaa221ff24ae7.mp3                    <=
92640c368b04383597939e99e7b402102bd613b1.mp3                    <=
926c76a34a293319ca779c6e9d8a5b348136dbb5.mp3                    <=
92ad64e4b9419b9873b5140b3100b6ae57a92335.mp3                    <=
92c9730291cba1cf87e980acea3993bc270cd6db.mp3                    <=
92d6b1a6dc4df57118a028fcbaea5f6904083afb.mp3                    <=
92eecb6263592c7c87bc0374d0081b371b22fb3b.mp3                    <=
92f4ef383b9860e114ff6d358563f7cdd2d7ded2.mp3                    <=
9304b7b10cee6734fbbca026ce5b39bd10178921.mp3                    <=
930510f1e7258c6bb14ada2610d5c2e84bca76e6.mp3                    <=
932629c355cd708771a40bf62532382cde1779ed.mp3                    <=
932a2c1ef80a3bd17cfe36c2e08c643d351f6f42.mp3                    <=
934c63f8a1c075e19bc774489499d1bfb1ac7f92.mp3                    <=
937a036f2237fd1c5341b689f6c58561218f1102.mp3                    <=
9385f6a7079ddbd43dc238d083110c734909ae57.mp3                    <=
938b473a01d3b8700692089df00c8ac39ba837b4.mp3                    <=
93be15486c24c757590233a1edff9432e49f4427.mp3                    <=
93d2c1eac957aac80e806d2952f3476736ea8d99.mp3                    <=
93d6905d912ca9a4c087e788a5ca5c32da1b1c92.mp3                    <=
93da7d2d525deb3e942dff6c2b1162420ec79332.mp3                    <=
93debf652907d2c4cb8c5d177b9ec979dac2c7ac.mp3                    <=
93e8ad9b66b73ecaf337d91a36baf5f04625ecba.mp3                    <=
93f16dad52e6138277d09456839e6387245f0cd8.mp3                    <=
93fa1a9343adbe14053699c33cd8e4492a89c8bd.mp3                    <=
943f70e6e3785a7efc6fc68a4c14104a3e4a883f.mp3                    <=
9444e527b046513ad0d50972461e568c9b4b1ba4.mp3                    <=
94503c3d20f039c47d7c5fa673f6de8a9efbaed2.mp3                    <=
945bd13ecf55f81cd6cf3ee7dc811bcebef6628b.mp3                    <=
946749e36ccb618e960d00b177969d942981b27b.mp3                    <=
94755e6ff678b820da2244ba980d050f0c72020f.mp3                    <=
94928080c4475fc2cd9bdaf9f6a087eb72554ffa.mp3                    <=
9499be11fa0d2dc1865f44a664eab245809534e9.mp3                    <=
94a08b431f227a992f14556ea52eb29ffa7bc1c5.mp3                    <=
94c059013b9d3d750a8bfc01ca68252d25c55afe.mp3                    <=
94cdeeb35779b79d352492634b37656e3fd74961.mp3                    <=
94cefbc419c3f9842de60ce44b9a025d1eb0063d.mp3                    <=
94f731a93c39cbf077fbedcd8a86815345e70031.mp3                    <=
95221bc49133cab6ba15d8d0b63e5824803e507e.mp3                    <=
9528f4d88f5510ae8fee75b820e74564eade28cc.mp3                    <=
95631c2ca5b11f79abe80818c84fa1f523f9804c.mp3                    <=
95811737ddea44aaf6d4ab3cc85480180334429c.mp3                    <=
958388be692e329b56e75321914b7683fcf2d8ea.mp3                    <=
958395b9633bf238365e947581ed7ca65407d230.mp3                    <=
9589f8b0b972310228ac81f4d49e828f15d39ffa.mp3                    <=
958c4e2c1526148b07cba75c63211b9b7b63e736.mp3                    <=
95aa4abc8b6def2a64e664b582dafe4bea186c0f.mp3                    <=
95abe681344f05b179b3788fe7f705b39a9925df.mp3                    <=
95b9884cacc2baf46c2bbaa7e05a86690215b621.mp3                    <=
95bb8b42347931a5750eb5b9f1f39202ee82784c.mp3                    <=
95e05cabbfb71cad0a7392622700934ea05e63b6.mp3                    <=
95eb5d4d3c5aec1acdec17e41d919d47d3028463.mp3                    <=
960a095e403773c927f563ea4f5a6ba366c46839.mp3                    <=
9638d52171f30762e58893351a4117811511f329.mp3                    <=
96443c6fc18f07cc7d0391e3e4b425c84cd882ab.mp3                    <=
964c197399f966d9dc4bbcb993e2a6b47f35f7a4.mp3                    <=
964ea5e58d3717977baa4dbfb127f5cb34ffa750.mp3                    <=
965ca42a43953f30b099a963ec5adfe16b1d8580.mp3                    <=
966faad6f2da2858271e33f50a102ad2e8107dbd.mp3                    <=
968543e56af02bc1fb65367083fe5e5c21206943.mp3                    <=
9686be897f7fbb704717afced399ea1b934f417c.mp3                    <=
9688233dff470fa4ff53e499679b977f6217f144.mp3                    <=
96c15966d79b098f002aa8053000c3965254e21e.mp3                    <=
96d0f5f7cf870a8645bfe4f24a430c75a66bc07e.mp3                    <=
96d3a028e4b31546e1fac2f10e5c5e770ceae338.mp3                    <=
96da162f9f9e39247cd2a0b596c194fc8a026d3d.mp3                    <=
96e546a6c89a3a5065cb97b89ea2729a1069493e.mp3                    <=
97267c48cf11a06f92c5b8681b0fdd2deb27ff68.mp3                    <=
973ded409406ba1be12fe826fc51b5d747d40f7b.mp3                    <=
974087e042783ee4d5fc67a20745d05072177168.mp3                    <=
974771b932be3a63a9fe05d4a9ef06914217f73f.mp3                    <=
9768725a0836f8ecd9cfe7fdf4b2b988dda1155c.mp3                    <=
977841db5a60efb21d4da7358468e9b51c8c4bc0.mp3                    <=
9779f342e8c406bf87dab2af7876b1161d9de4c9.mp3                    <=
978a6d4f15b86263adcacb63bb6500115e9e96fd.mp3                    <=
979498c10b17e0d2b70adf3fd9e40530b535c0e1.mp3                    <=
979da756354cca0d83406fd13b57a508816a75b2.mp3                    <=
97b2ca49102e2a52964d4b9c6101e8a834708a15.mp3                    <=
97b718570951eec35119019cac459908e13e77e6.mp3                    <=
97ca0efab42721c6881179d1941b27d0652c05c1.mp3                    <=
97cab0d5eed026168616c85ed738d28dffc974bf.mp3                    <=
97d18cdc3e6f0f1b4c10a1538ab6d721c08e7817.mp3                    <=
97e17c83446e379849523ba8a7dc27101ce7a4e3.mp3                    <=
97e5dfeca1ee6c0e9c5f4c821e66c97bc6e888ea.mp3                    <=
97fe6eda20a353a7b0bbb324fa0b18395f569983.mp3                    <=
981229e8fb74b53bd256b2a3cd27d7c93c75b02a.mp3                    <=
982d168c31b8e9aa09c03f4296a29ea9fe13c6ac.mp3                    <=
983f0e3026dc5943bd575b67043b2b5e4cb9530a.mp3                    <=
984d01c830ffc3c9d904e11946e5d01deb19fbc2.mp3                    <=
9864316bc22656950a0f8c896ff4b2dc56e3c349.mp3                    <=
9864a6241128f1f80698beff2947d52f7300d82a.mp3                    <=
988b102eacad824af0ba3f055a829aa3eab316b3.mp3                    <=
98c94809c562e03af8df8b3f2a4deadf81418e80.mp3                    <=
98e30b8522850d95027e0128c292b18304d8b981.mp3                    <=
98e652e3c5c24b8806e8c549b74cca46ccccd14b.mp3                    <=
9901919d1a1bbc26c232930eeae61a2506ab3792.mp3                    <=
9901d3e7f75f5482ccab5f97936a5c0165977868.mp3                    <=
9903366dc7c58fad1984fa441e5438123701aa4d.mp3                    <=
990e4ce7ac70e3856b0ff113aacae889528a8e26.mp3                    <=
992049de569e1d0fcf4995aef54414f48028b547.mp3                    <=
99219cc6a64c038cd27ccfe675dac0ba2e92346f.mp3                    <=
99290e355abd966b975f198232258da7ad9d71b7.mp3                    <=
99306b10c14fdcbdae4e99c7df48310c114051aa.mp3                    <=
9948815e803735b73f04480fec3df78d45000e7a.mp3                    <=
995b3081c2c8b6b7a65ba02d38ac5fb1deba9351.mp3                    <=
9961bae4d0751985955b7fab0bb0149b5b04283c.mp3                    <=
99670d46c3f63fef721a68e5df21d91505b5794a.mp3                    <=
996d808a08f8c33160affc684059af751f277bab.mp3                    <=
997b35e25f28e5d62e836711aaad8be590f5d39e.mp3                    <=
9988f2907627b95e754573336356d6bf76fdd40c.mp3                    <=
999c3a27c53c50989156078cc33a32d0ed922156.mp3                    <=
99a56a1b43270ac96ce5d7e07d7cadbd301a55ae.mp3                    <=
99ac6ceaf0411d5d68bfe117cf00ea897534c7e1.mp3                    <=
99b949455b8abd739edbb3bf52ea479531aab5ed.mp3                    <=
99fe7c314fb3997036909fcda673a99c13133eb0.mp3                    <=
9a1b550c3e550a31d8af66361e37bf4cc12459e6.mp3                    <=
9a3136c2107c6200be9ad4ccc0e2c2ff434c4641.mp3                    <=
9a405dab27bc9ba2ae3fc50ff3378d3f27ab2dc4.mp3                    <=
9a4218b8fbbb857e5c0393b6cd87758756b8aea3.mp3                    <=
9aa1a2922a5af39a9c0de1fb047cb76341ba8123.mp3                    <=
9aa2b6e17b021449199b7f67ac2265a6d9e97767.mp3                    <=
9ac7e5e83563f90874f665342a44acaba0f2b6d9.mp3                    <=
9aebf3370d3445a09e12c32cca8a86fdb144f65f.mp3                    <=
9af33e156fcbf7c7e1c984da40a723b73b98ca3b.mp3                    <=
9b1186f50331984e4455dfb1b364f4e17bc49354.mp3                    <=
9b182038b0d4fb6b75ad08dee55e7803e60b216a.mp3                    <=
9b1ad3625508f682f0b14bd5e15a58ca179acf5f.mp3                    <=
9b585795bbc4e42df8e558f83cba894b7830299e.mp3                    <=
9b665462bd86cad1dd6897748d59e2a5f5c9d001.mp3                    <=
9b6e9c9de7d043207c5b78537dfee7c734f5f888.mp3                    <=
9b769ca93d7cc74e402d9e30f8f2aedaf51e6ca5.mp3                    <=
9b84438a2f32b061013af9d14cdaf0e1b3b8d189.mp3                    <=
9b8722ab416cc9796b9e6ff8821a33535d8c2f1f.mp3                    <=
9b8dc91b98c5a4dc05302ee633c6e00f8f8f4049.mp3                    <=
9b9843f387544e7dc07d79cace4be5647adb4823.mp3                    <=
9ba3d47b740ee0db0a4a5ba4162a52530dc9fa99.mp3                    <=
9ba6ea49b1d6449ea4047058bbd4a4f313683569.mp3                    <=
9bb7b15f0985d0fadcc0891edaa7ab134c03bdce.mp3                    <=
9bbd33da0c5c7ad1b1a2c7e966d5aa67ddd0dc81.mp3                    <=
9bc568800ed895a221f9241ab03dbdccbc0bda88.mp3                    <=
9be0c265b1968dcea40fdef04991a3d7c2ba81b4.mp3                    <=
9bf47e588d1324288218fe061ff9022f04ae87e9.mp3                    <=
9bf70221439788e6c90a473426288193511a9b5c.mp3                    <=
9c025cc850366e5778ac30147d83439eb96952d2.mp3                    <=
9c0ea3f26024448e1e49f9ec5c2b1e57f927b4c4.mp3                    <=
9c0f35f63f4662029e35ab9f84db2aa863494157.mp3                    <=
9c229fc03d7c0bd45c961b69c6161b212c3ff18d.mp3                    <=
9c3ff7d7aaeb435fedf9523d0713fe7599b7100d.mp3                    <=
9c4b941941102015056fb2eda4b1f7e50abd324c.mp3                    <=
9c55a8964eddf4f96cd5b64279525ebe21a47f6c.mp3                    <=
9c5a01c82df5f6095439356ce5e4c644acd14421.mp3                    <=
9c7e38c81aa7b0bb2068ae4bafd8ebbdc68e8485.mp3                    <=
9c7e64acbfc853360c21e9b2fe6945926d16f967.mp3                    <=
9c8bc3cad4adb3267293f2f678af9bbd06ee73ef.mp3                    <=
9cb15d2607c3977e1fba23d3f467b6e791ff3959.mp3                    <=
9cb8e4177665dca81e941e5381cf7349a76f8d2a.mp3                    <=
9cb9e5e0cc1bfbe1dd58e47d56bbd28705fb3e08.mp3                    <=
9ced7e4759d0ee4d4586edce39c9cb566bc29af8.mp3                    <=
9cf23a5ca16e55bf668e77482b9affa3f1632083.mp3                    <=
9d0bacba4985e2d1f76a720d8f50eddfc4044788.mp3                    <=
9d1f9d19382e2a003e988e09d07b40e561daf77d.mp3                    <=
9d3a6cc7dfd8b7cbcd7824d0984e081cc0c91015.mp3                    <=
9d45f922bb7c147334382320a314576e48c789ff.mp3                    <=
9d73bf63d2eed5ac58f33d1e730db81646337ce3.mp3                    <=
9d7d7c3dee8278d00b97a96b6fbdbc9a71ae2583.mp3                    <=
9d8fd37ed9828a603b5e9ab966b10fde4aca0020.mp3                    <=
9d90c26dce332f2b66fabdadf93306e5c41b1468.mp3                    <=
9d985cd43cf35c20886b9024b7b60ca3c7fdfe4f.mp3                    <=
9daa8a2286d7ab122fd6b3ba9a9af9e03ba24eae.mp3                    <=
9daee3bdfbf853a2ecc2598f05f44b80cb41b392.mp3                    <=
9dc3818f1f50daad658ee2242e1429624e44d4bb.mp3                    <=
9dd8925cd8d1f2838efed23280d9b48b62bb1d1e.mp3                    <=
9df5552a290cd488622e2a449ab6e6a688fbf4d8.mp3                    <=
9dfc8009bde89e5b5203cd43aecf38055fdbe195.mp3                    <=
9e01fa3e0cce87eee0206220dd7ff44f3ba02156.mp3                    <=
9e07ffaee7b3ec34000bb13b9278641bc75228e2.mp3                    <=
9e0c03fa15d7a98e9f5921124da9f39c5b0bf1a9.mp3                    <=
9e13fa8a1072da7e71055f83bc786a486af4dbf8.mp3                    <=
9e27c821db9a987115747762629fc746764929f6.mp3                    <=
9e29070781ba4aeb1601348b3f6400b17e2eb1dd.mp3                    <=
9e4163e1bf32d9c08eb71bd208fc92a837800d89.mp3                    <=
9e59bbb4ef609877f74ec9c2ae33e58cb298c884.mp3                    <=
9e79f27674e2fc2f47ed913b8c69e29bba89fc60.mp3                    <=
9e7e8bdb1fe60c71b4f7991bd1436c5765210a46.mp3                    <=
9e9fa259ba8ec0748ae68b7860068145e74846da.mp3                    <=
9ea5e031a6c83db3f96e94a9fd863a913b89770d.mp3                    <=
9f0279ee1ffce656b8169c117ccb007e8f8064f5.mp3                    <=
9f1c0abe74468ff77025441b7dcaf30f1e7029e1.mp3                    <=
9f2fb29c71d40ad43ee41f2d826cf7e42eb167fc.mp3                    <=
9f35f2fc1c3695f99be8115625d4a197baf81938.mp3                    <=
9f39116dd19da06dd09c44aa6a0984230341026b.mp3                    <=
9f4de993a6483f8259a1aa5c4511240c1e961627.mp3                    <=
9f7464b983160953059a60fe82ba9cd895e417fd.mp3                    <=
9f8480273d8aa813b7ef0db36ea30ad97d1acfda.mp3                    <=
9f995af8de2f1614a90883d75c3be6e5f03b7ea0.mp3                    <=
9f9a280be9618cebf0f3cef74a13c6117b97d7a1.mp3                    <=
9facce2813f21d198ec6ba7850d80e32d312f48f.mp3                    <=
9fbcd0e7a1e0fdc767e969becd18837a5db10fb9.mp3                    <=
9fcc2006bf6a939d2a7b20beb473b0f9f1f34eb3.mp3                    <=
9fdbecf006a809db51dc4bf1fe3bde872214ea72.mp3                    <=
9ff87baf3235442d821f6982dfa5132289fbe034.mp3                    <=
9ff95de965fe7a1412873de13e7e7fb99d87361d.mp3                    <=
a0046f2dec2efe3f12c8fb50aaccb1be2077ec2d.mp3                    <=
a0092abecaf8586a1cde007642ce4903d16c5f2e.mp3                    <=
a0209ddd448a9e8e25091c927402f5601ab6a1fe.mp3                    <=
a021337bae54fa0ae4a0ac3050577d22bd7f33c1.mp3                    <=
a02152ff091abc89633a764be70ad4785dcad73b.mp3                    <=
a040d811cef2915593ad5f5c5ede4e6cda0b0fff.mp3                    <=
a0485c5073e86db63c60da05f000d571a1ac0504.mp3                    <=
a06f7a8f1b0a87a30945d8c001e9dc529b78747c.mp3                    <=
a082632b9d51bdc75af23452e23f7780806e3e31.mp3                    <=
a09f126ba8df807e17a449340a21b81611eaf1ba.mp3                    <=
a0a5d097f54c29dba91b2da017007ac0105fd697.mp3                    <=
a0a69d6870ec0646c9193c918d354c39afd9febc.mp3                    <=
a0ab6d8c88078da9f43451ba33efc580b2372598.mp3                    <=
a0bee1e9856ef0470feaf8e6422c8fba9c77cc7a.mp3                    <=
a10c45012b497b40f241c718c835527883002580.mp3                    <=
a10dee063901f9ae99195f6bd590496b95256c8f.mp3                    <=
a1342138323a5400713348913994b37319ce9cdb.mp3                    <=
a161d4cba0f96f6e6c945efc765eb50354b7fe09.mp3                    <=
a164f7937159411937a46d0cecfacce031bb13ea.mp3                    <=
a165bf7b0be5700110815159df639c797254f773.mp3                    <=
a16aed82927a15e2995461653a3cd5a9920b60ca.mp3                    <=
a16f56accc1a5e4aa0e8c08940e1be35a5347ad9.mp3                    <=
a1753010670a447260e770e1faf8d9f01f95ea7e.mp3                    <=
a17fb40a4cbe198ce33f7d4741143ce6c20e9fcc.mp3                    <=
a180e1eb36188356701c9723593036d1bc803f73.mp3                    <=
a18e7c92a60f6c1059cce5b957f17cae6e730f20.mp3                    <=
a18f220e7d879005842661e339d08eaaec423f62.mp3                    <=
a1a3a8a227f7c42e36dc0b188bedd0bf030f772e.mp3                    <=
a1bf5b2a6593789f97f412c5b6ce55e70e42a949.mp3                    <=
a1cee15fc9541ceee6bda7addd1bde3b705d9ad5.mp3                    <=
a1fa8d793362f8c365ddd02acc17fba59c7fc34f.mp3                    <=
a2071c519d6d9748d0c608f1ff9158bd2fe65721.mp3                    <=
a214eeb430ed13d63684834dc8f38ab1e3c2a6af.mp3                    <=
a2192457bb9c24be9aa4cb7d094b257ae70b5a76.mp3                    <=
a2268ee043813c0a6e5a7ca4c36ed9987b0632ba.mp3                    <=
a2358693f8c47e9217dd3b213316ddc456c69afd.mp3                    <=
a2472b911c5b7a4ea3a1ffb1876491130d6237b1.mp3                    <=
a24d0592250482b747accafbe8a360b306f208f4.mp3                    <=
a252c3fad85754844d9dd192906329df4350b987.mp3                    <=
a2568e8b087671000b4d0fb8dd4392e6f359fcaf.mp3                    <=
a2608caa386e387a3e7d36e7364bc6bd9f14f346.mp3                    <=
a261e55ab9c9940812d5f00ea8f536fa80972946.mp3                    <=
a26d41103edc9562b036f6dbbe9fd3446dddda8f.mp3                    <=
a27e321738ce19878b591ded528898766110e983.mp3                    <=
a29ab61b2526098dadf2cf1fd37ca6b10d587cb2.mp3                    <=
a2a1045720b7d5c4936e96db646a562afcffc3a6.mp3                    <=
a2a3f87c0b03e5abbd220e33acdc5595f07505e3.mp3                    <=
a2bbaf4e97cda514c83cb7f3ee5a41fe007104c3.mp3                    <=
a2d475bde24f60b6c740717e8bbeb34d4f406efc.mp3                    <=
a2f3aa9d1331c37601402460691bc3e138e2fc11.mp3                    <=
a2f636b71ab745a40397c741ff72abee4c3275c9.mp3                    <=
a2f7b361dd408297a77d3c48189677486a3dee88.mp3                    <=
a2fd44b368fcc63e5507bcbdc03f492631616925.mp3                    <=
a2fe58644ecc39bbfe313de8f5db36ae29f1e737.mp3                    <=
a30b66edca7e19779d7a0cc0ba2f12c45dfc1fef.mp3                    <=
a3516471c51df16e373c479b8bf118c11527b47e.mp3                    <=
a353f131c71383248392011fee0625d436993a0b.mp3                    <=
a381afbd57cf434a579bbeb1bb7da5aa3d9a00b6.mp3                    <=
a3997fc6e1ef63b06dc435748ded54a4da77de96.mp3                    <=
a399aa7341e76df13d8d2955e428eeb788f8379a.mp3                    <=
a3c1167f0b24a9ff82983101a3ea4be11a0a0121.mp3                    <=
a3cc6abcbbe0d2c4390be06e9e651e7634039e4d.mp3                    <=
a3cd9eb5d60a4f3c1622df35a24d4cb77d8596b5.mp3                    <=
a3d2a91d6ebbd69fbf1d061cefd8b623600bd7de.mp3                    <=
a3dbefaa92865a1a284d06b526cc8361b70372ab.mp3                    <=
a3f90b9d98050ee28427f774f485fde159f56cb1.mp3                    <=
a3f9a088a3d09a7fbd1ef1df0bc2f68dff0cbdb6.mp3                    <=
a3fa2c19c4710a86de425f5c1d2025a4d5d97f0e.mp3                    <=
a432c00418524bc3f16fb1dcc03886ae95312e51.mp3                    <=
a43bae6e48b97aad03c862a872c4a79c8af36340.mp3                    <=
a43f24ddcd6e5278863fc22eb1059e2d51199668.mp3                    <=
a479970eb93f1704167cbfdb83d58b40bd349d0f.mp3                    <=
a480961f6cb92a0e9af158b19a4df317f228035e.mp3                    <=
a4849591b9a53bfb107160dc33596a090eabe484.mp3                    <=
a489d2c70d3304cd43c2d96eb2efb7453a23d7f7.mp3                    <=
a4a0324051820f5aca6290398e421120dc0c35dd.mp3                    <=
a4a2c12a32d3a819d6a98733f5beae58c99d5897.mp3                    <=
a4a95bcc66329ff18aa6f7e5359928d51d4f7aa2.mp3                    <=
a4c44c258d37fcbef91bc2a9640eba1885e1163a.mp3                    <=
a4e074e139cf0fe76be2264c2570bfab1853e967.mp3                    <=
a4f32dcd67ceefb4f139918aee6d17cd9e091557.mp3                    <=
a4f6a5aa7a087b8122d6a6f14e2e7972e21bc493.mp3                    <=
a50119b5add08675572a7fde16a5ffbc6207372d.mp3                    <=
a50222a8e147e55d16da79630107015b627ee08d.mp3                    <=
a503b48736f9896740aa7080e828c14d33aa3836.mp3                    <=
a52e83cdd2d663ad1db2944b0ef3c8df0d4c2d8c.mp3                    <=
a553c36e1ae70e2a61be0ef891aff2bb996dbef9.mp3                    <=
a5584e4d7d839937cfcf4306437cf63459f37e66.mp3                    <=
a579795e7fd79bf068ddb69ee01b0087ee165cd0.mp3                    <=
a5895bdddfb44337dd841b86af31dfb9bda12b5d.mp3                    <=
a5a418d2cbb4272080007ec047ad212f2f12d6be.mp3                    <=
a5b4d16270d264d6aef6bd67910881ac290a0a79.mp3                    <=
a5c08eb0a243890ac4823aa5de8e05b98e704963.mp3                    <=
a5c6d4c8afec95605c4ef7c07a153c84edf22ca2.mp3                    <=
a5d3616b8cabcd7a5c4ab823678ad5a7f0deb38e.mp3                    <=
a604896a9c9489b826ace96a8a4577579329502f.mp3                    <=
a61cc2547e4d45eb96b7829dcedc3ef2c30428d5.mp3                    <=
a62993d45bfb1566e538e1dd666d6a2dcf4fc830.mp3                    <=
a62a09bf794acc99f40284de0ed59bdbd6eac0bc.mp3                    <=
a6399baa49f5209a730c2816c60ac3fbc7443cab.mp3                    <=
a644050a2ca4b5ed5098c8e787e4b85eba58fe6c.mp3                    <=
a647c23739f128e6281076612a1f457858c98869.mp3                    <=
a64af6c7a17c5a7d631a8fbd6bb5ae130b6b2128.mp3                    <=
a65e5209b59101c893578d52ce72816c0821d567.mp3                    <=
a67403f0176fc44792100dea9fa5ba2a9be6c6d8.mp3                    <=
a677dde10f0df8add4c30bf744d429e14fd05a21.mp3                    <=
a6886b53d218ad7a2537a50c79aa9ac72595512b.mp3                    <=
a6cb2a6c3a497610dcc23f3aa7e4e94b85535ede.mp3                    <=
a6cb31cecd652bed76ed049ffdce8c8c0412746c.mp3                    <=
a6dadac51fd898331218accf6ba18436eea80801.mp3                    <=
a6de87918be91bc94ea4cf054fabb958fbd2b86f.mp3                    <=
a6e2b17b9e645fdc7b869057c9224e22c6f58db8.mp3                    <=
a6e72a5cf170251c2d0b2faef977c953ebf55b6b.mp3                    <=
a6e75eefd33098fb8a0d8b70d7d20b91dd2fd691.mp3                    <=
a6f5b94b568d5bacb7bc2b7f718e0577f0f5155d.mp3                    <=
a6f909198e4a3692fb3bdf6c01495cd0cbff4cbf.mp3                    <=
a71864384109e6752d34508c485cae8399947a57.mp3                    <=
a72d2aaaf1afe6f6069d579cd7d76a9c6155b511.mp3                    <=
a7365f08c4cf0dfdb2bc850bbfa1bf80672d9e41.mp3                    <=
a74a8e3249117d4f3e383f1afc431400637b605c.mp3                    <=
a75aee98295eb9eeb1dedbe6c270cf83421c3e58.mp3                    <=
a798fab48cba23024e2ffbb2186876d081314524.mp3                    <=
a7ba8b458f57740ae0f182a754811632c900dfff.mp3                    <=
a7e694941c4cfd22793d198f39c0859e8d2dbd13.mp3                    <=
a7f107ce890c460dbba6e2afbaf1f0778aa662a1.mp3                    <=
a8006cef452c6576f3f7c74bd5f6f03ae6f32315.mp3                    <=
a802f94d4557aee7716123f7e84eacfbd60be60c.mp3                    <=
a815b62551980a880b6b2b6d289deee09159c5ec.mp3                    <=
a832fbbd649859021bec49e42423bbe4500a041a.mp3                    <=
a8596f95d1807c8a6c8fa8aec789d068d6bbbd69.mp3                    <=
a86372e8e8feff17302b64e82054937d82a56422.mp3                    <=
a867361f7975b3fb87ed4efac1edb5667c464a9e.mp3                    <=
a88473955ff650126ddce60049214cce61f1689d.mp3                    <=
a8ce590f913e774661782ce6df31a16f6577dfae.mp3                    <=
a8cecc4ccfcb9da70b00e97d43c05ec9b5ef37ad.mp3                    <=
a8e8ac410c761c0a3e535aee3ee63145c5f7eb3a.mp3                    <=
a8e8adceb65fbcc3190e596d94821bc46b0fab4a.mp3                    <=
a8f30350082ef6255c323a021513393a4bbe19da.mp3                    <=
a8f3b9a6335c4e6e289b0ab2c3a758bfc69ab58a.mp3                    <=
a90a26354b20000e9ffa056910784caa061b6f35.mp3                    <=
a90b770f89dbda3aefb62ad1282c8529576b5c73.mp3                    <=
a91b39bb6c8268638a9d0a2318ff5a98a7f1a509.mp3                    <=
a91f9dcb3c24172bfceb173983251e01f283fdc4.mp3                    <=
a93e68701ff3ffaf439ff471d82dd4165a64f02b.mp3                    <=
a9514e063da4f30110538b2566cad335dbedde03.mp3                    <=
a9534befa8d0575358b2007bc57c684501e3f9ba.mp3                    <=
a95cad8d115d77c7b6e886e81a35203279f04e36.mp3                    <=
a970dabc529a4bfecb80710353badd64b8829aaf.mp3                    <=
a97ccfd57328b1cf41484e93fbf61117e46e6920.mp3                    <=
a97ee580b8f976177369c7f049563e6030f532c1.mp3                    <=
a9a451e34ebab0acc95904ab831b0e9a24a7908c.mp3                    <=
a9b93fff8540a3738b0fb445dee8d4b406ec0e38.mp3                    <=
a9c759ba2c791b6645cdd8f06ed6236537567a0e.mp3                    <=
a9dab905f1cc73d7be70facbf4989da9cf0d4421.mp3                    <=
a9e87389471a16302ce66adeb8837fd98620169f.mp3                    <=
a9f06fc4eaa9c6ca1cb7f6e8c3e73cdd63973c2b.mp3                    <=
a9f8a82f7d1843d7f7a7d09f8d504f7cfa9206bf.mp3                    <=
aa112c3b70cfc644c6ba307271535b5f425c9ae9.mp3                    <=
aa3436001af5791acfd776aa5c27c38a20d84119.mp3                    <=
aa4b71298643232488c664af91b5daf7f97ebe93.mp3                    <=
aa5c805142f96389bbcbcf7fcf2f6ce5eeca0723.mp3                    <=
aa7550fc6cc9ee1a50c02406d866f35eecc46440.mp3                    <=
aa9586738023afd4944f0be3ada73201c9c75a5b.mp3                    <=
aaa5b8a7e34fd5954f764c96d8b8ec4fb44cd18b.mp3                    <=
aabfaa04030924405686d05b4702b7cf31f63cd9.mp3                    <=
aad41bfa84a8de4498ca99a280ae13508328a9f5.mp3                    <=
aada69a6b9c4c0db2e58f13eca1a2c67c2099559.mp3                    <=
aadde2b8609a7850cf00352da2e1c5d6c359ef9b.mp3                    <=
aae6e0e35a7f023712e4a1edf2726bc3a8b76094.mp3                    <=
ab1c4c897c24fabf11b206e43b6a560f7e70b7f4.mp3                    <=
ab37ba475020db01e4b56ed98a5e2cc313d99a9e.mp3                    <=
ab4332cf63bd0ebc5c147a8d9538cc4a961be722.mp3                    <=
ab5d14fe1bf001071e609d216131f1ecdb9f037f.mp3                    <=
ab5e7389e464afe2cf3a410ae3ebd7d3fb5f7d74.mp3                    <=
ab5fade45cc7c340963d066a490084e08ef03858.mp3                    <=
ab673431f306cce2c3393f4d8cb480dbce60d091.mp3                    <=
ab6994e2aba52c334bc3b8d8a11c00542677ac2e.mp3                    <=
ab7a7188a033119371c6a3afcd43c98c1dc95b93.mp3                    <=
ab7d4ed5775d68157adede33f406509713a4f1ae.mp3                    <=
ab9cd48b477e39ae148d645df87328b35c84ff1e.mp3                    <=
ab9d440aa84c480ae15db0b6a625cf09f3e41608.mp3                    <=
aba8bf4055a719271e60e6d29ad128bf4c3f60b8.mp3                    <=
abb8e667c74ecaa3cb543843c51d3a4c603d4c37.mp3                    <=
abbfce0e826b7ad811fb34adbd191dad355b4237.mp3                    <=
abc885fe8da4cbe42acb17d227c8674ef7f0741d.mp3                    <=
abd4f0862af2c1021bac4d579066c8094c0aa8fa.mp3                    <=
abeaa959c3c6110df770232edb8b7bdce7570a2f.mp3                    <=
abf33bf143ad7e4351144bc4ff753a3f07767df4.mp3                    <=
ac0f0c9b39805df6045d01dc68583812b3aedb32.mp3                    <=
ac10b9b0b568f4e057f076495bb432b205222b2a.mp3                    <=
ac124e25e7ad6b01b1b7a3930bde7e2762ff1ebb.mp3                    <=
ac224a8e5d3b8718f60215eaab82350c4500721f.mp3                    <=
ac3fd9acbac5d453af5ecfa0a692153e0313fec4.mp3                    <=
ac43c0a5966620cad63ef0825a8c9ab42a423679.mp3                    <=
ac59e9eb56e09f0d0c0a8e652d3a470bd0fa1389.mp3                    <=
ac5f199aa6538ca50440e01888ca874417e1c0fb.mp3                    <=
ac67357c8a0c2be9db510abd4c1ab6b11bee8997.mp3                    <=
ac875eb8cf82ee809eb36fb0b586d87b3d72319c.mp3                    <=
ac93dc3ad01703a8ae11e2579928d287c806a2ea.mp3                    <=
ac96ec8bf1a59b02120a143fe9ce490bda7fc4a8.mp3                    <=
acbc6f53bc1b582572dd6134c768c0d4d1273b4c.mp3                    <=
acd02a6a6208715bad6cd1240ecb13dbad06b4fb.mp3                    <=
acdaef05e42b910ebcb662d692af357fe965893f.mp3                    <=
ace027e1204cd21f0956fdeae1fa5aae0355f5ac.mp3                    <=
ace998ead8035d395a72f2c1632510e7e2f569a3.mp3                    <=
acf231aa27ebfbf219a0f91980c09a2ca1408e26.mp3                    <=
acfbc9ada54618bf98d4fbb91639e3e0d0ee5c9f.mp3                    <=
ad1f0f441571f4880599529a623a204e5e0a5d1a.mp3                    <=
ad35664997ca54ce779bba187504257a05295b0c.mp3                    <=
ad3a7f06a65bd0a2543e9effd04468e748c4eff3.mp3                    <=
ad3aede4b5844b0153d2997417921e217d69d1ad.mp3                    <=
ad3bca2a66cda0af6128daf28a573eb49d5e489f.mp3                    <=
ad45afffe3fb39845b385d344c4201c3753ac4d4.mp3                    <=
ad535961b2c6955eac99fb2327599ac70eb7a805.mp3                    <=
ad727b144fb1541ff14c4f579f72ef3417a66529.mp3                    <=
ad7a099091cdf6e45df19a6cd454bb8f091ae59d.mp3                    <=
adab013ff60cc8fdbc5d28aae60fc7fbebf7edb0.mp3                    <=
adc4d5e5cf618e6d83be1a66201981a00bea71aa.mp3                    <=
ade6e3353d1a8985267853fcb269590885367970.mp3                    <=
ae03ef79ed8b3c946ba7a76f222408b3da0e7150.mp3                    <=
ae200f822891204c590edb5ff103e4b461e3588f.mp3                    <=
ae260cd5340d43ab9161d9d671baf7361c785427.mp3                    <=
ae398b1966dccc48e1bd6b075bbb9540e409f12e.mp3                    <=
ae46e58f71c88fcc85f5ad70d12206ee49462e59.mp3                    <=
ae5579e3231b0987f41df127c821ef040bf647d9.mp3                    <=
ae70e95412b281b39a81408451b8768247e36c09.mp3                    <=
ae7448ee49f22dbeaea77a6494cd81dfe46ad478.mp3                    <=
ae754a43765c279f79f949fd146d3141b160062b.mp3                    <=
ae7c844f4ca0eb99fdce849502a7d90060563307.mp3                    <=
aea6cd3b2501ba9cf24865730a74b90b81716736.mp3                    <=
aeb9bd67d0a966b065e6a2d18ae54b55acdf3683.mp3                    <=
aed02d942c6eed446280a070d7a173f3ae9400f2.mp3                    <=
aeefa2bc860beef7e604fe493ee4b4f0a0c52c1f.mp3                    <=
aef1c8b3088e75640021a3ebf5ec4cb724b7c17a.mp3                    <=
af08e7586ce48db2341d3f54d110079bed542eaa.mp3                    <=
af1f4ef17b832d0e234a6f435328f930620e0ba5.mp3                    <=
af2a26c54fb58dc5670d6b8acb9e761af76e6918.mp3                    <=
af2df0de0227c239b7d1ff91115ea9f01852ba65.mp3                    <=
af3bb81a1b95dd117152aa4f7956178992565f15.mp3                    <=
af51179208c6a133ff6fe85523eed3e351a6ffeb.mp3                    <=
af7630591bcfc00aae79e7fa8d09b1bf4964b5e2.mp3                    <=
af7ef757d99556a49e6f0d82730f04a31f4889f9.mp3                    <=
afa8daa9a84f6a97ccb2ea02ad3a882e029ee75d.mp3                    <=
afbef9badfbc15072ddfc6321ba9f9040f9ec7b7.mp3                    <=
afc5b0c7581e4f0ab272d4dba1e3b1ab2a610e37.mp3                    <=
afce98f26594351e785b298f0f5e562c422339cb.mp3                    <=
afd0121ec04a138cdc1951000fe4e9a1862e9a09.mp3                    <=
afe3eec21fa097699ff58036fb8aa34e10eb9d94.mp3                    <=
b0029c56f87b88e96a6b749ed98d9d62df32f268.mp3                    <=
b002b03eb6ee5adab661a28e261930383ea349fb.mp3                    <=
b00703f7ac758511f7d4cb88ade5fd6b4f0d78d3.mp3                    <=
b01206c4f211931de9186a737bdb5610f1d9885f.mp3                    <=
b01436f21d2643859e998a9f6944e253fe73fe95.mp3                    <=
b029ee3dd4c89bee7dfb5bc2ff3be3782c3980d6.mp3                    <=
b03f29bfa6e4e1d949a7c4cdf5c265a875138618.mp3                    <=
b04f2953a997b95be84cd7ddbc018b1790940deb.mp3                    <=
b06530df400327ec452572973e0b2b6fc16b6697.mp3                    <=
b06f8e2d2532beec7184f3ba1280ac1148befae8.mp3                    <=
b08c1481fe0909246073eaa3931d421133d51cc0.mp3                    <=
b08d388f92e12c507b17fce3bcf7288667a0d3ab.mp3                    <=
b0c8dcbb860f5dd35e9029382c6839879ac1ed24.mp3                    <=
b11366e9e9be5239a7839028325fedf7cd4a8a14.mp3                    <=
b13c642389ec976279c535aa7d02b365565a0918.mp3                    <=
b15a784aca7d0127124a5fc9bb3ca6e334f79bd6.mp3                    <=
b16250f33dbfd14d3e2a9a364ba4e5e4ec992f80.mp3                    <=
b17bdcc0f51b340dadc1dadb821d2ab989b8dcd7.mp3                    <=
b18a1ef05ec0eb9d5fe73f6d329ee443a5971db1.mp3                    <=
b193c175cbc3396cc8a5fc4bb41e8bfb8b8bf967.mp3                    <=
b1b6961fa3a7cd8106f44cc93fd530987db5b1db.mp3                    <=
b1be1209d251ef9958341940675024f2a94729fc.mp3                    <=
b1d4da13d9cbf7b0f4ce1da6376b69a0e2b91abf.mp3                    <=
b1dded3822896be0196fabf4f3da516bd613ea44.mp3                    <=
b1e75549699ffba336d49d124fa24333dbf2c268.mp3                    <=
b1f92f6ce20ad00734b3e15da32e4ff895b8a76d.mp3                    <=
b20a82d79347d2f31c2d1d119d72fa107aa90949.mp3                    <=
b20cd413b83d725fb9c8b7c4e9e0e3229894be9e.mp3                    <=
b21164267612753535871c990de6eb1db7bc9aef.mp3                    <=
b21288e04d6021228a84d301f50d8bd4c258db71.mp3                    <=
b2238e93f9064e32183c39d7938041e3c0543629.mp3                    <=
b22563357e7ff4a624a3dfd73d9a48297a02cbfb.mp3                    <=
b24eba4807303f550e87ab50a0f8ae8ea3ebdd02.mp3                    <=
b26c5394b80e3a0eab396d252bdf136801c9326d.mp3                    <=
b27c127a68230a658a50f61144b251d5068c82be.mp3                    <=
b28b874907218bea3807203e405e76818b0f7f8c.mp3                    <=
b2a4a74278341126974fc1c15baaf201a3c6b3e1.mp3                    <=
b2bff138af2396c0fd699b581e0b80ecddb4bef2.mp3                    <=
b2c5f550efd7922cfbb3e60bc8097a6eb123618d.mp3                    <=
b2e7571206af1d48ff9f94fd6aa7c93c4fa01b49.mp3                    <=
b2fc599e83f313a3b2df8cb247d2369f1b0edf8c.mp3                    <=
b3044ae48a0cc3f9f7cea6b571082430cbceb6de.mp3                    <=
b31b156f4877dc9d120473f08a06582032af3337.mp3                    <=
b328657c47a75c80fefcdb519db825aceed6f04d.mp3                    <=
b336f834f5f6b1bf3fce23fe388198512399e81d.mp3                    <=
b33adf9f20f3cd92f33a13b43ec2574eeb4edc5f.mp3                    <=
b33ef81fecbf53d9324f5832ee7281163476ed4b.mp3                    <=
b351051a5786c7d897c52be851c342b850b09955.mp3                    <=
b35d0bd5a0b19bbba129f8190fee669730a7eadd.mp3                    <=
b3749692dcf2fb83817c99a41a3d0c9cfc0aad52.mp3                    <=
b384be58ffcf5b00a853a97e0af01779d6517300.mp3                    <=
b3bf3de9552727d28bc4d5ff33fb12fcfc0ee87a.mp3                    <=
b3dedc8e880500c856421fb3f933dc85e5b411cf.mp3                    <=
b4086ed266b5d89c6ccc1f6146dc64be4ef65a50.mp3                    <=
b40918069747cca6b085ed779ad00a75d30dde66.mp3                    <=
b40a7776aebe6fe8c78580ae6e4cdb8bc97ea894.mp3                    <=
b40ad5addbaffc0e2b41ca7396f8ecacc8cd5815.mp3                    <=
b41e84e701580aa20d629a791bf29bedbf834c0f.mp3                    <=
b41fc7c4418357301ea06a55873e0e97683a86bf.mp3                    <=
b43762adba060d3797feb32907b399f5d19c1b6c.mp3                    <=
b458f23bead79dd3250575efffb5fc8654004d4d.mp3                    <=
b45ff1f22e852bf95477737b9fcc4575907d5f51.mp3                    <=
b474deed2c935597cd66bdc50498f1801808b816.mp3                    <=
b4774b19589bbc2622d54f98991846ddf6d6187f.mp3                    <=
b47e6f7e857116379ca2ed0764d10f0921a553ff.mp3                    <=
b48c52a66ac0800c110d85c7bdbebb78738464ae.mp3                    <=
b48ff3b8ae100472a6c23e55a8f1f2e554a18af3.mp3                    <=
b4a2e86a752c22a765c6418d60c5b28fead74df3.mp3                    <=
b4e30f962a4d72986b608d46b5646ea4b28a1f19.mp3                    <=
b4e680565bb367e88b94e93b2107069365f3eab9.mp3                    <=
b4f522f3532d42281c95758cef5014cb854ea928.mp3                    <=
b50fbb00aa1bbda77be95cb22856d93b040f26f3.mp3                    <=
b5110fce1e0a41f7d41f77c14c0fed061c00ed45.mp3                    <=
b51c03193b4ad3d9774a4ba0f79768898cfe0f45.mp3                    <=
b56e0f9841d21bd42234e3e7312568bf36336bd8.mp3                    <=
b59a7d09190fc0ffdd1efaabf2806c9a31546b3d.mp3                    <=
b5a10bdb07656edac307941cdb0d8ea01dccd814.mp3                    <=
b5a73c87df68b280f353fb5954c2b886dc01cf8a.mp3                    <=
b5bbc84cb90bef1e04620c52fbdb6f5dc76b189d.mp3                    <=
b5d111f191c2250cf7812ad3cb2f23562b3babf4.mp3                    <=
b6238f54596505050669aa7bd2fbddd3bda110ea.mp3                    <=
b629e5eab597f6fbae643be49e31ff9947125cb3.mp3                    <=
b6769b34d2e926a5d76edf2be4a16a4d96da278a.mp3                    <=
b67b4276a12b51e2751c2a8ab69cb8daf8ecc7fd.mp3                    <=
b68ea7de9b2288c6cf19c43e7ae8db2e3ed82b89.mp3                    <=
b6abd09ab4feb87940f0c09994fbebf15cbd3316.mp3                    <=
b6e8f84acbb445bc9cfca3ea8c0385741fd3e812.mp3                    <=
b6fd90ffd506aecfdd47c727e8fc3ea1fe5d01dd.mp3                    <=
b71181255c0e7c6a2debfbbda3ce313c3aaedc85.mp3                    <=
b7164332f176040f113ff5daec50d08c9c88dffb.mp3                    <=
b7553fcc5ae19befb908cf6e2376f761a06124f5.mp3                    <=
b75818e429419ba678959f046e66b98e6f23de50.mp3                    <=
b765db325d7e144a3a077e798c1f1ea9c6e24947.mp3                    <=
b7763f83440fa1b68e404bd6a92712798515b0c5.mp3                    <=
b78f3da1008ea6641763a622d81b78f9882cacda.mp3                    <=
b79ab9ed58118c99752d10c5274057209fbd8f4f.mp3                    <=
b79d62f086a4472fc147872aa54b05d2f040a5e6.mp3                    <=
b7ba56e1c47ad7bf8b7a5f89583d1bb8a5a10584.mp3                    <=
b7c29fd7e60d05e20917e1967892c972b549d7f8.mp3                    <=
b7e0259ce33bca7604387cab15dedd1f5f2ac25f.mp3                    <=
b7e911d758b80e644cb39e5b0902c71392d00848.mp3                    <=
b7f388e17adb0d28b04408979fa1bc158e64586f.mp3                    <=
b7fc4e9facb7283dcc09d5f3aa93ce46f525d91d.mp3                    <=
b80b39f1da6a0f5c1d589f8a362e636b5ff320c6.mp3                    <=
b821934fde91d436176cb92b5e3abcbcfc7e8ca7.mp3                    <=
b821bad6bd064f7aa59b8f8deb7daab2b742f9fb.mp3                    <=
b82b0b8d2c6bcfd77b5eca079e6f5e629db38466.mp3                    <=
b84bfd69e5ed633f60c2516e24be2ad1c562b10f.mp3                    <=
b868d101410049fb53f69f844741108a41746a43.mp3                    <=
b86a63aa324b16cdbdb3e9664f514f92aac8fd18.mp3                    <=
b874f1ad7cfb52def796331fce742c3b268ea0b6.mp3                    <=
b882671501043f42227905c2123424abf092be47.mp3                    <=
b8856e0fb7bcddf2048a50801d908573eebe38c0.mp3                    <=
b88f7d87df7f575ce3376e00d4e67a4a7ab11894.mp3                    <=
b893415992e0a6dc112c2cc04c8efa4d061a510b.mp3                    <=
b89798dfb3d6e2046ec0ff200394fcb10d684621.mp3                    <=
b899cb65228493fbeab7e531ddc0969797ee27b1.mp3                    <=
b8ca51cacf70d8df181ecc8822d6fa44ca18f93e.mp3                    <=
b8cf708d7b717731a5aac511cea223b474997107.mp3                    <=
b8d612f46725ce7fdc1c4f4534875777da1f1692.mp3                    <=
b8e28db81e33770f42b9e0aec6156ae7246e46e0.mp3                    <=
b8fedc8cfa60cb16a20713351f91f8be08d7c531.mp3                    <=
b919c3dbb10b8a0acbeb804a10340afd6ae60e58.mp3                    <=
b91e48d117777b18239d663d6dd87b208c2f103c.mp3                    <=
b926729bf221723a76d1e01f670d8b340068a097.mp3                    <=
b9463c4c63af0176772993fd8e2671e1cc9d5480.mp3                    <=
b946b11d1af4c42d1f8ffaa4f85e0b1226376efe.mp3                    <=
b95a2b29f66a732a37f76e427a35bfb670ca7204.mp3                    <=
b96c1e04c7bb31fe49a50a94c0e37caf811e539a.mp3                    <=
b984f6dc501bf980cd89e3886d95cd57af5be65f.mp3                    <=
b9ca3d1ca6fd5c30cc4f97b36d9f002d1fa2b3bc.mp3                    <=
b9da0fd80c99af1fffdc2bc5581a979f90780783.mp3                    <=
b9f7e99fdbf4084049343284089e2ca2bccf26f2.mp3                    <=
ba0a8b5fa85114736abd3de53791ce7fa07deab1.mp3                    <=
ba0af43d4a9d4ac179908aebc54b8876fe14c8df.mp3                    <=
ba1047eed4ba34bf633afa2595eceb869b3ce0ca.mp3                    <=
ba2d55aefac7d73af14b5059f91df0008eb23698.mp3                    <=
ba36c07c6d9cc8a9bb96dbf62dd18a9ea85942df.mp3                    <=
ba3841d899910308b38a685f6036bbd197b28bb2.mp3                    <=
ba46e3f1d89c720e8e4c7ff2cb75ec69658af8f6.mp3                    <=
ba49ef67f4e54550ab37d5efd3931324da9837b8.mp3                    <=
ba4a725f3c1527dc411be5ca2c26619b9e17e4ce.mp3                    <=
ba4fe0aff14b3451ba8a2ba1c0e0709219059d73.mp3                    <=
ba59da74e849558c2feef9a9e92e58e5e68a0776.mp3                    <=
ba920c3fefe2405049b07fce774cbf862e857f51.mp3                    <=
babc268faaca4ef7d304a60afe2c7b92c613e5b0.mp3                    <=
bac6d6647b6d07ac30c30166175b678a6b1c6a3e.mp3                    <=
bad5e41670ffd1083215eeab21537aebd6635190.mp3                    <=
bada979fb1aea186bf467c3ef45ff169534a1753.mp3                    <=
bb022e490e8caf297810942e8f5bd17247a609b8.mp3                    <=
bb0dc948bb0f13fd92227f74e5169de01af34fc5.mp3                    <=
bb1698738b804829e7dd2c67d23847dea0edf67e.mp3                    <=
bb1a7403e0786e54a99be463ebf17c65d619d42a.mp3                    <=
bb227229fbc792885076e03cc3ba8fbfcd16d565.mp3                    <=
bb31e6c92af16c3b33d9eb6c72b77e6e1f986166.mp3                    <=
bb324240841fd1c2e5c7643e32e20f7ad193032f.mp3                    <=
bb3a145600cd674cad53d0fe5bbde93f4e61fe72.mp3                    <=
bb5f95d7b2ba4f2be0af1db16dbea664805215f4.mp3                    <=
bb79a571d59b3a1aa3d54f4c91e59654b7d64383.mp3                    <=
bb8c067966c1a4c01473ed745166bfad2b6f8f24.mp3                    <=
bb9ce41f531b22b40785f0f08602a6366dced4fa.mp3                    <=
bba66264a61547027a6fec2ec72949beba744475.mp3                    <=
bbb07d37b479a14d422a07a86aed8c3fbc9ffdd8.mp3                    <=
bbecdf800a6829bda04ad4163ad755f41ec4243b.mp3                    <=
bbeea1991f619f6436fe01f8ef811c0069e73f0f.mp3                    <=
bc02dc19f810e795a1ef8218bbfcd423afcf0be9.mp3                    <=
bc05004a580de93802e175105ec4f59ad3c4c841.mp3                    <=
bc2fc34da85d137d3d90a8b61d5c1f01d84cf0ee.mp3                    <=
bc3e20948a922330aef9ccb2dafde59b1bfa1187.mp3                    <=
bc589c630e9f651bd90f12585c88c8c2f5b4fec7.mp3                    <=
bc65f1011c58195aabf48517fd0fa12e1e5e8e09.mp3                    <=
bc72629b2863f84e125839d5f690ff0150f60530.mp3                    <=
bc823b5836230cb6f3d6ca11ce66a5565a906a3f.mp3                    <=
bca3784dfa45a41dea7371d7fc8331a53a1a6a86.mp3                    <=
bcb8a901bae69ccc154385bc27731920bd232f49.mp3                    <=
bcc668f7557d866351514be067a2c2ae51137e34.mp3                    <=
bccc7837aca82e40f1e1a344f12977b36836748f.mp3                    <=
bcd0fcae825ea0d07f0e6776a2a52f6d5904bd81.mp3                    <=
bce9fabbdd9b4e96e7088bc21e896164becfcc90.mp3                    <=
bced03292c5c0b8b8055f4457ec4fe166a4fdd6b.mp3                    <=
bcfa5a78469f8e164ab0383d844d93d599814509.mp3                    <=
bd033d09c144a3a57a12306aecb844722e988a34.mp3                    <=
bd144e15516f4c748f43f483b4ff8c156f77e793.mp3                    <=
bd308f15e797adeae7233c40c4215510e80edce1.mp3                    <=
bd3ab52f1ccf90abed5a7dbb1911b10164dd6957.mp3                    <=
bd50133d5b74545549cf519281eba209df058b90.mp3                    <=
bd732fc40f827c215aee45c90084cb4a22ca4318.mp3                    <=
bd7ddb66abd396dc03c4062aebfde67fc77462da.mp3                    <=
bd91b8e470e2c13870a496883eba8b28a180a1f1.mp3                    <=
bda9e91fbb1e5d76af9b7688cbd16e5d33019a51.mp3                    <=
bdad3693f2059f19ae8837e318813d25a86a0951.mp3                    <=
bdb49c3ec972f72b8c29a22dc448f03e59893ad4.mp3                    <=
bdcd3858227a1aa970b934c82dcb2a5e9d70c065.mp3                    <=
bdcea0f69eae1f1d307f9d438f9c2c7856209ab8.mp3                    <=
bdd20955a0225a03527840d022cc16c2065179de.mp3                    <=
bdd6dc9b1801692825fc3f85724c646d759b2648.mp3                    <=
bddc42e939e34e9743e0762da5e8e149ebaa4c71.mp3                    <=
bde740aab237177b3d9cbf04e212a3c379046cd7.mp3                    <=
bdf6fd9842f861e3434a88462a7d50360866e7d2.mp3                    <=
be56dbe6644650c6986ca2d5300683ed3a3c032d.mp3                    <=
be5e3587344536b0bfa6f9a11db3a5a468d981fa.mp3                    <=
be6ced6c4dbfc1643bdaf7501f2a40f5ddf0f890.mp3                    <=
be76709ef2361fbef38c1da1da2c3d245b57c3db.mp3                    <=
bea5783299512b0c2977be0ae19831ef817d0359.mp3                    <=
beaa50afc073ce8094b6673aae937793b99c37d7.mp3                    <=
beaa982f1c9da2689bc544ff3650df9a97287f1e.mp3                    <=
beb3db339fb2ba0f29a37fcfe89806091f751b9d.mp3                    <=
beba0e5f18ce84b1cd6863d45595cf5ecdb7476c.mp3                    <=
bec3f96b3383a9db688291437dfb8102dde75ce6.mp3                    <=
bec57ea360837ce317a256de120531af8f758b7a.mp3                    <=
bec878e1b986c4f2eb4683ad67abbe3bf9614417.mp3                    <=
bed739127023c46e473aeddedbdb62280cd98a04.mp3                    <=
bedc726e25a3f07f924c387a70911c4b0c177d02.mp3                    <=
bee96e5a8efff3a30ab829cbffecb7d0c506858f.mp3                    <=
beece45f0b9c41d95b79cd8bf11707a53d025eb4.mp3                    <=
bef09432b505df80cad885fd5724fbca29084ad8.mp3                    <=
bf063ee2d25bdafd072bf9ad5d9e7bf795543a0a.mp3                    <=
bf3b6f68864ba03a0352f0fc50fe8b55a719e8f2.mp3                    <=
bf60f962518aac702c7b4c2d30217ddc21af8a7d.mp3                    <=
bf6f7688c7f08b5eace03e4c6571778fe2c566c5.mp3                    <=
bf7d6871224292fdb9067a4761666a3726e8e588.mp3                    <=
bfa3c0d349157289179cb16517ff19ffdbe0ace2.mp3                    <=
bfac65cc1d26996a5c3c475b2fab141726833b93.mp3                    <=
bfbc0695dd4357e0b4da4c9bdc97328ad7d52f45.mp3                    <=
bfc3d7a7d0c41a1a30285f24ca488fdddddab053.mp3                    <=
bfd15f30de4a3db3ff7e34f1f0d475389f6d0497.mp3                    <=
bffa5beb57525e254780253ba5244feebea8d5ba.mp3                    <=
bffca40a0c5f663a4041b2c5a1df86663e4ed95a.mp3                    <=
c00ce09247e98a278f687cb96846e842c4ab59d3.mp3                    <=
c00d03ca3cefa15632d331abe4d6c7c8f5fb78af.mp3                    <=
c01130ac9ed6fdfdaef1ccbb104fe95071585252.mp3                    <=
c01b4db9a1fc9c4f4640b2cbc2b069c729159c91.mp3                    <=
c0517ced39151d208a44a30b3002cea411165ca7.mp3                    <=
c05f37979c65710b2cc12768cbfb9ec13bf5bd42.mp3                    <=
c06636490caee17d3b49b41082a8ad0cdd9889f6.mp3                    <=
c07d4b291ccdaa73a75f0c18975492c3c908a884.mp3                    <=
c08a5e2665c0fd7f2f5e6aa783a46960a23276ad.mp3                    <=
c09193c61de3cc6dd94cb8d3987b65dd68fa5cf5.mp3                    <=
c093ac1f2d835a183deb414482a921086c1b8308.mp3                    <=
c09c538da2e5678b81982af52d3312c493c04495.mp3                    <=
c0a18ac0f140a54637e507946caaa88dc602c6a2.mp3                    <=
c0bc9b528fc89bae5871a8094377cb6bbd53d66a.mp3                    <=
c0df572714240df648667d2684c3709fcc80bd5e.mp3                    <=
c0e08ceacf62b964eb01bc0b2980e56a1d71e56f.mp3                    <=
c114c5c9c4ec7e19eaa9a63bf8a98b4e7fc411f7.mp3                    <=
c117040a9e7ce2ee2f87b38d0ad56fef9fd38416.mp3                    <=
c13ccfae300dd7b50d6790c070a107e022d71a8e.mp3                    <=
c1415c3794ced3012a7a2282e1d6e25fdaa4ad96.mp3                    <=
c1461a56573af63f5c9c9b77ce0a66456903eb30.mp3                    <=
c1461e35b75837795a4dfaf969f8e9fa4d105abe.mp3                    <=
c15251069a0a88c4ea7de98f68d4bd679fd3ede6.mp3                    <=
c16c6b89c5cd07976752975b2db85630a0d44d7d.mp3                    <=
c1842d0c157ea782b8130afa0270ab5dbf26732e.mp3                    <=
c18d216b0520c4e9e653686e6a952fb0ad581293.mp3                    <=
c1a951a0100fde4c42c954758eeb6fed0ff18488.mp3                    <=
c1b506e0ba8c9978921c08fdca46e5f966c25a11.mp3                    <=
c1b8193c6364026b51cc98798bd63ee3356c8280.mp3                    <=
c1c0d987e81bd3d440d1965d50ee6fc03e2bcdb2.mp3                    <=
c1cdfbc13afd2436101b9587b5ab76daa515a04a.mp3                    <=
c1f82602f7512b81c71fa191617cce92988eba73.mp3                    <=
c1fff29d7fb3cc3a823976116f1f503efcc234ab.mp3                    <=
c212c8e1131025e98e9d789567bcd5b4abe6754e.mp3                    <=
c24d4bad710fc178589e115aaa7de282694d4f6b.mp3                    <=
c2671a841f7d3a4d850c20cca691a4398f617ec8.mp3                    <=
c2d235d445eb132b333d710c9f3a1e8fe4d829cb.mp3                    <=
c2de30001141d843bdf0eaf1fabc66cdfbb2eca6.mp3                    <=
c2f321d4959d8b0c9e67e32bb8dd0f8344fd5681.mp3                    <=
c2f6436775e968876ff802810818203f3a38f4bb.mp3                    <=
c30fd4aecf4dacf676001235751a5bb05c71f551.mp3                    <=
c333884e7a171f94a2e631a7d62b53accb7fc6f8.mp3                    <=
c34686676ae5cf179a3b323fc6635f3969be5cd0.mp3                    <=
c358c2205a891b30b66dc210cf3f5b2fb7102131.mp3                    <=
c35ca66f80406561897dbfb65e7857115d506b48.mp3                    <=
c36b495b102042ea8284afcec863b49ff29f029b.mp3                    <=
c37d84b61603d737ed65e4b1052e2c30690d8f87.mp3                    <=
c3a867c68ae722c5d98cdb98cd28df0a7ced1d52.mp3                    <=
c3b6f671f94688695b5dc5dace4cfadc97f291c7.mp3                    <=
c3ec5bbef09e2795cdca437861aa3a2e273f1f4a.mp3                    <=
c3ec89d1b7e3969b355b665d6acced075b7efbdb.mp3                    <=
c4248755e28572f459bda551e988854d2b26addb.mp3                    <=
c433270a950e542be97c4a19931f6fd68dcdf9b4.mp3                    <=
c44860f41e9f08984b6c503a3d1cde17cf103416.mp3                    <=
c44c5c9222a0f1891e82f651d878b5f4a4c5260c.mp3                    <=
c44f1b5ea40bc6e897f146885f11b038b15864e2.mp3                    <=
c460bf3da577d32fe605f1df8a093b719f2ca33d.mp3                    <=
c476c73e761a832ef998aed274a4401b935dc741.mp3                    <=
c48dfa4937441dae525130825983c47ec1c3fb75.mp3                    <=
c4b19408c36a33789480196d6098b0991842562d.mp3                    <=
c4baa9cf6a5743be9eeeadef39380c43086a4bf3.mp3                    <=
c4dd391fc67e3b3b18f69daac1a763853e9b5545.mp3                    <=
c4e64e12db41f2dba0692d31645f36a5eefae2cc.mp3                    <=
c4f189524c3f55901b8e9a3bfcea1b71e42d0b9d.mp3                    <=
c5004d4e27925115742ba66a75dc06980fc580d8.mp3                    <=
c517bdf484ade1896be9382ad49366232c1ea82c.mp3                    <=
c517e46753e2336a79e490b1a5e6dab61e95396b.mp3                    <=
c523a42f330f4bfc30cacb967f6f682803a30cd8.mp3                    <=
c5327260a9880bb9ebf0823089613e306347c13a.mp3                    <=
c54f92242534a43261e10a4ed64a9b158b6c9324.mp3                    <=
c55e71912ed45b7c212f8d2acb0da015203a9233.mp3                    <=
c57faffcab81d0bfa76775a77045530f5c6a7772.mp3                    <=
c582011e64cf99cbee4e943065f81eef940859d2.mp3                    <=
c58e045b8e68772f5c58153d7aa3247d3e4a6513.mp3                    <=
c598005e4b14fe8bcad08f53f2f2758de9e5bcdd.mp3                    <=
c59ea610cd1b0d5e8cf3e07be9f0326acb28263e.mp3                    <=
c5b3bb00c990b1f82fba55beb8d396cdba231e0f.mp3                    <=
c5b995ef345dd77542ab52c62456c9005b14ef1e.mp3                    <=
c5bb2434741a38a5768cc65ee30211d0b7d0a5b3.mp3                    <=
c5cad6f86b72cc041f0cced760ff6415ed5721ee.mp3                    <=
c5e218da8136899426a87025609b2cd9dd93936b.mp3                    <=
c5e89f8a79edee5864324ad5bf4a5e6237f0118e.mp3                    <=
c5ee32ad2fcf664baa73264334a6c4a467a9c123.mp3                    <=
c60b08b2b983e55ddf564eac0f1018f49f745733.mp3                    <=
c61362a83068ccfd699184e4dce4cf7595d563db.mp3                    <=
c63577d6e2b043f159891fe3b8aa40c72ec60835.mp3                    <=
c6365640cb1f5fd1c7acea59dc7ed8fd11e6b646.mp3                    <=
c63a5036462e7fffb2c7af02a6a1e5ce91070ae0.mp3                    <=
c6436c363f8550e930f1de8c79d75949335d96ef.mp3                    <=
c65278fb7ce1c06d4c674d1c778d6ba3169ee358.mp3                    <=
c66416b29d30508f50e4b70625a43dffe3d6219d.mp3                    <=
c664f8489199b1a35399d93f86ebd2c97e0f1b7d.mp3                    <=
c668a8e6f3272e4db66ea2cdbcd2655835dddedf.mp3                    <=
c68be45a121f7d8f8a6ba8a5b5570cff13d9d4e4.mp3                    <=
c68f1cba33cc0b1e4b23ee511ef127598543e190.mp3                    <=
c68f658188f8d1a64c6ef4a514564b68d22ae7e3.mp3                    <=
c6a2f4d87243b4159d833bc93e9221a05943b563.mp3                    <=
c6bab7d4581b25fe45eae15f656d7ddd06954497.mp3                    <=
c6e5aee8a33c2f35c16ce4d460e0775f982dc255.mp3                    <=
c6ee37eec55ae2b72aa7cb9de9a176da106322a7.mp3                    <=
c6f38b8670c8a91196d2e18efdfaf66bf27bf29a.mp3                    <=
c70c4b3053539a2d878ac52dbf75f7ad4e0c6bd7.mp3                    <=
c717c8775c403a554d75d5ad99c6ab6ecb22566f.mp3                    <=
c717cd038a1c262420db3c80be855945f35e6702.mp3                    <=
c727580518ba959b97e9cf2d6cd52272b5353e2d.mp3                    <=
c733fbc6cd285f0a67c58ff8a66fa1e1ac11480e.mp3                    <=
c7346cd755b1ee33aef77958d91fe6ef4a973084.mp3                    <=
c7389dbaec0e23f5abb754db2a7441ac54cf202e.mp3                    <=
c739878aa3f256c77549b995a5030e10bd7296b1.mp3                    <=
c73ccb15d5177c254cacf040cd7b1273038d5eda.mp3                    <=
c742f3a0ccf16766f79ecb1b73e5afa0958ebdcf.mp3                    <=
c74dfd9eb0bf509efd7792746e24d794e358ff1d.mp3                    <=
c753de2b6c9bb617d6bceb7b1aea676a4c514936.mp3                    <=
c7662cb1ece23daa68d54ae1e4c7ad84973e6128.mp3                    <=
c76c9575ea425514a0de4fb76af6c77cde16ffef.mp3                    <=
c7774b87584bd1b31020a8dd31f0b124adc99298.mp3                    <=
c79d4ababe250d7749311b0d48f6b4e1e9d32c55.mp3                    <=
c7a9df7ac46c0ceec7d77a32f8f7f406602fda90.mp3                    <=
c7b0f0475f45546141fc7eae2201e39a221b0041.mp3                    <=
c7c82a2813490f3c193ed6cd63fd27edf47ef6ff.mp3                    <=
c7d064ca416b2914b95ee1296f5f17604370858a.mp3                    <=
c7d5ce7ce58228a13de0c9a6a6b540ab36bb1d29.mp3                    <=
c7dcc355fa49031dd69480f169862fad6b088333.mp3                    <=
c7e292e6d41cebf1a3851d3ec8d56aeffaf100f6.mp3                    <=
c80448850e49b6e5df977e0f87cae759607f7b4d.mp3                    <=
c810cfe458f507e5648b933e7aa465e936930556.mp3                    <=
c812641646ecc9c9a830259779a09f1611df5a0e.mp3                    <=
c8213261c09c9ad3d518bcf0249b7b6361a40fce.mp3                    <=
c83457bf9ae1ecb100485d6bd5f61a947d053716.mp3                    <=
c83ad731b458d3b605a0d436602a6572116ce227.mp3                    <=
c84d0c3412894f71b2b0a2e85f7c3abbf8ae5a88.mp3                    <=
c863db3b14196088a13ec5a54003b884c287473c.mp3                    <=
c8c97fdf696a89741a9ece837600c3af149f25d9.mp3                    <=
c90cc8782b8df1273f23c3b3984f8e7a9056d359.mp3                    <=
c915d680cf1649ff389fd02ed03c5d05bad809b7.mp3                    <=
c9166eaeb45661452d68c3bbb5d4f5d9ca65c922.mp3                    <=
c93fbd87fa13032fd1bc84db0b4f25b84d917c87.mp3                    <=
c9447df2689acf37354076ac58a295e34fd05dc8.mp3                    <=
c94e1f67f09e00b3fb82f284e78451c5485545ca.mp3                    <=
c976ccb1ad21506c3a61b695b9aa9b200ef6dede.mp3                    <=
c97ff933bdd783dc2dacbf416dabf9754fb93ff9.mp3                    <=
c994f7833f2eeaea65dc6f11403e97c2324df03f.mp3                    <=
c9ca799eb20e3a5989f3ce9199481fcb973a97ef.mp3                    <=
c9db5febfff5b3549c7c3443b6aaa9c8a6c0bd74.mp3                    <=
c9e8fc5c39ee28f39f071d3fe59bc59a3f6d8f8d.mp3                    <=
c9f1100628a0dc68afaa56c61b77956db32898ad.mp3                    <=
c9fb1dfcf1dffd0ff66cd885805ca2647134f37a.mp3                    <=
ca01a283795ef56348f2f5ef9c9d146f513fead5.mp3                    <=
ca0b35cde5634214c08d0c6a6cdb3b2b19c23661.mp3                    <=
ca2c921862903750c66318654e195ce2279ccccd.mp3                    <=
ca2f6d4c279d6eeb8f2bfca9f943c626c637cbc3.mp3                    <=
ca3fb524bf88a895293640f14fe854d389b9147e.mp3                    <=
ca4cc8b0e2a02d31a3a47cd9f6b3c4c49f75a294.mp3                    <=
ca50a0afe7e82767b6905a2a9ea62eb34131be82.mp3                    <=
ca570904e2405e336c10a262abd6c9b803b1bd9c.mp3                    <=
ca57660f50c3bed93dc850e8f54451870f4af7dd.mp3                    <=
ca5777b3b9b5fbd0e81d75854d4375c333ae08e1.mp3                    <=
ca69799701f6a701c23caceea9740b5c40cb829f.mp3                    <=
ca7b2b4e21ba4f4bb9c27bf58c9136974d940a82.mp3                    <=
ca8d2b00dac9ab8ac107d7bf3eb4be07098c1cc2.mp3                    <=
ca9035a6c86460b4ec9d124ed31e7728a9829a83.mp3                    <=
ca9149269f3c70c2af589f6fee453684cdbefad3.mp3                    <=
ca9afb0dd5fd187fb2db8adc3106d6a1745a07c0.mp3                    <=
cac3d62d712b1f19713b5cd6d27352d7db62fafc.mp3                    <=
cad10858bb313443866f9c16cacddc135be6f61d.mp3                    <=
cad4eea563066b61dd061566e3213ef3a8ff03d8.mp3                    <=
cad944f74c5b78d7f46cdc24cd4a80f7ae01ba79.mp3                    <=
cadc6ce877c0e59da29755822d2b7b8d9c914364.mp3                    <=
cae777f6bcff315488bc083da630db360d43b81c.mp3                    <=
cb032622d9470fba36089d136811c4fbca7322ca.mp3                    <=
cb175535d80281413e310ac68d0ef5a55ad31665.mp3                    <=
cb197764b188a4d4592fb7c22129e5ae61bea16d.mp3                    <=
cb1b8b8a0ce9d12f0c1146b07a7ee69899d90ce3.mp3                    <=
cb20836d0159fb86573fa690fd8071063ac4513f.mp3                    <=
cb3ee603adc1a6d141d56f85b0dcd5d46529b7f4.mp3                    <=
cb3eee05017b5dc245dc4a52293aa254b421bcf3.mp3                    <=
cb5e976515a47ec2a9ca63fc58093c9ae32ff03f.mp3                    <=
cb6289a9ffc2f4ff006c5b60ebaa2937adf05053.mp3                    <=
cb760a015732b6dff6119adf2e204f6d461a545b.mp3                    <=
cb7d92633a1d5f2285c0cb2fc8290177f9b71380.mp3                    <=
cb9dcb172d976f3bc87e2a3e3ca7db00c56dab24.mp3                    <=
cba84fa3dd9055f9ade36673978f0bbcc8dd11f4.mp3                    <=
cbbdc6e3b25772a96acecbe2efef2f4283a649c7.mp3                    <=
cbde4886f194043c98da247349017f1a4e2a32f3.mp3                    <=
cbfeb917addb37b86924c8893498c9b643452b5b.mp3                    <=
cbfff05874fb853abdbdcd1bbb1b9c50c3e7f5f5.mp3                    <=
cc32c3e3124595be1e91e73ecbe649d7bf598983.mp3                    <=
cc377c29df70926f3861deed168441c00d22bf1d.mp3                    <=
cc3917c59e0522aa91e9a4d4d4b845181f209f44.mp3                    <=
cc3a30e85e36a8622e953f18bf6589e4196fc09c.mp3                    <=
cc4e8bdee68aec1d62354f922c2a3a3072952eae.mp3                    <=
cc50dcc457d3c3d66da3d679bd16b9b867e91fce.mp3                    <=
cc73386293132b385d23ca9d94330473abde1b53.mp3                    <=
cc7746f424e54cec8e9a2e0f83de063904dbfa13.mp3                    <=
cc8801dfaac81771c74eddc2d81faf0af15710c0.mp3                    <=
cc95149b7d13e48d9d08b71a1ee639d0d3deb50b.mp3                    <=
ccccffc80e13a5cdc7b61c1197eb39c51d745d05.mp3                    <=
ccd32e4f7a3039b9ad1241c90725d80d9e363976.mp3                    <=
cd0a04840eacf76f39b88fb76549f4592d43efd7.mp3                    <=
cd158f5de8ed7b403682c5441d9a9e4ddc1fb36c.mp3                    <=
cd187c41529efc4948c984f72910350a099211dd.mp3                    <=
cd3c2b5a95d6bdbc13bb727cd22b89f69e6ad34a.mp3                    <=
cd4c7c8109ae77a38c6fcccd90ffb95c25cddfeb.mp3                    <=
cd85a6793203cee8f1b16b30d0600418449a93a9.mp3                    <=
cd88bad7f6db15963c243aa54446854bad964cea.mp3                    <=
cdd5d563d11a7a8b4b71b0904948ecc80368e413.mp3                    <=
cddc6a54ae33dc088666d3d9529c13856e637c49.mp3                    <=
cdfe869d126d983cfcbaa11c9aae9e006d87501b.mp3                    <=
cdff0528683575ddcc2631d95ae1c18b852e1bb3.mp3                    <=
ce0a714271fe8233418b07418c63aa069427c061.mp3                    <=
ce20af652cf99eeb7685376a993f519549ba6f67.mp3                    <=
ce2879d753e232fe8d503bec9e3f47ebca691712.mp3                    <=
ce28a519b9004605d53f4f16da738785ea2e2868.mp3                    <=
ce4db9395ad4487272deee15f9ffb656dc251d76.mp3                    <=
ce5d1fde07c7614f21bb3255c1dffac5e79cb653.mp3                    <=
ce6476438ae87741d98c3183bc69a578f5c96a9f.mp3                    <=
ce68ab01baa8f803cd208fdc7eef7952e0f056c4.mp3                    <=
ce6ae9b49cb9a3f9fd90ef7f8f2ffdfc9078b330.mp3                    <=
ce7f8a0bec4ee50ed477548754f8ac189ffc4df3.mp3                    <=
ce9c768c3cb405373d45d694c6e108ef65db932c.mp3                    <=
ceafafea6b40e053df174d20af7f92a14967dbc2.mp3                    <=
cecdd80a1a9d7f470d0dbf45879c30e136af0ca0.mp3                    <=
ced77091c78d5d9998a91913c060b108a99a6291.mp3                    <=
cee40235913502d64555e846555035c5e592e888.mp3                    <=
ceebe0bec5705f4ca6b6766ed5b01e480dedf347.mp3                    <=
cef88fb16de8fc0286f8b4a9ba782ab643e17fba.mp3                    <=
cf0d3d1743b57dd94d98ba7ff6d53a0e52d0088e.mp3                    <=
cf16cbea16c75d1a785afe2aaad696c5154a3f3f.mp3                    <=
cf16d6391664e87cd0fd9d35ed6e54ca46ee1ec3.mp3                    <=
cf25eccee14ff73123051e44acea4a63e56f64f2.mp3                    <=
cf44ad8fdaccb154b42b073e7495b6f3dd3aa156.mp3                    <=
cf5e1eb32f721b0a1fc537783849075249984a29.mp3                    <=
cf83dfc0152fe90b903bcd6997faf4368637658a.mp3                    <=
cf936c1948e492b76a6767c94ad930264088f71c.mp3                    <=
cf9e3c26571ef81d4f8cd94d9c8a992abcea05b5.mp3                    <=
cfa6c06beb928449a50eced1088a9bf1f374815d.mp3                    <=
cfd044a1f66ae8a60439276c39513c5235d1a2b8.mp3                    <=
cfe734617379af5602e36800a6172e2a76f3e2e5.mp3                    <=
cff4a1b3f769073fb944d11c258effa56b6e8b9e.mp3                    <=
cff64f8aea3c2da3d39b35ff42dac8e0187e4cb5.mp3                    <=
d0117d42e3ec22d5b9ad1e66382d509fe2919d74.mp3                    <=
d019f49d60ef2b7c2dd9d9bc5b01ab44bb66cace.mp3                    <=
d020428c0461cc5a69866bb5ad5465e88be04606.mp3                    <=
d02553c08e02b519469b32349c29f15764fd72aa.mp3                    <=
d0282722a7f0f00529c52d1d1eaaadcfb2dee1f0.mp3                    <=
d028fb49a2e9a46a9e34315fd19b14a1b383fe99.mp3                    <=
d041f8c0c4f7a54e924a3ce77a4f6e1e6ae0ef39.mp3                    <=
d04973e74ee119a422c6c78804e4f090fa1ceaed.mp3                    <=
d05587c6c13f1f05718f72d66fa9f6bc370c014a.mp3                    <=
d05754728f5d371feef999082963ff5d192c69b8.mp3                    <=
d06d7b6c1f9e55e0a09ae13a2fbab7583aaf1d75.mp3                    <=
d0783c14f508cd4a61347ae6ed3ca6723c790012.mp3                    <=
d07e3f068a106c434b88689287c7feee994bf443.mp3                    <=
d087a82b8fa492d2fcfa36351fb18442049d9f18.mp3                    <=
d087ff1f5e46704c934f6a14bc4ac97c0364754b.mp3                    <=
d09a11160942e0055bef893d48f8672e50f05b47.mp3                    <=
d09f693bb7c5013bcd846bf264b37f98d44e3564.mp3                    <=
d0aa5ec6ec493a3c3bf469a8f9bf4fd9c05f5848.mp3                    <=
d0ae4c7903074c9e8d970749fadd7069c6c82606.mp3                    <=
d0b0ec9278d970ac03ededa7336151f49dff0cb7.mp3                    <=
d0f0a339bb5ce53015208f7aa9ce6a82159818c1.mp3                    <=
d0f934c6e3d0c9f1f710234cc07953f4c91eec14.mp3                    <=
d112f2bcd79a1e0acc5f91a711af3f346cea09da.mp3                    <=
d13ad140c58eb11716bb1f3bd17c842625e31002.mp3                    <=
d1849069397a18c657e6c85aace7bc9846a98a49.mp3                    <=
d18df3dc61e9fc9f26df2c995541c9bd9974bc7d.mp3                    <=
d18eb5707aa12d4e7c2061f70a708fb162f49ae7.mp3                    <=
d198a420cb9a69f36c50d1c85f884513d6156014.mp3                    <=
d1c6976ee7596b44d07f7514f9111f3dda5ab977.mp3                    <=
d1d6a88ab066c57b0f3ca9a83b7fbdfbeae166b5.mp3                    <=
d1d6afaab44ff40a45526cd7c4716e062624e2ea.mp3                    <=
d201204aa2f48e946eac266e133c2149c2ae19b3.mp3                    <=
d227b479a5947dcce904cf8b844befbc1222de08.mp3                    <=
d249abb217886ead2d0a54d1bd90e9f78c39e52f.mp3                    <=
d24c495230011446674fc7943350fdf303843fd5.mp3                    <=
d25fd75335aa50bf8abb6a548968102a23c8d75d.mp3                    <=
d260387b10f7a217e166d6dfc3107f54cec26043.mp3                    <=
d299d675a7f6a34fab2512bb4fb691624143fcbc.mp3                    <=
d2aee861382496686ce2309b90b2aeb2bd462e30.mp3                    <=
d2e439d2aca1f0b86feb26a9897cd6c33fdb7fd0.mp3                    <=
d2f25bc679bc29e0d597d46701d4bd18d12ac170.mp3                    <=
d2ff875b283a515b20b60284f495710edcf95d64.mp3                    <=
d31001946fde2e612b4291efe2b9bba6c6db2dd5.mp3                    <=
d322b2cef5b804cc686ddc805c4fa3636c0f3036.mp3                    <=
d351c10bbb652daebeee64bb31ce791b1c97cb61.mp3                    <=
d36c063b378ad48122f3e3fb7b8034dd57fd1c6f.mp3                    <=
d37a7ec61eeb8727c1e880ed78b233226bb04ea6.mp3                    <=
d3a3d02b31abe08c534c05b77692b4f535a2eaea.mp3                    <=
d3aeda3d4d54e98acdb4a16b9c8dceb9086303e8.mp3                    <=
d3c28d4a6f94afdce7de76314d62cafc0a0e0d3a.mp3                    <=
d3e7d8e27c6e40430669c3a68f74c7b4244ec4ed.mp3                    <=
d3ed969ad0d931bcfb737294b59e2c332e526f2f.mp3                    <=
d3ef7817c6151e5d6a0b02933b846dd11f547461.mp3                    <=
d409b6bed18cee1400b78ec7dff9151700a8f292.mp3                    <=
d40aca1c63482074eb2470620b001e9a8b9412e5.mp3                    <=
d42ce591503920ec7e8e64e0a986bae5501a8d10.mp3                    <=
d43bf06352f25099388af5ef5efe6d12ab2d8d26.mp3                    <=
d456a16e1ec577e9a7f7055d7824327bbfad0e47.mp3                    <=
d465090872ece1a5170aaed0cb6a7b7797dc4a0a.mp3                    <=
d46a829ec8284870d65525f23b2efd052f339160.mp3                    <=
d487faf9e013e89dee374e014b2628d6828df510.mp3                    <=
d49e36529c1c81c71bfbb618f14e5154c2d55385.mp3                    <=
d4a32fe2e8ab686b4cbf68783ffbbbf566a387fd.mp3                    <=
d4bb56038aab95642f812c01d6071f5f758c6165.mp3                    <=
d4cc61695590d972ee05082c5b6e6441a6b5b2cb.mp3                    <=
d4d171aa4f688d8ced17b8b1beabe749092cd1d9.mp3                    <=
d4ff675bda046641f53a6ca93fd32941691c3422.mp3                    <=
d512c3de8a1f1dd218be159d0a79cb02f00f9996.mp3                    <=
d52f992f9185ad95adc045d462ebc4b336be0bda.mp3                    <=
d55ea7f603c070d68c42aa05dfe0ba9c28c08dc4.mp3                    <=
d595c652c41aa3d5b8a0efa2408f6b35c9afb011.mp3                    <=
d59cf3af7911d2584376c3e2acade638ab84947f.mp3                    <=
d5a6ba2610350375a1e719d0f19ea10dfc998ae7.mp3                    <=
d5aaa2b8ee610a8030f66a7fb3c7ddd474097de9.mp3                    <=
d5c00e39b9b93ec00882a7d29491c6a87db02e88.mp3                    <=
d5c4cd0e82d4f223d2d4c2322ac2876343c496bb.mp3                    <=
d5f890f71953908a6d191f2e6e40440e28c90ce1.mp3                    <=
d604f21bf20dd3f5705ff58387164519aa96851b.mp3                    <=
d60f03ba3f951617c259e7db7095f3ea2524f6b2.mp3                    <=
d61121357988df782e05e9d8017fd44e263c5520.mp3                    <=
d61151ba8a9293695c1e9867a51f95f626fbae6c.mp3                    <=
d62c9addf6a4fc1a83c8d8381039ddfda8199f96.mp3                    <=
d633a26f647ee439b17b6eb3a99c3c79bc041a30.mp3                    <=
d639316282dea8af55100a1eca680f52ab2ddcbe.mp3                    <=
d658c6916bd7de36b9a437fd8b3890cf59a40327.mp3                    <=
d66425aa1d6f1a691a920ccf5ea602988b9e8eee.mp3                    <=
d66731e066be870fb3cc8e76becdd853986d94c4.mp3                    <=
d66e3571723181ef30b4fbef52d18e6c7840c829.mp3                    <=
d673a144fca79bb1c132a5ded0b5262f993a2a2d.mp3                    <=
d67ae5d5a7200c63d045b9cd9f4fda223aa7ce7f.mp3                    <=
d6986f9dd9a68aad854909e95544eaa2c1e6b7f6.mp3                    <=
d6b480a547cf0a32004f2e05f20f8230c6ac8a9c.mp3                    <=
d6b54f7cb77c0be3c6636ab18aa67a38336242f3.mp3                    <=
d6bc065ec3d36678074a5c0ba62f8f35f80ef936.mp3                    <=
d6cf4c101fbf52668351a92ba2322f9bda3efdeb.mp3                    <=
d6f46c6b72113f2c421e574ce4ca1962d446e2d3.mp3                    <=
d7063c4c21bfefc7384811d333e7c7ddb6055c5f.mp3                    <=
d720142bb94cd6a20f9204eb9c717f1523b52033.mp3                    <=
d72d2852830830a8a8c2598a6647bdda14d692a2.mp3                    <=
d753050ad9cba85f2f5b7e8f7335268063105b73.mp3                    <=
d7725423d9db183d791f064930d58946a9c16916.mp3                    <=
d7737ed0431ee5d020c959848920c13c86c90a78.mp3                    <=
d78597f401772239f6a79cb35a1b6738fa385f96.mp3                    <=
d796897477c4a4f047d5e49b405c05e82b82dc9a.mp3                    <=
d7aae19e5ef8176cbd7cce270aa4b17f0dfb6a59.mp3                    <=
d7c8e9fd20b8a9cbcb6ce6e981d724c4706d1ece.mp3                    <=
d7cba94ece72bebc7dc2a0d1ac068dd9b1ad2e7d.mp3                    <=
d7e05540c25df07f3e8c37e683e0f22a3827e64d.mp3                    <=
d803f50d38bb14689d9d9cffce4089dcec4e6900.mp3                    <=
d82688f970ffaa4c017166f20660a2cddd3dfe4f.mp3                    <=
d82f2cfd504797e9ae82f3dda3a08350a1baa091.mp3                    <=
d84e8d9ea01e9a90b7ff18167a033eb7aaeca5db.mp3                    <=
d864f95be1ed41797018cd77c5b4ffeebc9a04a2.mp3                    <=
d868ccabd5895238b009934c34030263d595e9f4.mp3                    <=
d86996b53c180c2cce58cb889f9b99eed50327dc.mp3                    <=
d86b110291ca681a0d995c3aa016c10ffff68eb2.mp3                    <=
d86d5376026da171dc16a827788770d2b661eba2.mp3                    <=
d87f457fd6323e4233e7aee90695def8f886cf6f.mp3                    <=
d882f9fd3c67992559a4f962687a9352f5adf05e.mp3                    <=
d8b566cd39a658139196dc48a063910acd3aee69.mp3                    <=
d8bb525cd46b24ce7ec22dc491e98bad0e45b47a.mp3                    <=
d8c7abfda33cb9b1c2ffab6b13965cc8a71d3c7c.mp3                    <=
d8d3c66727005367856fdf38739d6b25697519c2.mp3                    <=
d8e1e3456853f06ac7ed4342adb8636a6c73959c.mp3                    <=
d8e72b03c45104ebc788f5d4cf31ac0c80bb9884.mp3                    <=
d8f5811a2f606ce38361c44141e621c3cfab6770.mp3                    <=
d8f92298c5390e7c714a3ddea9d1bbaae4ca0e55.mp3                    <=
d9083a996900f7c81089d6883d794851ea646fad.mp3                    <=
d91069ec6c68a35fe1d8247981afe5635fae5e10.mp3                    <=
d9182937804a0390d37e6c1c6e151c1c68695885.mp3                    <=
d921e42e160cd026697dd45c5b0833a0436a2355.mp3                    <=
d93cba978a6d97b3bfae77d1b9c19ecab93acb4c.mp3                    <=
d94a7431db1e409ce47734c0aee0c79420736465.mp3                    <=
d94cddc3a7e0722ff76586031434c36dee1952cf.mp3                    <=
d94fd5ef23889290ed0f21cedce3bc15f030ec1a.mp3                    <=
d963d3af09e112fd0b18527efecbb8e4d13cebc0.mp3                    <=
d97aeea66a746a3dc026b7d7a9ceb745304b3fd4.mp3                    <=
d97b83c4bb2fd76c1eae2f751645833e7d868f84.mp3                    <=
d97e3b79e8a252c10a666ffd36fabe819ee96296.mp3                    <=
d988b378af00c2b57b5983426f1255afdedf9fda.mp3                    <=
d98e81f0d8191508b242f78dcc000e62a5dc6384.mp3                    <=
d99a7d71a6d48107b49105e354fc3acfdb29394b.mp3                    <=
d9a8bf7f4f9c2b7b30f558c5c18a188c5e8d5f5f.mp3                    <=
d9bb17720e28174dcf8d361c0fbc637d0e6829a3.mp3                    <=
d9c85afd2cb29b444b3baf903b2ee2f1f1e913f3.mp3                    <=
d9cee149ae2589b2de7f5d553b5bf7eac11f4ebf.mp3                    <=
d9d5457e714887d7bbd0a50cb8f953e57572ecde.mp3                    <=
d9d7f922e7a3fcbabe95b4945a929bac7eb39d15.mp3                    <=
d9e52c4367f3cd13afbb9153e09dceb416b88257.mp3                    <=
da029482a8460605f4dedcf8165737a5e4cee1c2.mp3                    <=
da17e117f092881fee90259af8acba9c2b8c0041.mp3                    <=
da1d46bf5ec10bcf9d2e5bb0ae37c60b636ff442.mp3                    <=
da3c5bd5aa92710476d46b41bf5fe3213899d34b.mp3                    <=
da460d7a7da15296f69b01ed49d8609958c62696.mp3                    <=
da60f13e149cb10971e610899af860ce6d4900aa.mp3                    <=
da6f6ddacdba3bfef36a3414e792a1b8b00fa974.mp3                    <=
da7144aa89dfa01e531760e1c4f989b479b321b5.mp3                    <=
da76a3836d0da4112e558dfaa92a4a7312e636d9.mp3                    <=
da7afac742e8816524eb9314de87c76fd620a5d6.mp3                    <=
da861beec97d55e7a2a733fb47b0b23422d3e4c7.mp3                    <=
da9234f66f7852b27ece1b8dc79a2d79d9ea1fb2.mp3                    <=
da9da99d1b965a669b5047600e0188f16c85a675.mp3                    <=
daa3481d61167af5296f95b96d7010a17c69c6a2.mp3                    <=
daa749b6cfea99176bc0825d63fc400c2e832bac.mp3                    <=
daac8a0948bab102d479833700cf2a219f85a09e.mp3                    <=
dab2865a22da6f3bc19273bcf9629852b1df0e2c.mp3                    <=
dab32ef4a77ca66a3cc2896f9f515c81231df0d5.mp3                    <=
dabae12e98a355a6d74c2f650999da16f900aa33.mp3                    <=
dac51b577ced501f1720f9d818c423b2220bb342.mp3                    <=
daced0c7a4ba02798e25f790a7eefe69c6c101e9.mp3                    <=
dad75e0c8e020c6303ed4ebea6b021f720f31ad0.mp3                    <=
dadd2ff2b15e2a635672d783ea16be0ace610aec.mp3                    <=
daf579c979c2365b6f31f5b90cececad9e3d53a8.mp3                    <=
daffb74a74f4aed9e93d6f0c9dba033fe508a381.mp3                    <=
db1648e60d2667008635090e811d72354ebfeff9.mp3                    <=
db1d9c5edee20020184b7f825779f1882ecb6660.mp3                    <=
db271af4eaa10b13cfbb2ad43d65a36e5631338f.mp3                    <=
db35877b00f62d9123b1a0a6a9fb302697eaf0a5.mp3                    <=
db35d70d19b6c89b36b8a81d3ecbadf486a9d25c.mp3                    <=
db36f00ebc22c48decacf70fd031b3439c5bbce5.mp3                    <=
db3a81fe5cebe43549bd5f51eff6e1cf9f64d7b8.mp3                    <=
db4460ed366394544911d213d6cad301e5e037b0.mp3                    <=
db6f58371c830a8162eb0ffebac2e5e967a901af.mp3                    <=
db96e4c6490ca0268d01a07ced7dfa0ead26a4f0.mp3                    <=
dbd3a04d4fa1726197cb81abc906aacdc2fa138c.mp3                    <=
dbdf459ac91822cfa66f4372bc916ababc6aa3ce.mp3                    <=
dbe8e8b534704616193521fcadc3f41ebedbd374.mp3                    <=
dbeab13e27fe5e0f7e254cf19754f336c3443077.mp3                    <=
dbf502f8140636434987eef00392d376050c5afa.mp3                    <=
dbf72ca8db580addc8d2126f8c0feee99771cf68.mp3                    <=
dbf848a57113888fbbdca2ae537123cd855145c4.mp3                    <=
dc05c0afc6f63abbdd25c1a627ee8f3a56c35afe.mp3                    <=
dc05f3f204d9b2c6b7f7d40cf28e5ab507c49e61.mp3                    <=
dc319274e3db5a2762311835f2441966e35bee24.mp3                    <=
dc52f306f6e12f6af73faad43e574c9b6a155dc1.mp3                    <=
dc5789bfe5df0b08e3613012547531867aa377e5.mp3                    <=
dc63fbe4bdfb990c17bfd2c047b75a9b8e2a551b.mp3                    <=
dc8215663ba61755a7f1442c52116d74868b2969.mp3                    <=
dc86c048822a6c35ed707c212dcc601bdaba75e4.mp3                    <=
dc872faec09fcc17eef19d7414acfd4f255474d5.mp3                    <=
dca7a8ded543e5869915ee55b7e0623473dc4161.mp3                    <=
dcbb963bf71cf4803fddc5372c5ded0c0647e1b7.mp3                    <=
dcc907a20816006432d03daf155558bb05c73a83.mp3                    <=
dcd5361f29ffce16fb584e8a822ca48fee02c6d5.mp3                    <=
dce1400bdb5e69583b76443e957b6b4560fae3fd.mp3                    <=
dceabf4d33988ea794d1e6b6d3418b76da108468.mp3                    <=
dced02e6fee965a7504ff6ef50bd6931644917b7.mp3                    <=
dd097ff1f19ccaeac3e08b21ed4280fca725cd65.mp3                    <=
dd0ae918a8ccb501279917551bf732aa3c308098.mp3                    <=
dd1e765456591904e19e5301ba08a4cceb89a9b7.mp3                    <=
dd4d26784ee1b7583ebd6f9e3ea92741c428447f.mp3                    <=
dd67254b8bebd07c2e18b71a37d2997223b890be.mp3                    <=
dd70e1e6f3ea17ee0e19620e720c92d98862292c.mp3                    <=
dd7b44b10d97ab544cd91cbb093169c4342b09ac.mp3                    <=
dd9a1478d98bc7f26ebb8f8281b2a396a2f52bc6.mp3                    <=
ddab40bc2870fd333f32a30336e6d09d4442c8a6.mp3                    <=
ddb3e54edc6e3e17915924ede86f53ed615f099d.mp3                    <=
ddbf39ce2b3334d6808e6c5687099e99be4216ed.mp3                    <=
dddab04c0356dae9f9146bc2f882835bce7478f9.mp3                    <=
dddca23f755d476ac681267e01836f1f7e2663b1.mp3                    <=
dde74a7217c4ee1686cea9d0307c57f939373f68.mp3                    <=
de00a7d694ab344bc9a445bb3a2ef1a036b689d9.mp3                    <=
de0967bc24c66c31fa8497e333f6e09d4a31f3b9.mp3                    <=
de14b06a7cd82f7b4660077bf180dd098d924f69.mp3                    <=
de362679f815be4147b8f441150dd955cd7c3547.mp3                    <=
de37741d8bc48179fa24c1ab976c11b68dfd250b.mp3                    <=
de44e78434d720405b8ed0ee029b857ffe7a8d87.mp3                    <=
de502750c321d5aa28d972ecc311d787034af653.mp3                    <=
de70fbc01d87dcab5e2eba838f0a68514051d4e8.mp3                    <=
de728b4c697e2483f020af4e766720214054de5b.mp3                    <=
de860025a81720e22e94320492fc30a738844027.mp3                    <=
dea91d645d5111bd265b9dbfceeba2909c7c2ad3.mp3                    <=
dec5e611c7c26bfbb483bdd034d7a91aa7e3ef1a.mp3                    <=
ded469578fa434b2a7503164ddf635900434cf9a.mp3                    <=
ded8ca2ba3e69b9c4d646cdfbaa539a7a934c371.mp3                    <=
ded99b4b5904d56cebec60b59f778d75d7af7c2f.mp3                    <=
dedc0d4a4c3459aba4e466d72f5f98c832358a6a.mp3                    <=
dee7416dab433e4194f24146031a263d151c0711.mp3                    <=
def6bec89e8a43008f20cbcb8344498059f5e369.mp3                    <=
df00af5be78c2ddfb8a8d21905569d2254292a8d.mp3                    <=
df08e075e92354a141f881c3adb41e9b8d22affb.mp3                    <=
df0a8c06e43175376cff8bc7c9828ebf60f29b41.mp3                    <=
df10d63462a00809733537b9e65fd5b73ed34b35.mp3                    <=
df19fd1fd0248e385eb99c58368bc1fd61e5f8f4.mp3                    <=
df3ec5ee3889d8a645851966fe9268461461ad3b.mp3                    <=
df4a94b127b0a091c0aae2b3de34919e1e623dc1.mp3                    <=
df5467f3ee69eda39025e0128142f1fd996b3d92.mp3                    <=
df5a65b69b9a935b9966b4bfb221aef614b3ac16.mp3                    <=
df6a5fc779e45cba0d1f04e6bc1180804bd22b2a.mp3                    <=
df93c96b7bcfd2a1429d86a798397f7ab1e49d67.mp3                    <=
df95f10ea63efbd089971f905c68ae9ac57f0433.mp3                    <=
dfa5c13f68abafb4ca812e7bf458d482fbc049e7.mp3                    <=
dfafd7609a9997a659ab7fb27d95a00b414dda3e.mp3                    <=
dfbcffe640dc3cd5e9fa0878b11bd30f4b48b7dc.mp3                    <=
dfc2e7431d6625f147f4d48bef271e8c92c8e5ad.mp3                    <=
dfc5a955eef556d392ed1c0178d039e51809e290.mp3                    <=
dffd94296dbfd1287f9eb360d219b2339b9dd688.mp3                    <=
e0198c1121e95ff5821c7a6d9f7140ff4918525f.mp3                    <=
e01a9ef6f78534070558d726ff1b1cd751a32c6a.mp3                    <=
e037d5665a6fefc69570a2d8061bd61c697fdff3.mp3                    <=
e03fc9f9cfdc35721d45e28490c43dc2f4b8d388.mp3                    <=
e08b589881c646f8f306b04bc64042ad948ba6ed.mp3                    <=
e0b66b7bc0d7d3778b2d0129355a9e2bc0ecabf5.mp3                    <=
e0de4a6db8388ff3630a21eb6cc3e0dab037aa1f.mp3                    <=
e0df451d541107d5438a578b269775aee8fc4677.mp3                    <=
e0ef654426ad46e0f4f3c2607eded3fc312b713c.mp3                    <=
e0f47e9a86628f9dbf8982833885f05ccb804f74.mp3                    <=
e11521cbf14b4f722f6880554ddd1a1ff51bf2b5.mp3                    <=
e12616167301633d9be78806ed760cac250e4911.mp3                    <=
e126297c2dd2bc249b5e059b305d2a157e2f8621.mp3                    <=
e1473461495546418826f56d712a67ade8fa816d.mp3                    <=
e14eee3189462a7371817bd89e4310493c9bdad8.mp3                    <=
e17472cca45bea2dfb73b99fdf8777d45cbb512b.mp3                    <=
e1c9aa9eca7ba10246634256529ca3e74e64865f.mp3                    <=
e1cc7657a3821fc38557635880a3c620eb86130b.mp3                    <=
e1d827925f930f25eec2062e6627e4be7f12dd55.mp3                    <=
e1f75a1632e8373b3ef89613858ef57b16747d1e.mp3                    <=
e20da45ca82ce9e9d071abae19d7ce98ab8dc216.mp3                    <=
e225bcf24c5b5f783797e020bcf6d9920b2d7c68.mp3                    <=
e23d54c49c646aefb8c741b3a6a8f585131185b8.mp3                    <=
e23d65b0c4ed2a3b701a96a5d11080cb7d8a2863.mp3                    <=
e2482761b2783d2ec3e6191a0217154b4dfea898.mp3                    <=
e251d54fa71b3a43660ce28933ebe8b7b47f9df6.mp3                    <=
e25c4e833e2a25689d05c7da3315f2e151dcec8d.mp3                    <=
e292def2d8e2be43c7b00c067e3a1ff3b7bb54e4.mp3                    <=
e29af1b021e5e904ea68485551628c34c7d753b2.mp3                    <=
e29ed3b07a3cd0f45336ab1e9436be29630c31c8.mp3                    <=
e2b88475e98b19ced42ef3ffbbf4b534f2b346a9.mp3                    <=
e2d9cbf25986a34ad3d3d38617a32c420b7704a4.mp3                    <=
e31d090940083bb14b6435a3bbe5656803d2f3aa.mp3                    <=
e31ed33b1ecb8b5f0159272a1ee616b0047c7dc4.mp3                    <=
e3286caa6446a8fc95ddf5d345ab389a3faca09f.mp3                    <=
e33e5f8910296529b891f45495d6bb22393d55cb.mp3                    <=
e347381aeb2bcbd4e51b343e0c7cb504c6239148.mp3                    <=
e34adbcb1fcd9b0fb0cc5496d3003cc8e1209eff.mp3                    <=
e3574320339b46b349a5090d4d3756b0c65c45e6.mp3                    <=
e38398df60776997e8c9afb8426e14593df7661d.mp3                    <=
e3846b014b0c1e9994bdb22934fe5986b0d11e15.mp3                    <=
e38975c7e5ba1d64ec5ff311744ba25250c6a31c.mp3                    <=
e3903493f8b4d187c04fa07d4160bac56f3fda1b.mp3                    <=
e3a24fbf7c346f2b06f00dc3e4d17045d60ee6a5.mp3                    <=
e3b06356a03b31d9ede608ef2494e3287059757e.mp3                    <=
e3b9d0361bfaebfe54557c33a6300469c031a65e.mp3                    <=
e3c99262ad7c117302dff5e02afccf900d045373.mp3                    <=
e3cd1af2376661202339c054fccc694ef9ea8c7a.mp3                    <=
e3d39b35b4fd08868317af342db712e11ffc7bfb.mp3                    <=
e4322e94f6bdf924da61cead047a62f7280d2720.mp3                    <=
e43d854fe312308cfeb27fed124d2cdeb5f72dab.mp3                    <=
e44293a8fe3381227ed7ecfeae41e0122d80d910.mp3                    <=
e44424106befd4da8c0884fceef3c7b020040586.mp3                    <=
e4471c27f7266031393c49e444b588b69cbe1197.mp3                    <=
e45ae7f4bff20d4dd5a189850d50bbdb460f5db0.mp3                    <=
e464a92dcf05a5a55d925ebb18de80c26ba213c0.mp3                    <=
e48868bf17482aa52d2f6b1cee45d144a7b5bb1f.mp3                    <=
e4982e48f45e9ebbe939963063c625107be98324.mp3                    <=
e49be7b22b75b94bace1bda738f2b57e755ca004.mp3                    <=
e4a01e9463d71a78d8bb556ac315f5dc467781a0.mp3                    <=
e4c7a37a914b00a570bad4f05896e5b8a8f2cd36.mp3                    <=
e4ceb70ea8d83b2d7e42bb29dba7db0924c29a3b.mp3                    <=
e4d72d6c0ee0d3b40c3aa4fa95a288abaf0e231c.mp3                    <=
e4ffdfec754625a24c1fca326804ad027cccede1.mp3                    <=
e5000987607d889c891ee4b1fdf745136bcb5c07.mp3                    <=
e501995f21dad44466c49016860445ebfd3837ed.mp3                    <=
e503acb43db9d8719848b452161f710ce991fab1.mp3                    <=
e50e942b6c4123ab3395740c674bd43921d81298.mp3                    <=
e51347d1473580dd0023fb263566a712a182443c.mp3                    <=
e518d17a8f4f90175c08215146a3d745b81315cf.mp3                    <=
e519987e765dc96c93c88b23e5816c0d902c3ae7.mp3                    <=
e519b0cf4650346d6377c3657fa5293a065d373b.mp3                    <=
e5205d1354b051f8b9d4972426215752d2bb69d0.mp3                    <=
e520be96f7e2404cdf7c5758141131499723f87d.mp3                    <=
e53b40fef5a0f02db9816ab09d757c502485095e.mp3                    <=
e54ee98b57f5294fbab0b79a886bb14a2726a65b.mp3                    <=
e55c87ab26348edc40d9c42b1fa9b2f31e59ce5e.mp3                    <=
e57ad8262aa26d3cf9fa1f5c382ee7a3b29b7ba9.mp3                    <=
e5813e470139f4ec0b3ba94878dc38d035d06f4d.mp3                    <=
e586ab46f95813987a88689a4798e02ec6f43402.mp3                    <=
e5886199d827dc5530132d61d77ffd1b4d5499f1.mp3                    <=
e595bcfbcb63a3577cbc8c1cee5c934555beded9.mp3                    <=
e5b520d34566a508458666244b229138966b7440.mp3                    <=
e5d693c5f0f092fd77c7618899e9a93af667dc38.mp3                    <=
e5e806aadb208dd5df7c943cc970a97fc94d96a6.mp3                    <=
e6047bccab53c922c472bb65eb1e0793c8b41fd9.mp3                    <=
e609e2ec9cf15597e8400511b5de391f4a60824c.mp3                    <=
e60cb05e9b29799d196296b63250d68a99140f04.mp3                    <=
e648af80453125c9817a5d4b262e18758e16234f.mp3                    <=
e65a13875ff912c7bded859cef8539c973f37c30.mp3                    <=
e6896776de21284e12e4737e8b98b367a2dd9220.mp3                    <=
e6f993804d7641509610f1f7b300368376452cbd.mp3                    <=
e6fdeb3cbb258657d280d17ab0ea03e38263775c.mp3                    <=
e71b00ea2073732d0a29f894ff647697558cb336.mp3                    <=
e72f640d56ae337c3e2325791da848646c16753b.mp3                    <=
e736913dea0ad2719bc5c149160a5d75e3da625e.mp3                    <=
e73eca449ef5b7c57335221f18cbd71723674ca5.mp3                    <=
e740738f386b17785f2aa715413b0b43a7fabf8f.mp3                    <=
e74bdc27537ed19883502486c5a731eca4b0ac59.mp3                    <=
e794724a104567f1f38ae38ff8f9fd8f84b0a3fd.mp3                    <=
e7a6910b6df3f9d786c64be61b532c60cd97d93e.mp3                    <=
e7a72d172293ad09f6f169c9545b93994a1ccfe9.mp3                    <=
e7bb42d7ec4e7a7b717a760897a9d1ef7fa0f7d3.mp3                    <=
e7cfa03babf3bc2aef865afc59e8b040cb3ec6ce.mp3                    <=
e80cc46b92e4be358cfb65de86fe2d92e40b9386.mp3                    <=
e8220359e1acb4273021523a35d5035aa044d19a.mp3                    <=
e8415f4f7e402e5fab3a5bd532dc390228fea3c1.mp3                    <=
e84246fc87f04419ea32d6e2921afad73c76d270.mp3                    <=
e8687e407afda2e43feb2007c842934d45cf2f8f.mp3                    <=
e86c8e6856fc83aeac40463051177b0456aaff3b.mp3                    <=
e89c27604485a90a010862980985c0b2fd40f23e.mp3                    <=
e89cf5bd281b7635e7dfe7d30b7529b084e078a7.mp3                    <=
e89fcfbd0b8a56e42067346585a444335da0ddc1.mp3                    <=
e8a3fb6c70fb82a23e14de5a88ea8b687d0dc25c.mp3                    <=
e8cff173d89c6cdc811278538e732939945a37ee.mp3                    <=
e8d5165c304a699278063a9960ded426312f9907.mp3                    <=
e8e2f4bb4fb48fdcb921282beb9e4a4bc4abbf47.mp3                    <=
e923e311ca3d00abe72db5d801daaa2e191ee919.mp3                    <=
e9353a8050dc81caf1beb1dd052e4b51448c004d.mp3                    <=
e94df5ceb4700bb807afc057d626035d34e9dc6a.mp3                    <=
e95f99948372d1232f34d2b2238479fa67667263.mp3                    <=
e964040e07bab0aed126ed485adde2c00ff43ff2.mp3                    <=
e96ced7dd770ea7a0828a3ecad332a2fe7138759.mp3                    <=
e97c8245b41c300f551609f479a2c8264364c94e.mp3                    <=
e9915e5c7f295640564f9ce4f9eede5a546d1e29.mp3                    <=
e999d0ed9c112a6fd788ff93f292217fee04246a.mp3                    <=
e99c959eed68374106c91db66b3e33df0a8ee9d7.mp3                    <=
e9c5b7437681643f34136993ca287c50878ea56f.mp3                    <=
e9d5a759af13fa8171a6671447e12024feb3c1f2.mp3                    <=
e9d64dc818bcc23690f06d3f53734bbdc0817ff6.mp3                    <=
e9d70f4ed037e4d503e8ac6476e9c69e0608b604.mp3                    <=
e9f1206493986bd22c9eb34559e6bf7d83969988.mp3                    <=
e9fccf48e6b0a34338b42d90cf15c2c78be7f187.mp3                    <=
ea22651ba5d60d5f610f737add4cce0760e165ef.mp3                    <=
ea26169d707d5b72bea673a67969dacd624ab1dc.mp3                    <=
ea29a54a72b1fbe64e76afd5cbc6c51f2c99e02d.mp3                    <=
ea32e9f4f4e425130d27c8b209c873fe7ddc7171.mp3                    <=
ea347c60e41cc49e88c7099fe8c68d051263b7ab.mp3                    <=
ea3ba0375600372d2c20d629504945b4ded1c8fe.mp3                    <=
ea509506c6d4bead084c053da9dd9a7a9d9e8d9d.mp3                    <=
ea6b603243a515a431c1305ba7cc0e7ae8bd5096.mp3                    <=
ea9edbf55164f517b4af8ed86632ebb46229f005.mp3                    <=
eaa77f9930303b0543007a71d4d9dfda94f13845.mp3                    <=
eab3d3fed3c31c8bb70500b0297f46ee9e6c5865.mp3                    <=
eacaea96876c639bfa8ce753c9821856235ea547.mp3                    <=
eae33e8e37e759d6b87ea89034e99b09bc29c75d.mp3                    <=
eb03c4ace6463bc6c17cd288bec504bd9c340cef.mp3                    <=
eb07d70a5d30326c28106d991c3c77896c5df7c4.mp3                    <=
eb0bbc4a1307e8b35e1875ed1bc99f85cb5ba86d.mp3                    <=
eb23e092df2b75409b6edf2400134cb46c293729.mp3                    <=
eb3275ed5e749759260db519a780ef6e7586cc40.mp3                    <=
eb4231355c7a7e3f010c2cd30026f2c361a428cf.mp3                    <=
eb491b11284c846b72df30b3f3a50ac7f51b64ef.mp3                    <=
eb5dc0700a1b73702bdb674df89cf5701a90e083.mp3                    <=
eb5f4c16682f380935b487c3f61cdaca278350e0.mp3                    <=
eb71db531a93b5cb09d4a2d9b063220b6874766e.mp3                    <=
eba1fa2970d262483a553d8d55d3831d3114d5da.mp3                    <=
ebb0b02350fbcf52fa1d5425972a2771e351ee4c.mp3                    <=
ebc0eb4bb0ef84fe3ea457b167583549743a241e.mp3                    <=
ebcf095038a6201b65e93da9518ff73d886c0995.mp3                    <=
ebf7bee9f80b5b906e8b5dd9f6b51353e23396f1.mp3                    <=
ec299d08372b778417df75daa41c30a649ac3d0a.mp3                    <=
ec4b7064b130aadc4fa77eee28f15656d927e52f.mp3                    <=
ec500ec013501a3d303a45608d4eac01320f19e8.mp3                    <=
ec572469e7795bae2859557f39af7b40c4a461d7.mp3                    <=
ec6f8693b7df2d59fb7425fe5fada8407a24b4dd.mp3                    <=
ec789d7ab6e9a3b6fb5f35b11f43f7122a2f089e.mp3                    <=
ec8056ce8678304eae3fb38e5dbd7db3b0616f88.mp3                    <=
eca78c9d98c46183153f3239cf34a0cc8f783b0f.mp3                    <=
eca99f54f2ee24ea502b689d61ebefb85d436a60.mp3                    <=
ecf785cc24ddb23f95a67fffedaacbf2356bd508.mp3                    <=
ed16cfcd4a0a9a968973d96c4a6d75bab6ff10e7.mp3                    <=
ed2bb85a9bcf555ba3627dfe062f8e1e539a5390.mp3                    <=
ed446f3d2c838f68fb78acb54a1086a57f2b1853.mp3                    <=
ed5470e9525a8f6b6b3e7d627de232275424919e.mp3                    <=
ed7ddd2f86a74b5271dd964eb9a532a5e3424275.mp3                    <=
ed8658002ea5cb5c3c8dab27e2d63387acb58901.mp3                    <=
ed8779d8d97994fde3057fa9c1c204e7032e80b1.mp3                    <=
ed88e4943ac0b167bb037cb253ea314959f0ed48.mp3                    <=
ed938830ab53cc03d21a6d0bfa1c458546177ff4.mp3                    <=
ed9da6572b6bf3eb22f7d2c62e58c983f3dc2df0.mp3                    <=
edaf9ed9c95355fbc4e50443209794f43c51cfad.mp3                    <=
edbeed6eb6dc92f4f1a13065a25a8e65707ca0a7.mp3                    <=
edc193d76383fa84de1095057ca7253c699988fc.mp3                    <=
edea062c6e0df5eebcd5326e32c5973eda810e8d.mp3                    <=
edf9e8f8660766d6652f64d885142b8e68afcd45.mp3                    <=
edfe9b637e35312f511c2226dc81ffdc36ded0b6.mp3                    <=
ee4769b3d98562e4a5aaee9dfb05b4422663ec4e.mp3                    <=
ee7b6943c38375bfda767799ef525437554711bb.mp3                    <=
ee9605b88922d10bbb7e681a05cc983b84a1ed98.mp3                    <=
eea08d8a0f1f0b4cb17fe5d9784112600f05164f.mp3                    <=
eeaafd8dde31b72cf25df247f3dc1a9e3d3b32a0.mp3                    <=
eebb51e1baad875122a4c072da3b89a92b8e5f0a.mp3                    <=
eebba2a08c700b3275423eff177c196619182341.mp3                    <=
eecbe496d32829b2f63904e527136e91993e9b22.mp3                    <=
eecce4214ef20d53ad8415862d837cf7bea92617.mp3                    <=
ef003a301c3e2457fe66a555fa0bd912372bd37c.mp3                    <=
ef136433d138272e41f1b2d67204f2814ef85261.mp3                    <=
ef1acf4fe34a05409cc7b91bbd94b6f33ff90e21.mp3                    <=
ef2c9552a7f1e85a0f5a9920cc0d4e0b85fee469.mp3                    <=
ef42c7803a2f01da943bf4f77d43780f999f54ef.mp3                    <=
ef529378df66f15d32611bf947464b54b41c9b0f.mp3                    <=
ef570470e40bc8ee9425b2afee341e7746785b31.mp3                    <=
ef57d91e16e8ac0243fc4a1462415c0888cdc429.mp3                    <=
ef58e8bc5555437fecaffbe574d138a04dbcc8d0.mp3                    <=
ef6a7721434a7e89c35e322c413ac4ee3b068d71.mp3                    <=
ef6dedbb4f4a8d8206710701751b8fc8a7268fbc.mp3                    <=
ef723622a5d579d918139f733bcc49e293010bfd.mp3                    <=
ef9c58cfa28525d46834917f9c4ee45cc7ebeac4.mp3                    <=
efd12178f7a725c041fca53f1e72e54649e4b5cf.mp3                    <=
f007e5d7ced1d3e83ab4cb32a5f9073e46816465.mp3                    <=
f060c669e1cd0531f637ac3b054d6a218ec8808a.mp3                    <=
f069640fb9e1e7173723c9d5712a08a5b3f6e7e5.mp3                    <=
f06a2b7108604130dca1ebfb2505ee0fcb601687.mp3                    <=
f06d9f7af74985a2ae7f0bfcffd655d56ffd761c.mp3                    <=
f09c7d0a1299cd022137208e6ec23fe368a709f0.mp3                    <=
f0b5cff63b9e60405fa9d9e7042716510683489c.mp3                    <=
f0db1f06edacf136d27007a8475fc671fe304ae4.mp3                    <=
f0eb8b09dde7e267b61d41fb448d2dd51d35d4c8.mp3                    <=
f110d185859d071b0366eb2e07a7cdf8fbe79134.mp3                    <=
f115a3e8cb80f7182e14f5726dc6e8f88c22a62d.mp3                    <=
f11bd85585b1145ad12ed7cb9b78c87e9c866a42.mp3                    <=
f1384f0c341036a9c69e94e43894e185c00a7f9c.mp3                    <=
f13ed793ce5ab1410cb3349329102a8f41739dcb.mp3                    <=
f1445205a125b378cd33f0628593395a638808c4.mp3                    <=
f146fb83256cc24894a9412f47942f99e7ecf3ea.mp3                    <=
f14f7e3b8f600608c0ee3fc424c30835d0a8d97d.mp3                    <=
f17059fcfd943c6e82eadc225a63b164a03eb5a6.mp3                    <=
f17c0356e6930c679ca39ed4a02006cb7e2cddab.mp3                    <=
f1ac7004525f85c7f9390d1ae966936b89299e32.mp3                    <=
f1b57e459b6340d7df0b475fef1bc0ff3942e8a9.mp3                    <=
f1c1e1cfb5060cbfb303a5b03581fb0b9aaeab83.mp3                    <=
f1c435ab69f26191a0eb5478d1dc45bb219cccbe.mp3                    <=
f1c65a69eae0cdfbe8d47d267957c378099c8aed.mp3                    <=
f1f540596cb60c9eb618c1e0eb3154fb239e2293.mp3                    <=
f1fc1ca2f80136c2426573a595d814f036bd6fb6.mp3                    <=
f200236e094f7e667fe98bfaf0e2047024fe45e0.mp3                    <=
f2056da7583625f7a98d8e4eb2cb56cf73b856d0.mp3                    <=
f207d8c56d4478533738a6cb8c779595a85d8ee2.mp3                    <=
f20b10ec37dc6a2edcde7ed2f6fe441624698e65.mp3                    <=
f21c7ec4c94f9a991fe75efd8f9baed4d7fe1707.mp3                    <=
f23f27eccac329da2d0ac60f532dd0b3631f3c0a.mp3                    <=
f24cb3f58e02c8ccbacf187667e6491089b36697.mp3                    <=
f257c26594c7de409a0e89e54f8d9857453caa89.mp3                    <=
f2583afe530e800b9843ac9fef1a21ef6664e0f4.mp3                    <=
f262a8cac29a9aea6faacecc48f94f4161a7cd27.mp3                    <=
f26e4be26d4172da669a30028f54f46fbc049499.mp3                    <=
f27c870541af57b15410b0b69fbdf04187b84303.mp3                    <=
f281722f6bfd0a64f40d4df621ba5201185928a8.mp3                    <=
f2956a044411c38ae7a1884b0a2ecd6f79e20b01.mp3                    <=
f29befb214e2198fb9a1663e3f4d4654a3f9c337.mp3                    <=
f2a9d955eb41a809eb464f3a3ce82a79d00b11a5.mp3                    <=
f2afbf1b921872e0bbf71c9f727b68387014ca52.mp3                    <=
f2b5995df2314a5e54bb913d605211dc7b8a010e.mp3                    <=
f2f2d61a4f981a5cc46a45b801ec876f1161a8f8.mp3                    <=
f2f3eba4c71cecf8a8ae16c1495dacc57cbe8728.mp3                    <=
f2f461417a33fc96686fd8b64a22ecb1f09d276c.mp3                    <=
f341883d2e9dc36de127a05e0f408ef4aebd7475.mp3                    <=
f3434915441236b292292d874c97c0b013a5b9b1.mp3                    <=
f3463306cf755494c10dbf1c8727e35aaedb91c8.mp3                    <=
f3479f6c1e114ce103a90129329b07dcd3711e15.mp3                    <=
f3487fdb54d099d2100bcb9236ed01d72aa1ee97.mp3                    <=
f356d1b0dcec995152dc5f9226dc05d1de94f588.mp3                    <=
f35cf0b4c2d53225b97df61c872a48fff148968e.mp3                    <=
f3790242ddf6fb892a2015e0c495826f8fba9ce1.mp3                    <=
f381f13264b47a2c505511acc131213ec9120080.mp3                    <=
f383cf7d60cacfd5315b5f20ab5fd24e2435d8b2.mp3                    <=
f38c18b5877a7353b3b2621b8f81943070aa6eaf.mp3                    <=
f39b2c364cc527bc4f5faf4e926b6d6adabb27fc.mp3                    <=
f3d8a577b0096c4bd776d2db6c163a442028ed32.mp3                    <=
f3db82ba26e67b6b234fc9ece5e9246dfb350e10.mp3                    <=
f3e2d1456b77b720bee23c453fbb2643572088bd.mp3                    <=
f4006a2b31365599bdffd28e2a6a9536afb13f14.mp3                    <=
f428dfca3b4eb123ac3f7da1844852013b8a3b79.mp3                    <=
f448d1df4219f0cda688dbe6f540c60f945bc212.mp3                    <=
f45688ab52a64392c5333d6cd29efa5e608b6b77.mp3                    <=
f47cb93b28ad4352f790579bc9a6998a33cf8685.mp3                    <=
f49dc13fc1addcfa2ed55fafa22ffc4da3236d4e.mp3                    <=
f4a85c749d4f6158a2bc7f0d185418883be0a60a.mp3                    <=
f4b6eab08a544fde0708c8463aaca286bd11dd23.mp3                    <=
f4bb95e7185d79c2da19dedd713a8dac1330f845.mp3                    <=
f4c174562866c9ec036b9f7472f0138599fc04e0.mp3                    <=
f4c79053580855dd785766d886945317f3d6b92c.mp3                    <=
f4ca3a3833434417f69cee435a65688e56d89ba0.mp3                    <=
f4d5a9575735aca65c23fccc53877b728364e130.mp3                    <=
f4d6ca673d692e239a6dc09d1836d002294483f1.mp3                    <=
f4e00b456e3b68868f23d1cfe26348cc00a4d430.mp3                    <=
f4e3481953b997854bb85058edf4957e5fa1c5ff.mp3                    <=
f4e81659d74c86b3f362a5a6297484979fc8361b.mp3                    <=
f4f4e72861f2d28c6765be37fcfbcfa833d25109.mp3                    <=
f50115b1766cff38f87bb776f002a7652cf59dc9.mp3                    <=
f501f31fbb97c9f55bd85da7150ef1df52e99127.mp3                    <=
f50cb8cdcf9215db9bb1867f1a6a4a27883f1781.mp3                    <=
f51d8754eace30ba70a2329676bd722c804f1115.mp3                    <=
f53dc96dae9fdea67f84467f310c25f48cdbdcd8.mp3                    <=
f54975247982b68065d73c8fce65630d698b6cb7.mp3                    <=
f5598f5f0896fc467eba223379e86120377e0ebc.mp3                    <=
f563786c1a479e74f83af27a505261b1cbbcd740.mp3                    <=
f56cd67fd6fa02e8c9db524a492203d9179a2b87.mp3                    <=
f5723bea574d1dec0bf150b0a2030f940307451e.mp3                    <=
f592ab1d424f37ea4f998e1f5b56dd561b276cc6.mp3                    <=
f595b30e5f9fd6f99411f800003c470e7ddf98f1.mp3                    <=
f59c6c59f1c48d0190469cf03b9d9e0ec4809eb7.mp3                    <=
f5b34d5bc3e344ebf32b6e93f282c3ef75d155dc.mp3                    <=
f5b58fe2084a40a3f52b5c66b3ba6efa3d429989.mp3                    <=
f5c0d07cc49115075bf94ab5fb8e896acf4b761b.mp3                    <=
f5d33bd14dfb86e206caf82ab31a33a3a61f57cb.mp3                    <=
f5eb52978f27db64df61b771b2ad39ba6292c2f6.mp3                    <=
f5f2cdc377ae12ed2f1d2a0126b9b2ea428c6a8c.mp3                    <=
f614160f044a253b56b2701c973beb96af77064c.mp3                    <=
f66fdbd9b10e103906f354f4d94236abfac49158.mp3                    <=
f67bc7868b5aa316ec6521147c4eddbdb68d2548.mp3                    <=
f689b0dada5d73f8cef67ac38f3ee3225db05428.mp3                    <=
f693c2eea7a91fd2f99421593783436f6288b8c8.mp3                    <=
f69b6e9db58b829a72e72f4fc3e723fca36bf760.mp3                    <=
f6a8e68170a84972fe2e50aa732b743af6fb73af.mp3                    <=
f6b02064c90d5a61318e7eff8af540370d8791dd.mp3                    <=
f6b0eb6b857137860e7708d61f708f8d77f9613c.mp3                    <=
f6b844ae3c67b37daae1c7a984bcae1667c1a9c9.mp3                    <=
f6de4a4592ef84f6a57d10f8ba4382687dbaec2a.mp3                    <=
f712b8cef7d8b809782eea1d58bd8cf4858b9d21.mp3                    <=
f7323936f486cd0a0bb805150fea2d2d0d49df28.mp3                    <=
f76abc61741728cb72807fd53c9a56f5291212e4.mp3                    <=
f77b31d9026e46e88e8a89693450fca80d1654b6.mp3                    <=
f7939750655702150ba1d2bb766ba7bdd1cc0f99.mp3                    <=
f7b1dfc7acec1be1e05b450cae749cfe27b63701.mp3                    <=
f7b8c998fd30511d76b0632216349bc192b74bc5.mp3                    <=
f7cb87952ece840ae42ae054d40029fabdae8fbe.mp3                    <=
f7d42a0f24fa1c9049b781872c647155b4965d42.mp3                    <=
f7e9288779604e3e9bddd907c67e364c740910c8.mp3                    <=
f7fdc1ff1140a88aab1973bbc5f22dedb2104bf5.mp3                    <=
f806597f3944d0405454a37769a493e885cb70f0.mp3                    <=
f80e6560f4d81d7e63c0e87585ae4edcf0383404.mp3                    <=
f81f8f8269fca3bed4cb39d896f1ef969ecf00bb.mp3                    <=
f8209df0a48c2a900ed12614ced601368ed75013.mp3                    <=
f825df9bd5ae1ea927b7124f90601f4c98a0f184.mp3                    <=
f827bb9ff9d107a3f81342d95900700a0f883932.mp3                    <=
f82d57da0629955712d484342af374bd1f608a28.mp3                    <=
f82f196fc4ce75518aaef0531d520948a321e326.mp3                    <=
f83eda84ed3520d8c095b4ecaacfbb8451db987f.mp3                    <=
f83ffd8b114ce91a152bf843143b727b12649128.mp3                    <=
f85c23e26177f25d9923d4b04c11eeb85c89269f.mp3                    <=
f87ae272fd0be902e536d71d0fd929ad4c1d39e3.mp3                    <=
f8988681b99196d27e91545ef84245f502244cdb.mp3                    <=
f8a9e4e09598029402919a9f77a4c354a1e7bc26.mp3                    <=
f8ab7661e0df47012cd8786acb8096d222b649e4.mp3                    <=
f8b66f12e145d48be6533a0278069ed54cd21a57.mp3                    <=
f8c40c48865d5a58ec654f8d716efce1aa38a79c.mp3                    <=
f8cbfbddbb54ca5fbdb680c858d37b9c64ef1998.mp3                    <=
f8d0fc3d21a5bb76eba9b24b00514470edab9acb.mp3                    <=
f8d14981e3eba7ef035bf9c532d473159f4d47dd.mp3                    <=
f909dfb8ca2f3f68ed95b8743217f34382e75449.mp3                    <=
f90bc0680a4cf3c2ecda547de23b7ad4d2868a10.mp3                    <=
f92af8e642e4becb4fc0dad07ac8d83c49190eba.mp3                    <=
f92bef9af619adfec9f3e15e0014f96e11aef823.mp3                    <=
f939085139bf4b61b06851522e998bef7723df8d.mp3                    <=
f93b39fc505f02bc257ef8a01f3ab7bf0948985f.mp3                    <=
f93c1f58d94cf17fc9c718437562b6664e48e671.mp3                    <=
f93ccfca10bb9552cf37f218d0349854be948761.mp3                    <=
f93ecd33b6d122b39edda2f5047703eadefa93b8.mp3                    <=
f9417e312e20b97486238d00da0df4ed2fd52c11.mp3                    <=
f966b46bbb61f2b04ef1fa0630acad0b8c1722ef.mp3                    <=
f966e5d0175df04f800a4f710aa2b1555afb8023.mp3                    <=
f9714958322df2fe29d265bd542736d08a0cd2a3.mp3                    <=
f9a55319095f07f4253b0692229c84dc62760cb6.mp3                    <=
f9a6679755c587ebddb96476c5a85031fb4d54b2.mp3                    <=
f9b00ce33775137bbcd5367572ab3e4f9dcee125.mp3                    <=
f9dee329b4d013770a6307130547a9e334b38901.mp3                    <=
f9e9b24260aa000e1ecc3162456e4d0c4f436513.mp3                    <=
f9eb51249b66931099500b03d720d4cda4e0141c.mp3                    <=
f9f55a836f8a2f1e7d14ffdb431b374993ae8e2b.mp3                    <=
f9f61846d819b243271fb9f4f54ba91603cc09b5.mp3                    <=
f9fb25347340a4c73bb5989bb26dc66a9e46723f.mp3                    <=
fa0bf7a9a6408a8192e8ff30805cb2aa451d0bb1.mp3                    <=
fa1db12d4847250210ca9dcf4d6215748c87e4d9.mp3                    <=
fa40ea9de9c4098f991a0440362d89126b2a6d7b.mp3                    <=
fa41b5aececca6e6e468f7fd5ec1bb8891d99685.mp3                    <=
fa42842ebbaea9b0fbda4628f004ab0c215d613a.mp3                    <=
fa4a26a857e8ba85d197692d86fe48e2e7b8d56e.mp3                    <=
fa721be46a52f7b09c9d56e8b84942707b2b9fc5.mp3                    <=
fa7536b2635722f0205a02e4b3746a993fb50237.mp3                    <=
fa774e0370a8a617c27bf5ae2545b8e732c1e3b6.mp3                    <=
fa7cbbc003b6dbeaa3f88f860f618e37bbacd8fc.mp3                    <=
fa84a2270438d47dd8eeaa610729cbbcc06550ed.mp3                    <=
fa8eb457c15a31fe273df7ccdda618a076069580.mp3                    <=
fa8f6fba1c6a0fbaa47e4e339c38b6ea19e910fc.mp3                    <=
fa93d88a97e70263ea497b5493e1eb04fb79933b.mp3                    <=
fac4169a58657c6c46970ff56ff3d468c119ca53.mp3                    <=
fac9b78192e8d598bd9ce34d7683277f476c8989.mp3                    <=
facc21d049c44157b0d9b5f31aa6def6d3d81f51.mp3                    <=
face10bf33fb66d60aae764d7b67ce24a09e3b22.mp3                    <=
fad1d6327f37fa66a4502b2bab6430223fa72bd1.mp3                    <=
fae759d8d746b605e89661d4c7475c05d71450fb.mp3                    <=
faf49cd129644283a1345ac8e633dc9d4edb7a4a.mp3                    <=
fb080ea1cb61c2af99864e5400c8e6f52aec9465.mp3                    <=
fb0d7115fe375d48f7958467971b9c5249811253.mp3                    <=
fb0df820664da0a2b9b0ce8bf8e4d8275d308512.mp3                    <=
fb42536b797c978813c7af3a83dc8cc1e4984d7d.mp3                    <=
fb61f3e7a07b852fe52037e9742969968b3875eb.mp3                    <=
fb8bda33debaf7762b547fb3b1b0b73c45efd9ed.mp3                    <=
fb8d10589b952a3696fb307428ef787b3b46c0f0.mp3                    <=
fb8d9b3a08da17fa9eae640b6293b623b10d4faf.mp3                    <=
fba996d843a46f17d3c669c22e02711cec2b9f6b.mp3                    <=
fbbf94c24f243890c859cde943258793d3d7dc11.mp3                    <=
fbc2e367577fb53f1b6b6f5fae875e74f1c02f0a.mp3                    <=
fbc87041b93bd07ea546e18a432584d3085152d4.mp3                    <=
fbd204ccdc1c18c5af940296e43af03fbc60bc30.mp3                    <=
fbe18be432856f9c9eaa8fe47cbd2e7d6e4cc69e.mp3                    <=
fc04ad6acf7fe76df4410d07c1fd326e1a8dddfa.mp3                    <=
fc1455088f5e23d426167cd9b6044f3b3bd22578.mp3                    <=
fc21520781153b29dfdcad305c110561e6dde1ec.mp3                    <=
fc29177c1b028def7ad576fe2933cc4d82b225c8.mp3                    <=
fc2aa1bbae834ad5f8cf7ad8641d7b225ccde4a1.mp3                    <=
fc465adc6243cc4f8e0ec106ffa5377aee40de8c.mp3                    <=
fc5b600e60f5ad873e5de31854150eaf11c5c806.mp3                    <=
fc806e200a48f69bff29e15dbb82a67729d0e62e.mp3                    <=
fc84d7678f7482be6776be2b49969712adbe08b0.mp3                    <=
fc9300fbb1a46bec4f7c56a08d85181083cc0b57.mp3                    <=
fca232ece46118a58af1ce00da6b3d079220bb16.mp3                    <=
fca2c87a25d6a7bf78baebbf45c93fedf6274529.mp3                    <=
fcb59777ce7612135ac9ac5272a2d798bbd6c2eb.mp3                    <=
fcd3d6aab85d1bbc9f1ad16f6dfb0d92c306c646.mp3                    <=
fd0f8c017dfe437ceb2224c84bd5ade4feb4ff68.mp3                    <=
fd0f9da775e029b7c6f3ad683b0e4ccd02ab5691.mp3                    <=
fd487079dcabfb49e0b0717e107629c611a9b5e6.mp3                    <=
fd9729e693636d959ee7b2c33a946bdaa79960c8.mp3                    <=
fd9af89ac59063dbf1ebcc8b7fd71d1048d610f4.mp3                    <=
fda5be6e3dbe80cbd62c77c810856558af0e3036.mp3                    <=
fdb1f9942ecac2ace26f72da06d72b7b3348ee53.mp3                    <=
fdbc5339d61a468c5f54a3b7e5b58fb6178aad4e.mp3                    <=
fdd0aeaded557fada85cf4e84e27e05022c1e4dc.mp3                    <=
fdd141918a9882798d7de4b1345df3ca21b205ee.mp3                    <=
fdd6949cb1601d703ceea7988d0552237d8c9cfa.mp3                    <=
fdf5508c11ec308da4a2346cab1a9734d80ed8e7.mp3                    <=
fdfa31efba89fe1634791260df066b36179b06fc.mp3                    <=
fe0c8484125e27c9c8e8a39ac7810675e2ff9edc.mp3                    <=
fe132faba90de6949dc0f5f04179e9ed97f325ff.mp3                    <=
fe330a1366e8204b15382a65d48a076410891e22.mp3                    <=
fe4dda69b93175b0a4a23c3ce965e53ed58b78b6.mp3                    <=
fe6fb37c76ef9dca0a0f82cef4a5783c99cc1fd8.mp3                    <=
fe8fb33601e05e24a8588234c5e4ae36689470df.mp3                    <=
fe9aec4c80cdbcd71589c273ac9335a30e7deee1.mp3                    <=
fefd9d06d65dff98bbcc289793ca397e0e32147e.mp3                    <=
ff1a72b5683f3d4850a2681c2f4c9fb1fb2ce1fa.mp3                    <=
ff228dcf69df8435464e69ffbe314377411c4080.mp3                    <=
ff360e7f3f19920ff890fe982826bd3fbebb86d8.mp3                    <=
ff3e48413600a383c42c8f348ebf887d8b93032d.mp3                    <=
ff46a3545e8d0df01f2d844f59b035063aeacd05.mp3                    <=
ff4cc501e10b6c3f2035675fd0a7cfa20f049e2b.mp3                    <=
ff5786294309876542324d65783632e6df02047d.mp3                    <=
ff5859fbd0ca5bba4b88a36c451da9b6ad7d5282.mp3                    <=
ff5e3e4b8268309ab0bbf12ec6999fb8104d0e05.mp3                    <=
ff633acdad9f7b7555494927999a9f6779cc1117.mp3                    <=
ff82b05cd395b846c9b9934cae19b6acbacf4c64.mp3                    <=
ffb522bbe7dd9af13545d433f439e9ab7ae150c2.mp3                    <=
ffc760e5ed58196f811cfce19e897e32bb8ad117.mp3                    <=
ffc82716d7871167b7ba4d0e227f4994ba0577f9.mp3                    <=
ffd8c8a32c7b7cb350987fa39975eb40d22a8d09.mp3                    <=
ffdd47f52e9bf75de2a9fd81bdb7ed7a8e679343.mp3                    <=

