ID,Source,Target,Note
ilda-13,aacim-,"Talk about him, say things about him",
ilda-3858,aacimon-,"Speaker, presenter",
ilda-6853,aacimoon-,historical narrative,
ilda-2928,aacimw-,"Council person, elected tribal official",
ilda-1803,aacimwaapii-,"Talk on the phone, be on the internet",
ilda-9134,aacimwahki,land of stories,
ilda-5298,aacimweekaan-,Council House,
ilda-1808,aacimwi-,"Hold council, have a council meeting, relate a story",
ilda-8638,aacimwihtaw-,"Advise him, speak to him about it",
ilda-1813,aahkohkaa-,Exercise,
ilda-1263,aahkohkeelintam-,"Care for it, pay attention to it",
ilda-1818,aahkohkeelintii-,Care for each other,
ilda-8,aahkohkim-,"Command him, be in charge of, give him direction",
ilda-2933,aahkohkinki-,"Boss, supervisor",
ilda-1823,aahkohkinkii-,Be in charge,
ilda-6023,aahkol-,Smoke,
ilda-6028,aahkoleeki šoohkwaakan-,Train,
ilda-423,aahkom-,"Speak angrily to him, speak to him in an angry voice",
ilda-1828,aahkonkii-,"Speak angrily, speak in an angry voice",
ilda-8013,aahkopihkwee-,"Urinate, pee intensely",
ilda-1833,aahkosi-,"Be angry, quarrelsome, mad",
ilda-428,aahkosih-,"Make him angry, mad",
ilda-3863,aahkoti-,"Punk, fungus (Fomes fomentarius), tinder (for starting fire)",
ilda-10310,aahkwaahkeelintam-,"Be lazy about it, negligent about it",
ilda-433,aahkwaapahw-,"Make him dream, cause him to dream",
ilda-1838,aahkwaapawaa-,Dream,
ilda-438,aahkwaapawaal-,Dream of him,
ilda-10315,aahkwat-,"be important, difficult",
ilda-12797,aahkwihsen-,"it is difficult to use, in a problematic condition",
ilda-6033,aahkwiteeheeyon-,Sullenness,
ilda-9974,aahpitesi-,"Go onward, continue",
ilda-1843,aahpitohsee-,"Walk on, keep moving along",
ilda-13500,aahsamaalakiinkwee-,Look to the side,
ilda-1848,aahsamihšin-,Lie on one's back,
ilda-1853,aahsansi-,"Bask in the sun, sunbathe",
ilda-23,aahsantee-,"It is sunny, the sun shines",
ilda-7193,aahsanteepakw-,Grape (Vitis spp.),
ilda-6038,aahsanteepakwaapow-,"Wine, grape juice",
ilda-28,aahtee-,It goes out (of a fire or light),
ilda-7743,aahteeleentam-,"Turn off the light, extinguish it",
ilda-8928,aahših-,Set an example,
ilda-3868,aakaawit-,Porcupine,
ilda-8738,aakalaahšim-,"Englishman, British Person",
ilda-8808,aakalaahšima paaskoonti-,Soccer,
ilda-7733,aakalaahšimaatawee-,Speak english,
ilda-7728,aakalaahšimaataweenk-,English language,
ilda-3873,aakooti-,Soft shelled turtle (Apalone spinifera),
ilda-8128,aakwaahkw-,"Behind, under, on the other side of",
ilda-6043,aalaahšion-,Long hunt,
ilda-1863,aalaankwaapanti-,"Appear tired, look tired",
ilda-1868,aalaankwee-,"Be tired, exhausted",
ilda-1873,aalaapi-,"Look in a particular direction, observe",
ilda-6048,aalahkwaahkamoon-,Umbrella,
ilda-33,aalahkwat-,It is cloudy,
ilda-5238,aalahkwatw-,Cloud,
ilda-6088,aalakoontaakan-,"Ladder, stairway",
ilda-1268,aalawinam-,Refuse it,
ilda-11729,aalhsaalakiinkwaakan-,Eyeglasses,
ilda-1878,aalhsaalakiinkwee-,Wear glasses,
ilda-1883,aalhsepowee-,Have hiccups,
ilda-6803,aalhsoohkaal-,Tell a winter story about him,
ilda-6733,aalhsoohkaan-,a winter story,
ilda-6808,aalhsoohkaatam-,Tell a winter story about it,
ilda-6798,aalhsoohkaw-,Tell a winter story to him,
ilda-6703,aalhsoohkii-,Tell a winter story,
ilda-9681,aalim-,"Must, have to, bound to",
ilda-38,aalimat-,It is difficult,
ilda-1888,aalimesi-,"Be difficult, be cross, hard to get along with",
ilda-8033,aalimiihtaw-,Cook for him,
ilda-1273,aalimiihtoo-,cook it,
ilda-2938,aalimiihtw-,"Chef, cook, food preparer",
ilda-8178,aalimiihtwikaan-,Kitchen,
ilda-10079,aalint-,"some, part",
ilda-11006,aalohsen-,"be useless, futile",
ilda-443,aalom-,"Refuse him, reject him",
ilda-11623,aalošam-,"fail to cut it, cannot cut it",
ilda-6773,aalweeli-,"Fail at doing something, cannot",
ilda-12320,aalwihšin-,Fail to get hurt,
ilda-2943,aamaawi-,Bee,
ilda-5678,aamaawia paankosaakan-,Honey,
ilda-9292,aancihsah-,"To make them migrate, relocate, remove them",
ilda-9297,aancihsee-,"Change location, move",
ilda-8533,aancihtaaki-,Change maker,
ilda-10320,aancihtaw-,"change it, fix it for him",
ilda-6653,aancihtoo-,"Change it, repair it, fix it",
ilda-1893,aancikii-,"Change residence, move to a dfferent house",
ilda-1898,aancimotayi-,Change one's clothes,
ilda-8488,aanciniiki-,"Grow, develop, mature",
ilda-4093,aanciniikin-,"It grows, develops, matures",
ilda-8683,aancipakat-,(the tree) changes its leaves,
ilda-13036,aancipelakii-,Have one's health or life improve for the better,
ilda-1903,aanciteehee-,"Change one's feelings about something, have a change of heart",
ilda-13697,aanhkwiniikion-,Linking the generations,
ilda-2948,aankwaahsakw-,Driftwood,
ilda-5818,aankwaahsakwa siipiiw-,White River-East Fork (Indiana),
ilda-5123,aankwahaakan-,Broom,
ilda-8903,aankwaham-,"Sweep it, Play Broomball",
ilda-1908,aankweepi-,Be at rest,
ilda-10325,aantaaši,"over yonder, in this direction",
ilda-7118,aantapi-,"Sit elsewhere, change one's seat",
ilda-7478,aanteekw-,Crow,
ilda-3878,aapacilaatawi-,Mockingbird (Mimus polyglottos),
ilda-6788,aapaciteehee-,"Undecided, unsure",
ilda-1278,aapahkošam-,"Cut it off, sever it",
ilda-10330,aapisehkaw-,"cheer up, revive someone by one's presence",
ilda-11899,aaponam-,Give it back,
ilda-453,aapool-,Bring him back,
ilda-7533,aapooš-,"Also, again",
ilda-7088,aapw-,"Return, back",
ilda-1913,aapwaalaapi-,Look back,
ilda-1918,aapwee-,"Return, come back",
ilda-8043,aapweeyaa-,It returns,
ilda-1923,aapweeyohsee-,Walk back,
ilda-1288,aatotam-,"Talk about it, discuss it, debate it, give an account of something",
ilda-9894,aatotamaatii-,Talk with each other about it,
ilda-7003,aawiki,Present and past time,
ilda-7593,aayaacimwaakaanhs-,Cell phone,
ilda-7588,aayaacimwaakan-,Phone,
ilda-7658,aayaahkam-,"Totally, completely, very, forever",
ilda-9403,aayaahkamehkaa-,Gone forever,
ilda-8623,aayaakampikan-,Yawn,
ilda-6793,aayaalhsoohkia,storyteller,
ilda-2968,aayaapootakowi-,Osprey (Pandion haliaetus),
ilda-11184,aayaapweeyohsee-,"Walk and return, take a walk",
ilda-12045,aayaaše,every other,
ilda-12956,aayohoowi-,Iowa person,
ilda-10283,aayoonsee-,Black Walnut (nut),
ilda-6053,aayoonseekaahkw-,Black Walnut Tree (Juglans nigra),
ilda-10335,aašawe,"in exchange, reciprocally, across",
ilda-1928,aašawee-,"Barter, trade (something)",
ilda-3883,aašawi-,Trader,
ilda-458,aašawil-,"Barter, trade (something) with him",
ilda-10340,aašim-,"coax him, encourage him, urge him",
ilda-2958,aašipehkw-,"Bluff, cliff",
ilda-11854,aašipehkwihsenonki,Rock Creek,
ilda-6848,aašit-,in turn,
ilda-1283,aašitehkam-,"Meet up with it, come across it",
ilda-463,aašitehkaw-,"Meet him, met him",
ilda-5708,aašoohkoon-,Ice,
ilda-8733,aašoohkoonaahkwi,hockey stick,
ilda-5713,aašoohkoonaapow-,Ice Water,
ilda-9710,aašoohkoonaten-,"Glacier, ice mountain",
ilda-9287,aašoohkoonawahki-,It is sleet,
ilda-8288,aašoohkooni-,It is icy,
ilda-2963,aašoošiwi-,Nettle (Urtica dioica & Urtica chamaedryoides),
ilda-5858,acihkw-,Stump (of a tree),
ilda-2973,aciik-,"Fisher (Martes pennanti), Ursa Major (constellation)",
ilda-8978,aciikamwaapahee-,give birth to twins,
ilda-11315,aciikant-,"Garden hoe, plow",
ilda-8983,aciikisi-,to be twins,
ilda-11310,aciiphkahkionk-,"Vincennes, Indiana, Place of Roots",
ilda-3888,aciipihk-,Root,
ilda-7448,acipwi-,Ojibwe person,
ilda-5668,aciw-,"Hill, mountain, ridge",
ilda-5458,ahk-,"Field, garden",
ilda-18,ahkaapat-,It is easy,
ilda-12586,ahkaati-,Have feet,
ilda-16923,ahkalaamwi-,Drown,
ilda-3893,ahkan-,"Wheel, tire",
ilda-4938,ahkanihkw-,Awl (for sewing),
ilda-93,ahkapakintee-,It is cheap,
ilda-468,ahkawaah-,Wait for him,
ilda-1293,ahkawaahtoo-,Wait for it,
ilda-473,ahkawaapam-,"Watch over him, watch out for him, take care of him",
ilda-5693,ahkašaakan-,Horseshoe,
ilda-13071,ahkaši-,"Have nails, claws, hooves",
ilda-10345,ahkic-,"on top of, on the surface of",
ilda-5913,ahkihkonehs-,Small cooking pot,
ilda-6058,ahkihkw-,"Kettle, bucket, pot, pan (for cooking)",
ilda-11280,ahkihkw-,Drum,
ilda-12591,ahkiinšikwi-,Have eyes,
ilda-5933,ahkimotay-,"Bag (for carrying), pocket",
ilda-8363,ahkink-,Outside,
ilda-12601,ahkinši-,Have a forehead,
ilda-12611,ahkiwani-,"Have a nose, beak",
ilda-11474,ahkiyošiwi-,Be an old man,
ilda-6063,ahkoleetaakan-,"Sheath, Case",
ilda-478,ahkoow-,"Follow him, come after him",
ilda-10119,ahkow-,"Last, at the end",
ilda-12096,ahkwaahkii-,Throw so far,
ilda-1933,ahkwaamaahkwee-,Climb a tree,
ilda-5333,ahkwaanteem-,Door,
ilda-8898,ahkwaataakan-,Sewing Machine,
ilda-10350,ahkwaataakii-,Sew something,
ilda-1298,ahkwaatam-,Sew it,
ilda-10355,ahkwaatamaw-,sew it for him,
ilda-11702,ahkwaatee-,it is sewn,
ilda-2983,ahkwaniisoons-,Little girl,
ilda-2988,ahkwanisw-,Young girl,
ilda-2993,ahkweehs-,Young woman (unmarried),
ilda-3003,ahkweehsimw-,Female animal,
ilda-3008,ahpen-,Potato,
ilda-1938,ahpwaa-,Smoke tobacco,
ilda-3898,ahpwaakan-,Pipe,
ilda-11869,ahpwaakana siipiiw-,Pipe Creek,
ilda-2113,ahpyaa-,Arrive at a place,
ilda-483,ahs-,"Have him, put him",
ilda-3013,ahsahkw-,Muskrat (Ondatra zibethicus),
ilda-10584,ahsahkw-,Muskrat (Ondatra zibethicus),
ilda-3903,ahsalat-,Salad,
ilda-3018,ahsap-,"Fishnet, spider web, Indian Hemp, dogbane (Apocynum cannabinum)",
ilda-3023,ahsawaankati-,"Feather, plume",
ilda-6543,ahseem-,Tobacco,
ilda-12662,ahseensi-,Have an older brother,
ilda-6068,ahsen-,"Stone, rock",
ilda-5758,ahsenaamiš-,Sugar Maple Tree (Acer saccharum),
ilda-5938,ahsenaamišahk-,Sugar maple grove,
ilda-1943,ahsenaamišipoohkii-,"Collect Sap, Go Sugaring",
ilda-6913,ahsenaamišipow-,Maple Sap,
ilda-12491,ahsenaapiikatoo-,Shoot rocks using a slingshot,
ilda-10360,ahsenahkihkw-,"stone pot, pottery",
ilda-5608,ahseni siipiw-,Great Miami River (Ohio),
ilda-6073,ahsenikaan-,Stone building,
ilda-9743,ahsenintehs-,Pebble,
ilda-5153,ahsenip-,Lead (Metal),
ilda-6633,ahsiimin-,Pawpaw fruit (Asimina triloba),
ilda-6628,ahsiimišaahkw-,pawpaw tree (Asimina triloba),
ilda-6078,ahtawaan-,"Tree, stick, piece of wood",
ilda-5523,ahtawaanahk-,Forest,
ilda-6083,ahtawaanahkisinaakan-,Snowshoe,
ilda-5088,ahtawaanihs-,"Twig, stick, small piece of wood",
ilda-12971,ahtawaki-,Have ears,
ilda-9431,ahtee-,"it is there, located",
ilda-8353,ahtehsaakan-,"Paint, dye (substance)",
ilda-8338,ahtehsam-,"Paint it, dye it",
ilda-8238,ahtehsiko-,Do painting,
ilda-8343,ahtehsw-,Paint him,
ilda-493,ahtel-,"accuse him, blame him",
ilda-498,ahtem-,"Catch up with him, overtake him",
ilda-1308,ahtoo-,"Have it, put it",
ilda-488,ahšam-,Feed him,
ilda-3033,ahšikan-,Largemouth bass (Micropterus salmoides),
ilda-3908,ahšikan-,Largemouth bass (Micropterus salmoides),
ilda-11504,ahšitahtoo-,Attach it,
ilda-13131,ahšitenam-,"Stick it on, fasten it on (by hand)",
ilda-1303,ahšitesam-,Glue it together,
ilda-5578,ahšitisaakan-,Glue,
ilda-10365,akaaminki,across the water,
ilda-13757,akaaw-,Walleye,
ilda-3038,akaawi-,"Thorn, briar, porcupine quill",
ilda-3918,akaawi-,"Thorn, briar, porcupine quill",
ilda-13026,akaawiahkihkiwi-,it is land full of thorns,
ilda-11305,akaawiahkionki,Thorntown,
ilda-3043,akaawinšaahkw-,Honey Locust (Gleditsia triacanthos),
ilda-5593,akaayomin-,Gooseberry,
ilda-5598,akaayomišaahkw-,Gooseberry Bush,
ilda-3048,akim-,"Chief, leader",
ilda-7373,akimaahkwi-,"Female chief, leader",
ilda-9217,akimaanhsehkw-,Young female leader (Tribal Princess),
ilda-17260,akimaawion-,"Civic knowledge, chiefdom",
ilda-1948,akinciko-,"Compute, Figure out, Do counting",
ilda-5908,akincikoon-,"Number, phone number",
ilda-6643,akincikoona,"numerals, numbers",
ilda-3058,akook-,Frog,
ilda-6018,akootaakan-,"Hanger, pot hook",
ilda-10370,akoten-,"it hangs, is hanging",
ilda-10380,akotoo-,hang it up,
ilda-7868,akow-,"Female deer, doe",
ilda-10375,akwanaham-,"Cover it, put a lid on it",
ilda-10385,akwanahw-,"cover him, conceal him",
ilda-9306,akwaniinkwaakan-,"General face mask, halloween mask, thing that covers the face",
ilda-9324,akwaniinkwee-,"Wear a halloween mask, face mask that covers the face",
ilda-9286,akwanileehsaakan-,"Dust mask, face mask, thing that covers the breath",
ilda-9314,akwanileehsee-,"Wear a dust mask, face mask, a thing that covers your breath",
ilda-3063,akwenkohs-,Chipmunk (Tamias striatus),
ilda-503,akwiiyom-,Have as a boyfriend,
ilda-7613,akwincitoo-,"Soak it, water it (plant)",
ilda-6988,alaak-,Yesterday,
ilda-5078,alaakan-,"Plate, bowl, dish (generic)",
ilda-43,alaakwi-,It is evening,
ilda-8523,alaama,llama,
ilda-10390,alaamahw-,"hit him hard, wound him badly",
ilda-11995,alaami-,"Go fast, hurry",
ilda-508,alaamihpenal-,"Hurt him, injure him",
ilda-48,alaamihsen-,It is windy,
ilda-1313,alaamihtam-,Believe it,
ilda-513,alaamihtaw-,Believe him,
ilda-9408,alaamihšikaateekani-,"To hurt toe, stub toe",
ilda-8328,alaamihšin-,Hurt oneself,
ilda-12290,alaamilaw-,Wound him,
ilda-1953,alaaminaa-,Pray,
ilda-5233,alaaminaakaan-,Church (Building),
ilda-9686,alaaminki,"beneath, inside, within",
ilda-11001,alaamipiikw-,underwater,
ilda-10459,alaamwee-,Tell the truth,
ilda-53,alaamweekaneewi-,"It is the truth, it is correct",
ilda-3928,alaankw-,Star,
ilda-3933,alaankwi-,Rainbow,
ilda-3938,alaankwihsen-,Meteorite,
ilda-5158,alaansoon-,"Bullrush (Scirpus spp.), reed mats (for sitting or sleeping)",
ilda-13177,alahwi-,Choke on something,
ilda-5368,alakay-,Egg Shell,
ilda-11239,alakiihkw-,Tree bark,
ilda-5703,alakiihkwikaan-,Bark house,
ilda-1318,alam-,Put it in the water,
ilda-16932,alamoni,"Red ocher, paint, vermillion",
ilda-3943,aleciimin-,Pea,
ilda-1958,aleelii-,"Bathe, take a bath, shower",
ilda-518,aleeliih-,"Bathe him, give him a bath",
ilda-4988,aleeliihaakan-,Bathtub,
ilda-4983,aleeliikaan-,"Bathroom, restroom (private)",
ilda-3078,aleew-,Bull snake (Pituophis catenifer sayi),
ilda-10672,alehšaahe,customarily,
ilda-10464,alehši,"in vain, for no reason",
ilda-3948,alemontehs-,Puppy,
ilda-11270,alemontehs-,Butterfly milkweed (Asclepias tuberosa),
ilda-3083,alemw-,Dog (Canis lupus familiaris),
ilda-8558,alemwaapiikw-,Dog leash,
ilda-3088,alenasw-,"Buffalo, cow",
ilda-5303,alenasway-,Cowhide,
ilda-8878,alenaswihkanaw-,Bison Trace,
ilda-11129,aleni,"apparently, as though, probably",
ilda-3953,aleni-,Grown man,
ilda-3093,aleniaahsimw-,Male animal,
ilda-3958,alenkwan-,Wing,
ilda-17099,alikalakonci,"Beyond, on the far side",
ilda-17104,alikonci,"Further off, in that direction, yonder, on the other side",
ilda-1963,alimaahkii-,Pack and prepare to leave one's place,
ilda-10682,alohtaw-,"imitate him, mimic him",
ilda-523,aloohw-,"Aim at him, point at him",
ilda-9258,aloohwiton-,To point with mouth,
ilda-528,alool-,Hire him,
ilda-5878,aloonihs-,Bullet (older 'arrow'),
ilda-533,alotam-,Avenge him,
ilda-11960,alwaahtam-,Like to hear it,
ilda-538,alwaahtaw-,Like to hear him,
ilda-11662,alwaamyaakosi-,"Smell good, nice",
ilda-12507,alwaamyaakwan-,it smells nice,
ilda-13355,alwaanam-,"Admire it, think well of it, like to do it",
ilda-543,alwaanaw-,"Admire him, think well of him",
ilda-10732,alwasi-,Be in a good mood,
ilda-7553,alwasihtoo-,"Amused by it, have fun with it",
ilda-12606,amaamaayomaa-,Have eyebrows,
ilda-1968,amamwi-,"Be awake, wake up",
ilda-9043,amataahkomi-,"wear, put on clothes",
ilda-12040,amataahkomi-,"Be, get dressed",
ilda-548,amaten-,Wake him (by hand),
ilda-3098,amehkw-,"Beaver (Castor canadensis), dollar",
ilda-12250,amiincipemi-,Have corn,
ilda-1973,aminootee-,"Be from a certain town, village",
ilda-13535,ampaahkii-,"Throw, toss something upwards",
ilda-8298,ampaapiikinam-,Pick up threads,
ilda-1978,ampahwi-,Fly,
ilda-6743,ampen-,I lift him up,
ilda-13172,ampenam-,Lift it up,
ilda-10218,ampihciwee-,Raise one's hand,
ilda-1983,ampihsaa-,Jump,
ilda-11951,ampisitaakan-,"Yeast, baking soda, baking powder",
ilda-553,amw-,Eat him (animate things),
ilda-9391,anaahkap-,Tree branch,
ilda-13162,anaahkapenihs-,Little branch,
ilda-13345,anaahkii-,"Lay out a mat, rug",
ilda-9253,ancamaac-,Hopefully,
ilda-1988,ancihkwi-,Be pregnant,
ilda-558,aneh-,"Beat him, defeat him",
ilda-1993,anehiwee-,"Be victorious, win",
ilda-13066,anehki-,Have hands,
ilda-12667,aniicaanihsi-,Have a child,
ilda-12961,aniihpikatomi-,Have blood,
ilda-3963,anikw-,Squirrel (Sciurus carolinensis),
ilda-563,ankih-,"Killing him, killed him",
ilda-7668,ankihtoo-,"Kill it, suicide",
ilda-13340,ankin-,"It is destroyed, ruined",
ilda-6093,anseens-,Algae,
ilda-11244,anseens-,Moss,
ilda-9018,anseensaapiikw-,green ribbon,
ilda-58,anseensee-,It is bright green,
ilda-63,anseenseekin-,"It is bright green cloth, paper",
ilda-1998,anseensi-,Be bright green,
ilda-3968,anseepikw-,Spider,
ilda-10839,ansihke,"ever, never",
ilda-6098,ansiwataakan-,Seed (for planting),
ilda-1323,ansiwatoo-,Plant it,
ilda-1328,ansonam-,Gather it together by hand,
ilda-11937,ansoopi-,Sit together,
ilda-13545,answee-,To speak together as one,
ilda-2003,answiteehee-,"Be in agreement, agree",
ilda-16947,antepi-,have brains,
ilda-12966,antepikani-,Have a head,
ilda-6843,antopali-,"one in a war party, warrior",
ilda-11579,antopali-,"Go on the war-path, go to war",
ilda-3973,apahkwaan-,Roof (of a house),
ilda-3103,apahkway-,"Cattail (Typha latifolia), mats (for lodge covering)",
ilda-7813,apahkwee-,Roof a house,
ilda-6103,apanšay-,"Tent pole, lodge pole, rafter",
ilda-3978,apeehkoohsi-,Turkey Vulture (Cathartes aura),
ilda-3108,apeehkw-,Common Nighthawk (Chordeiles minor),
ilda-3113,apeehsi-,Fawn,
ilda-10830,apeleehsiomi-,"Have a raven, invoke ravens",
ilda-1333,apesam-,"Warm it, heat it up",
ilda-578,apesw-,"Warm him, heat him up (as in food)",
ilda-2008,apeswi-,Be warm,
ilda-7958,apetee-,"It is heated, warm",
ilda-2013,api-,"Be located, be at a place",
ilda-9530,apihkaal-,Braid his/her hair,
ilda-9357,apihkii-,"Braid (one's own) hair, have braids",
ilda-13306,apihšihtoo-,"Shorten it, reduce it, make it smaller",
ilda-10904,apiihkani-,"Groundnut (Apios americana), Hog peanut",
ilda-2018,apiinkweesi-,Warm one's face,
ilda-2023,apikaateesi-,Warm one's feet,
ilda-1338,apikamesam-,"Warm up liquid, soup, broth",
ilda-68,apikamitee-,"It is warm liquid, soup, broth",
ilda-2028,apikaneesi-,Warm one's legs,
ilda-10988,apili-,it is small,
ilda-11946,apili-,"Small, short",
ilda-3678,apiloohs-,Child; ginseng,
ilda-5003,apinay-,Bed,
ilda-6108,apineens-,"Sofa, couch",
ilda-2033,apinehkiisi-,Warm one's hands,
ilda-5748,apwaacikont-,Roasting scaffold,
ilda-583,apwaal-,"Roast him, grill him, broil him (as in food)",
ilda-5628,apwaam-,Ham,
ilda-1343,apwaatam-,"Roast it, grill it, broil it",
ilda-5743,apweekan-,Grill,
ilda-5738,apween-,Roast,
ilda-8228,asaahsi-,"Have tattoos, get tattooed",
ilda-11734,asaahsion-,Tattoo,
ilda-8223,asaahsw-,Tattoo him,
ilda-3128,asiikami-,Garfish (Lepisosteus spp.),
ilda-5343,ataahpahtaakan-,Drawer,
ilda-1348,ataahpahtoo-,"Pull it, pull it out",
ilda-12701,ataahpantam-,Draw it out by mouth,
ilda-2038,ataahsi-,"Wear/put on leggings, stockings, socks",
ilda-588,ataam-,Sell (it) to him,
ilda-2043,ataawee-,Sell (something),
ilda-5203,ataaweekaan-,"Store, shop, trading house",
ilda-12851,atahkiomi-,"Have a field, a garden",
ilda-5108,atahkohkan-,Bridge,
ilda-12876,atahkohkii-,Cross a bridge,
ilda-593,atahkweehsim-,Have as a girlfriend,
ilda-7768,atakin-,It is wet,
ilda-12936,atamaapam-,Be busy looking at him,
ilda-2048,atamihwi-,Be busy,
ilda-13385,atayi-,"Have a pet, an animal",
ilda-598,atayim-,"Have him as a pet, have control over him",
ilda-12571,ateehi-,Have a heart,
ilda-6008,ateehimin-,Strawberry (Fragaria virginiana),
ilda-8083,ateehseemin-,plum,
ilda-10785,ateehseemišaahkw-,Plum tree (Prunus domestica),
ilda-6128,atehkon-,Knot (on tree),
ilda-8918,atehsi-,be ripe,
ilda-8923,atehtee-,It is ripe,
ilda-2053,atehtoleni-,"Wear a hat, put on a hat",
ilda-8828,atekipane,exclamation upon hearing unpleasant news,
ilda-9555,ateliwaten-,"the ice is thin, ice is starting to form",
ilda-10519,atenamaw-,"accept, receive from him",
ilda-6133,atoohpoon-,Table,
ilda-8188,atoohpooneens-,End table,
ilda-603,awal-,"Take him along, lead him",
ilda-78,awan-,It is foggy,
ilda-2058,awansaapi-,"East, sunrise",
ilda-2063,awansi-,Warm oneself,
ilda-8868,awataakan-,"piece of mail, letter",
ilda-12901,awataw-,"Carry it to him, send it to him",
ilda-1353,awatoo-,"Take it along, carry it",
ilda-3988,aweehs-,Wild Animal,
ilda-7508,aweehseens-,Bird (larger than sparrow size),
ilda-13390,aweehseewi-,Be an animal,
ilda-4728,aweehsikaan-,"Barn, animal pen",
ilda-608,aweem-,"Be related to him, allied with him, thank him",
ilda-9211,aweemaakan-,"Cousin, relative",
ilda-7308,aween-,Who,
ilda-7713,aweenkii-,Be thankful,
ilda-2068,aweentii-,Be related to each other,
ilda-8713,aweentioni,"peace, alliance, family",
ilda-7018,aweey-,"Some person, someone",
ilda-613,awih-,"Lend to him, loan to him",
ilda-12395,awiihkaani-,Have friend(s),
ilda-13455,awiihkaanim-,Have him as a friend,
ilda-12390,awiihkaanintii-,Be friends with each other,
ilda-8098,awiila,"Him, her, he, she",
ilda-12616,awiilani-,Have a tongue,
ilda-8118,awiilwa,"They, them",
ilda-8258,awiipiti waapahaakan-,Toothpaste,
ilda-12596,awiipiti-,Have teeth,
ilda-3138,awiiwiil-,"Antler, horn, braid",
ilda-3993,awiiwiileehs-,Powder Horn,
ilda-7643,awikaakan-,"Pen, pencil",
ilda-618,awikaal-,Write on him,
ilda-7818,awikaw-,"Write to him, text him, email him",
ilda-2073,awikii-,Write,
ilda-10144,awipihšimwi-,Dress warmly,
ilda-73,awipitee-,It is warm,
ilda-6898,aya,"Hello, Hi (General greeting)",
ilda-2078,ayaa-,Go to a place,
ilda-2083,ayaakwaamisi-,"Make every effort, strive diligently, have courage",
ilda-9023,ayaakwaamision-,Striving,
ilda-11750,ayaapi-,"Buck, Stag",
ilda-5133,ayaapiay-,Buck skin,
ilda-2088,ayiihkwi-,Be hungry,
ilda-12471,ayiilatem-,Make him cold,
ilda-2093,ayiileepi-,"Remain sitting, stay behind",
ilda-1358,ayoo-,Use it,
ilda-7238,ayoolhka,"more, most",
ilda-3118,ašaahšikop-,Slippery Elm (Ulmus rubra),
ilda-6118,ašihsay-,"Nest, hive",
ilda-12446,ašiihkionam-,Smear dirt on it,
ilda-5363,ašiihkiw-,"Earth, Land, Dirt, Soil",
ilda-12221,ašiihkiwi-,"Be covered with dirt, dirty",
ilda-4613,-caankw-,"Brother's wife, sister-in-law (woman speaking)",
ilda-7833,-cihciikama,"Spirit of the living, soul, shadow",
ilda-4698,-ciit-,anus,
ilda-7108,caaciilitee-,There is a drought,
ilda-3148,caaciinkilaaki-,"Shagbark hickory, shellbark hickory (Carya ovata, Carya laciniosa)",
ilda-3153,caaht-,Hairy Woodpecker (Picoides villosus),
ilda-12946,caaht-,Choctaw person,
ilda-11990,camonkaahkaal-,Throw him into the water,
ilda-10953,camonkihsaa-,Jump in the water,
ilda-7518,cecaahkw-,Sandhill crane (Grus canadensis),
ilda-7353,ceek-,All,
ilda-623,ceekamw-,Eat all of him,
ilda-10219,ceekantam-,"Eat it all, Drink it all",
ilda-7823,ceekonc-,"On all sides, both sides",
ilda-3158,ceemonkaahkašiwi-,Baptist preacher,
ilda-11799,ceenkwihtan-,Fall Creek,
ilda-8418,ceenkwihtanonki,Indianapolis,
ilda-9666,ciikaahkw-,"Near, close to",
ilda-7698,ciikaahkwaapantani-,"It appears close, it looks close",
ilda-8573,ciikalaw-,Plume (feather worn on head),
ilda-3998,ciikamw-,Twins,
ilda-5568,ciikiaahkw-,Gigging Pole,
ilda-5563,ciikiw-,"Gig (Fish), fish spear",
ilda-12622,ciikwaapiteehwi-,Pick one's teeth with something,
ilda-83,ciilahki-,"It is dense thicket, underbrush",
ilda-12566,ciilaten-,it is very cold,
ilda-628,ciilaweem-,Be a near relative with him,
ilda-633,ciileelim-,"Like him, think well of him, think highly of him",
ilda-1363,ciileelintam-,"Like it, think well of it",
ilda-8603,ciililaan-,It rains very hard,
ilda-88,ciilitee-,It is very hot weather,
ilda-6908,ciiliteesi-,"be hot, from weather",
ilda-10208,ciilwee-,Talk loudly,
ilda-5843,ciimaan-,"Paddle, oar",
ilda-2098,ciimee-,"Paddle, row (a boat, canoe)",
ilda-4003,ciinkwaahki-,Thunderclap,
ilda-11275,ciinkwaakan-,drum,
ilda-2103,ciinkweepi-,"Sit, sit down",
ilda-8183,ciinkweepikaan-,Living room,
ilda-9984,ciinkweewaankan-,Thunder being feather,
ilda-4008,ciinkwi-,Thunder being,
ilda-8518,ciinkwia akook-,"Spring peeper (pseudacris crucifer, frog)",
ilda-11834,ciinkwihtanwi siipiiw-,Gauley River (West Virginia),
ilda-7158,ciipaahkamin-,Raccoon grape (Ampelopis cordata),
ilda-3163,ciipay-,"Corpse, Soul/spirit of the dead",
ilda-12350,ciišihtan-,"flow heavily, abundantly",
ilda-10499,ciišim-,"speak strongly to, argue with",
ilda-12891,ciišinaakosi-,"He is disagreeable, evil",
ilda-2108,cilalosi-,Sweat,
ilda-5798,eecipoonkwaawisiip-,Butternut Creek (Indiana),
ilda-4013,eecipoonkwi-,Snapping turtle (Chelydra serpentina),
ilda-13672,eeh-,"Where, when",
ilda-1258,eehi peehkihkweehwinta,"Beauty parlor, salon",
ilda-4018,eehkawaapi-,Scout,
ilda-7883,eehkwa,"Still, a while, hold it!",
ilda-8513,eehkwi,"While, during, before",
ilda-8158,eehpiši,"Time, when, ago",
ilda-9728,eehsahsen-,Fossil,
ilda-4023,eehsipan-,"Raccoon (Procyon lotor), Quarter Dollar",
ilda-11754,eehsipana siipiiw-,Big Raccoon Creek,
ilda-10737,eekami,"each, every",
ilda-3053,eekincikw-,Cashier,
ilda-5468,eelaakion-,Feast,
ilda-4028,eelaalaahšiwi-,Monkey,
ilda-13360,eelaamihtaakan-,Belief,
ilda-3068,eelaaminahiwi-,Preacher,
ilda-7483,eelikw-,Ant,
ilda-8693,eemhkookanekaa-,Gourd dancing,
ilda-5603,eemihkookan-,Gourd,
ilda-6713,eemihkwaan-,"Pumpkin (Cucurbita pepo), Squash, crookneck, zucchini",
ilda-5503,eenaahkiikamen-,Floor,
ilda-8613,eentonamahwi-,Hunter,
ilda-3983,eephšihki-,Person with a small head,
ilda-6138,eephšikaateekan-,Little toe,
ilda-8233,eesaasaahsikw-,Tattoo Artist,
ilda-3123,eeseekiweek-,Cedar Waxwing (Bombycilla cedrorum),
ilda-6858,eeteehsi-,"War party leader, one who carries the war club",
ilda-7703,eewiyawiki-,"Writer, author",
ilda-13615,eewiyawiki-,"Author, Writer",
ilda-4033,eeyeeli-,Opossum (Didelphis virginiana),
ilda-3143,eeyoonsaawikiš-,Eastern redbud (Cercis canadensis),
ilda-3588,eeyoonseelehšia kook-,Gray tree frog (Hyla versicolor),
ilda-6113,eešaahšahk-,Mud,
ilda-5828,eešaakan-,Hominy block,
ilda-5838,eešaakant-,Mortar,
ilda-5833,eešaakantaahkw-,Pestle (wooden),
ilda-12086,ehkipešam-,Cut it straight,
ilda-7338,ehkwaahkosi-,Be short,
ilda-10484,ehkwaalawee-,Have a short tail,
ilda-1368,ehkwihtam-,Left over from eating,
ilda-11985,ehkwikolee-,Have a short nose,
ilda-638,ehpenal-,"Do to him, treat him a certain way",
ilda-10489,ehpenatoo-,"Do something with it, to it",
ilda-7558,ehpesi-,"Be high, tall",
ilda-12692,ehpihsaa-,Fly up high,
ilda-643,el-,"Say to him, call him something",
ilda-12826,elaahkaatam-,Throw it thus,
ilda-12211,elaapam-,Look at him so,
ilda-8948,elaapiikasi-,"descend from, ancestor",
ilda-10084,elaatawee-,Speak a language,
ilda-648,elaw-,"Resemble him, look like him",
ilda-12441,eleelim-,think of him so,
ilda-9086,eleelintam-,Think of it so,
ilda-12280,elehpii-,"it is so tall, so high",
ilda-12126,elehtam-,Hear it so,
ilda-12131,elehtaw-,Hear him so,
ilda-10958,elenanci-,Be right-handed,
ilda-12921,eleniwi-,Be a man,
ilda-12722,elešam-,Cut it thus,
ilda-11443,elini-,Be born,
ilda-2138,elwee-,Say so,
ilda-568,ental-,"Detain him (as a prisoner), have him there",
ilda-11385,etam-,"Say it, call it",
ilda-2143,ešileni-,Do a certain way,
ilda-653,ešim-,Say it to him,
ilda-6878,ešinaakosi-,Be a certain way,
ilda-2148,ešiteehee-,"Think, feel a certain way",
ilda-658,ešiteeheehpinal-,Comfort him,
ilda-12841,ešiteeheelotaw-,Feel a certain way about him,
ilda-11543,ešiteeheeyosi-,"Intend something, have something in mind",
ilda-4558,-hciw-,Upper arm,
ilda-4718,-hkaat-,Foot,
ilda-4713,-hkahkwan-,shin,
ilda-4708,-hkan-,"Leg, bone",
ilda-4688,-hkaš-,Nail,
ilda-4773,-hkiinšikw-,Eye,
ilda-11060,-hkiipiman-,"breastbone, sternum",
ilda-4893,-hkinš-,Forehead,
ilda-4513,-hkitikwi-,Knee,
ilda-4573,-hkitin-,"Vagina, vulva",
ilda-4763,-hkiwan-,Nose,
ilda-7203,-hkolay-,"Blanket, robe, dress, shawl",
ilda-4888,-hkon-,Liver,
ilda-4658,-hkweekan-,Neck,
ilda-4663,-hpaleew-,"chest, breast",
ilda-4843,-hpani,Lung,
ilda-11050,-hpikay-,rib,
ilda-4468,-hseens-,"Elder brother, older brother",
ilda-11927,-hsem-,daughter-in-law,
ilda-4818,-htaamp-,The back of one's neck,
ilda-4778,-htawak-,Ear,
ilda-4813,-hteekwaan-,Neck gland,
ilda-4568,-hšiim-,Younger sibling,
ilda-4528,-hšimihs-,Niece (Cross-niece),
ilda-6938,hoci,Hey! (used as an attention getter),
ilda-4038,hohow-,Santa,
ilda-4488,-iihkaan-,Friend (of the same sex),
ilda-4678,-iihkwan-,elbow,
ilda-4618,-iihtaaw-,man's brother-in-law (man's sister's husband),
ilda-4638,-iik-,"House, home",
ilda-4668,-iil-,"bellybutton, navel",
ilda-4803,-iilakay-,Penis,
ilda-4653,-iilan-,someone's tongue,
ilda-4738,-iilanin-,it is someone's (possession),
ilda-4743,-iilaw-,"Portion of food, one's food",
ilda-4768,-iilhs-,Hair,
ilda-4623,-iilimw-,"Cross-sex sibling-in-law (woman's brother-in-law, man's sister-in-law)",
ilda-4908,-iip-,arrow,
ilda-4648,-iipit-,Tooth,
ilda-4798,-iiyaw-,"Body, self",
ilda-9753,ihkipakaamhkii-,It is blue clay,
ilda-8263,ihkipakahkatw-,Grass,
ilda-7278,ihkipakahki-,"It is green land, it is a park",
ilda-98,ihkipakiikin-,"It is blue, green cloth, paper",
ilda-2118,ihkipakilee-,"Be blue, green",
ilda-103,ihkipakin-,"It is blue, green",
ilda-2123,ihkipakiteehee-,Have a green heart,
ilda-7273,ihkipihsin-,"It is straight, as a road or river",
ilda-6923,ihkisam-,"Boil it down, evaporate it by heat",
ilda-8743,ihkwaa-,It is short,
ilda-12101,ihpahki-,It is high ground,
ilda-12547,ihpaten-,"It is steep, a hill, a butte",
ilda-8748,ihpii-,It is tall,
ilda-6763,iihia,"yes, okay, affirmative, you're welcome",
ilda-3168,iihkaaw-,American Bittern (Botaurus lentiginosus),
ilda-9899,iihkalw-,Flowering Dogwood (Cornus florida),
ilda-6123,iihkihtamink-,Watermelon (Citrullus vulgaris),
ilda-8888,iihkipakaapiikw-,blue ribbon,
ilda-7268,iihkipakahk-,"Green land, park",
ilda-7318,iihkipihsinonki,"Peru, IN",
ilda-6918,iihkisamink-,Maple Syrup,
ilda-3173,iihkwakwaat-,American Robin (Turdus migratorius),
ilda-4043,iihpaawal-,"Mexican, Spaniard",
ilda-8913,iinaana,"That (out of reach, animate)",
ilda-8908,iiniini,"That (out of reach, inanimate)",
ilda-8823,iiyoowe,"exclamation, be it from fear or in admiration, used only by men",
ilda-17245,iišiteehion-,"Thought, mentality",
ilda-123,ilaalaantee-,It is colored a certain way,
ilda-108,ilaapyaat-,"It is used (a certain way), is useful",
ilda-8448,ilaataweeyon-,Language,
ilda-113,ilahkiiwi-,"There is such going on, it happens that way",
ilda-1373,ilakintam-,Price it at a certain amount,
ilda-118,ilakintee-,"It costs, is priced",
ilda-7648,ileeši,But,
ilda-2128,ilekili-,"Be so big, so large, of a certain size",
ilda-2133,iletii-,Say to each other,
ilda-11452,inko,(Future negative),
ilda-11844,inohka asiipiom-,Illinois River,
ilda-128,išihsen-,"It lies a certain way, times are a certain way",
ilda-12732,išihtan-,It flows thus,
ilda-8473,išinaakwat-,It is a certain way,
ilda-4608,-kohšim-,"Cross-sibling, cross-cousin",
ilda-4903,-kontaakan-,Throat,
ilda-4898,-kootay-,Skirt,
ilda-7298,-kwihs-,Son,
ilda-4518,-ky-,"Mother (mother's sisters), mom",
ilda-4048,kaahkaahki-,"Katydid (Tettigonia viridissima), Kaskaskia person",
ilda-663,kaahkahw-,"Clean him (as of fish, game, etc)",
ilda-6983,kaahkiihkw-,day,
ilda-2153,kaahkilookii-,Shave one's skin,
ilda-1378,kaahkimiihsitonaham-,Shave one's face,
ilda-3178,kaahkimiihsitonahiwi-,Barber,
ilda-7473,kaahp-,Quapaw person,
ilda-11884,kaahpa siipiiw-,Arkansas River,
ilda-17304,kaakaathswihsink-,Hexagon,
ilda-3183,kaakatakilenkwi-,Butterfly,
ilda-5988,kaakihšaahkatw-,Sycamore (Platanus occidentalis),
ilda-11904,kaakiihsitaaki-,"One who preserves things, Tribal Historic Preservation Officer",
ilda-2163,kaakiihsitaatii-,Preserve for each other,
ilda-1383,kaakiihsitoo-,"Preserve it, make it last",
ilda-2158,kaakiitisi-,"Be sore, in pain",
ilda-3248,kaakilaahkiihki-,Liar,
ilda-7143,kaanseenseemin-,Pecan (Carya illinoinensis),
ilda-5823,kaanseenseepiiw-,Ohio River,
ilda-10790,kaanseepakaaniš-,Pecan tree (Carya illinoinensis),
ilda-7378,kaapi-,"Assistant to the chief, one who distributes goods",
ilda-7138,kaayociik-,Cucumber,
ilda-4053,kaayohsen-,Sandstone,
ilda-2168,kahcokaalakiinkwee-,"Have heavy eyes, be sleepy",
ilda-4058,kahkeenš-,Weed,
ilda-6143,kahkeenšaahkw-,Weed stalk,
ilda-3188,kahkiiti-,American White Pelican (Pelecanus erythrorhynchos),
ilda-11210,kahkiitiaahkw-,American spikenard (Aralia racemosa),
ilda-8853,kahkiteemin-,Mayapple (fruit),
ilda-8848,kahkiteemišaahkw-,Mayapple tree (Podophyllum peltatum),
ilda-10269,kahoki-,Cahokia person,
ilda-13086,kahpakahki-,Be thick woods,
ilda-6148,kahšimon-,"Canvas, linen",
ilda-6883,kakapaac-,"Variously, in different ways",
ilda-9381,kakapaacinaakosion-,Diversity,
ilda-11400,kakiipihšii-,Be deaf,
ilda-668,kakiipiinkweehol-,Blindfold him,
ilda-4063,kakikaleni-,Snail,
ilda-3203,kalaakalaal-,Downy Woodpecker (Picoides pubescens),
ilda-13182,kalol-,speak to him,
ilda-2173,kaloosi-,Speak,
ilda-6153,kaloosion-,Word,
ilda-13096,kalootamaw-,Speak for him,
ilda-11325,kapeehsihtoo-,"Take it across, ferry it across",
ilda-11330,kapeehšim-,"take him across, ferry him across",
ilda-2178,kapeehšin-,"Go across, cross a river",
ilda-9248,kapihkam-,"Pass by it, get in front of it, leave it out",
ilda-9243,kapihkaw-,"pass by him, get in front of him, omit him, leave him out",
ilda-10069,kapootwe,"soon, after a while",
ilda-3208,katakakook-,"Northern leopard frog (Lithobates pipiens), Southern leopard frog (Lithobates sphenocephalus), Pickerel frog (Lithobates palustris)",
ilda-2183,katonkwaam-,Be sleepy,
ilda-8008,katoocii-,"Have to poop, defecate",
ilda-7458,katoohw-,Cherokee person,
ilda-5198,katoohwakimin-,Cherry (Domesticated),
ilda-5208,katoohwakimišaahkw-,Cherry Tree,
ilda-8003,katoopihkwee-,"Have to pee, urinate",
ilda-2188,katoopii-,Be thirsty,
ilda-1388,kawaham-,"Fell a tree, chop a tree down",
ilda-12861,kawihsen-,"Be fallen, topple over (as a tree)",
ilda-1393,kayohkam-,"Blow it down, knock over by body",
ilda-12627,kašihkahw-,Stab him,
ilda-11145,kašihkahwaakan-,dagger,
ilda-5248,keehpakiikinki naapinaakan-,Coat (Winter),
ilda-5063,keekaanahkisinaakan-,Boot,
ilda-4068,keekaanohši-,Mule (mulus),
ilda-7718,keekaanoloohsi-,Rat,
ilda-3193,keekaanoonkwi-,Alligator (Alligator mississippiensis),
ilda-4073,keekaanwikani-,Wasp (Bembix oculata),
ilda-3198,keekaanwikaši-,Grizzly Bear (Ursus arctos horribilis),
ilda-7793,keekaanwimin-,Banana,
ilda-3243,keekiiyosi-,Traveler,
ilda-4078,keentaawihkici-,Pintail Duck (Anas acuta),
ilda-7303,keetweenci,Why,
ilda-6753,keetwi,"What, what thing",
ilda-3278,keešihiweens-,Jesus,
ilda-3283,keešihiwi-,"Creator, God",
ilda-5178,kihci-papikwan-,Cannon,
ilda-11420,kihcihtan-,"big current, rapids",
ilda-5213,kihcikam-,"Lake Michigan, Big lake, Ocean",
ilda-10288,kihcinaakwat-,"It is important, significant, sacred",
ilda-8133,kihkaapiikah-,"Draw him, draw on him",
ilda-8028,kihkaapiikaham-,"Draw it, draw on it",
ilda-1243,kihkaapiikahiko-,Draw,
ilda-6573,kihkaham-,"Choose it, pick out",
ilda-673,kihkahw-,"Choose him, select him",
ilda-4083,kihkamanhsi-,Kingfisher (Megaceryle alcyon),
ilda-13261,kihkanši-,"It burns intensely, it is a big hot fire",
ilda-10039,kihkatw-,Year,
ilda-678,kihkeelim-,know him,
ilda-1398,kihkeelintam-,Know it,
ilda-7968,kihkihkišaahkw-,"Cutting board, butcher block",
ilda-158,kihkihsen-,It is photographed,
ilda-7693,kihkihsetaw-,Take a picture of it for him,
ilda-1403,kihkihsetoo-,Take a picture of it,
ilda-7333,kihkihsitaakan-,Camera,
ilda-8703,kihkihši-,Camp,
ilda-683,kihkihšim-,Take a picture of him,
ilda-8138,kihkihšin-,Be photographed,
ilda-8143,kihkiinkwaakan-,A portrait (general),
ilda-3133,kihkiinkwee-,Make a portrait (general),
ilda-8148,kihkiinkweeh-,Make a portrait of him,
ilda-693,kihkiinkweehšim-,"Take his portrait, photograph his face",
ilda-2193,kihkiinkweehšin-,"Portrait, photograph of one's face",
ilda-9239,kihkincin-,Hug him,
ilda-9121,kihkintoolaakan-,"Sign, guide, doctrine, observance",
ilda-13091,kihkintooli-,"Discern, recognize, take note",
ilda-698,kihkišw-,Cut him (purposefully),
ilda-5338,kihseelaakan-,Doorflap,
ilda-9033,kihsihsiinkwee-,wash one's face,
ilda-9386,kihtaahkw-,Tree trunk,
ilda-4088,kihšosi-,Widower,
ilda-7503,kiihci-,"Male bird, rooster",
ilda-11360,kiihkaam-,"scold him, talk roughly to him",
ilda-13435,kiihkaantamaw-,Scold him about it,
ilda-9994,kiihkaapiikasi-,The rope/thread breaks,
ilda-3213,kiihkaapiikihšinka mihcalaankw-,Saturn (planet),
ilda-10004,kiihkaapiikin-,break him (rope/thread),
ilda-7893,kiihkaapiišam-,"Border, boundary, allotment",
ilda-12365,kiihkaham-,"Break it open, cut it (by tool)",
ilda-4978,kiihkalaakan-,Basket,
ilda-7263,kiihkayonki,"Fort Wayne, Indiana",
ilda-133,kiihkihkaa-,"It breaks, is broken",
ilda-11970,kiihkihkam-,"Break it by foot, kicking",
ilda-688,kiihkiihkišw-,Chop him up (repeatedly),
ilda-3218,kiihkiihkw-,Peregrine falcon (Falco peregrinus),
ilda-448,kiihkikaateešw-,"Cut off, amputate his foot",
ilda-13217,kiihkikanee-,Have a broken leg,
ilda-16977,kiihkinam-,Break it apart by hand,
ilda-703,kiihkitoneen-,Choke him,
ilda-8268,kiihkišahki-,"Cut grass, weeds",
ilda-1408,kiihkišam-,Cut it,
ilda-12225,kiihkišamaw-,Cut it off of him,
ilda-3223,kiihkoneehs-,Fish,
ilda-7983,kiihkoneehsihkii-,Go fishing (with a hand net or commercial fishing),
ilda-12911,kiihpat-,It is dirty,
ilda-138,kiihpeekin-,It is dirty cloth,
ilda-2198,kiihpeeyosi-,Be dirty,
ilda-2203,kiihpiinkwee-,Have a dirty face,
ilda-2208,kiihpinaakosi-,Appear dirty,
ilda-2213,kiihpoopii-,Have enough to drink,
ilda-11365,kiihsaa-,Be few in numbers,
ilda-10044,kiihsinsw-,A little (of something),
ilda-8528,kiihtilaam-,"Really, certainly, true enough, surely",
ilda-11917,kiihtilaamat-,"it is prestigious, held in high regard",
ilda-7428,kiikaapw-,Kickapoo person,
ilda-13291,kiikiihsaa-,"Recover quickly, come back to life quickly",
ilda-1513,kiikiihtan-,It flows with life,
ilda-4098,kiikilehšiwi-,Stallion,
ilda-3228,kiikion-,"Captive, prisoner",
ilda-11345,kiikoo,"thing, something",
ilda-8093,kiila,You (singular),
ilda-3233,kiilhsooki,Month names,
ilda-6158,kiilhswaapiikw-,Watch Chain,
ilda-4103,kiilihsw-,"Sun, Moon, Month, Clock",
ilda-10274,kiilihswaakan-,Calendar,
ilda-708,kiilohkim-,"Doubt him, contradict him",
ilda-9851,kiilohkim-,"Doubt him, contradict him",
ilda-10702,kiilohkiwee-,Deny something,
ilda-8108,kiiloona,"We, us (inclusive)",
ilda-8113,kiilwa,You (plural),
ilda-2218,kiimaacimwi-,Whisper,
ilda-11484,kiimi,secretly,
ilda-713,kiimih-,Surprise him,
ilda-12451,kiimihpwi-,Eat secretly,
ilda-12696,kiimiteehee-,Keep one's feelings secret,
ilda-8633,kiimohsee-,"sneak, creep along quietly",
ilda-8658,kiinaakw-,Happy,
ilda-9268,kiinaakwapi-,"Be at ease, contented, happy",
ilda-12466,kiinaakwapih-,"Make him contented, at ease, happy",
ilda-9763,kiinak-,"Damn, dammit",
ilda-5763,kiinošiš-,"Butternut, White Walnut (Juglans cinerea)",
ilda-7683,kiint-,"just, also, recently, wait, hold on!",
ilda-143,kiintaawee-,It is sharp,
ilda-148,kiintawikolee-,"It has a sharp tip, point, nose",
ilda-8458,kiinteelintaakaanhs-,"Small computer, laptop, ipad, tablet",
ilda-5973,kiinteelintaakan-,Computer,
ilda-1413,kiintoo-,Sharpen it,
ilda-4108,kiinwaahkoohsi-,Sweet Potato (Ipomoea batata),
ilda-3238,kiinšiw-,"Buffalo bull, cow bull",
ilda-11889,kiinšiwa siipiiw-,Bull Creek (Kansas),
ilda-5733,kiipahooteekaan-,Jail,
ilda-6168,kiipihkatw-,"Iron, metal, steel, bell",
ilda-5718,kiipihkatwaapiikw-,"Iron chain, cable or wire",
ilda-10014,kiiwaacimwi-,Spread news,
ilda-7028,kiiwahtekaa-,Dance around something,
ilda-2228,kiiwahtohsee-,"Walk around, go around, avoid something",
ilda-2233,kiiweeli-,Laugh,
ilda-2238,kiiweeliinkwee-,Smile,
ilda-728,kiiweešinaw-,Laugh at him,
ilda-733,kiiwikawilotaw-,Visit him,
ilda-2243,kiiyaahkweepii-,"Be drunk, get drunk",
ilda-10474,kiiyaahkweeyon-,"wickedness, foolishness",
ilda-2248,kiiyapahtoo-,"Run around, run about",
ilda-2223,kiišaakosi-,"Growing, getting larger, wax (as of the moon)",
ilda-4958,kiišaan-,"Bag, sack",
ilda-6173,kiišaanaahkw-,Leather bag,
ilda-718,kiiših-,"Make him, create him, finish him",
ilda-1418,kiišihtoo-,"Make it, create it, finish it",
ilda-13410,kiišiinkwee-,"Be ripe, mature corn",
ilda-8858,kiišiinkwi-,"Ironweed (Vernonia spp.), Green Corn",
ilda-7008,kiišikat-,It is such a day,
ilda-4998,kiišikw-,Bead,
ilda-11519,kiišikw-,"Sky, heaven, day",
ilda-8493,kiišiniiki-,"Grow up, come of age",
ilda-12811,kiišiniikihtoo-,Grow it,
ilda-8483,kiišiniikin-,"It grows up, comes of age",
ilda-8843,kiišisaakan-,pan (for cooking),
ilda-1423,kiišisam-,Finish cooking it,
ilda-723,kiišisw-,Finish cooking him,
ilda-153,kiišitee-,It is finished cooking,
ilda-11011,kilaahkii-,Tell a lie,
ilda-6178,kilahkwaakan-,Wampum Belt,
ilda-6183,kilahkwaan-,Speech,
ilda-738,kilahkwal-,"Speak to him, address him",
ilda-2253,kilekaapoohkii-,Mix liquids together,
ilda-9720,kilikaham-,Mix it by tool,
ilda-11390,kilikahtoo-,mix it (general),
ilda-9715,kilikinam-,mix it by hand,
ilda-2258,kimote-,Steal,
ilda-743,kimotem-,Steal from him,
ilda-3253,kineepikomeekw-,Eel (Anguilla rostrata),
ilda-4113,kineepikw-,Snake (Agkistrodon contortrix),
ilda-5533,kineepikwameekwa siipiiw-,Eel River (Northern Indiana),
ilda-4118,kinohšami-,Otter (Lontra canadensis),
ilda-10193,kinoon-,It is deep,
ilda-8373,kinoonk-,In deep water,
ilda-6188,kinoonteew-,Longhouse,
ilda-3258,kinoontipi-,Redhorse fish (Moxostoma macrolepidotum),
ilda-3263,kinoosaapiikw-,Eastern Milk Snake (Lampropeltis triangulum triangulum),
ilda-3268,kinoosaawi-,"Cougar/Mountain Lion (Puma concolor), Panther (Panthera)",
ilda-5683,kinoosaawiaahkw-,"Hop tree, Wafer Ash (Ptelea trifoloata)",
ilda-9758,kintehsi-,cormorant,
ilda-8293,kintiw-,golden eagle,
ilda-2263,kintohsee-,Walk fast,
ilda-163,kintoohkiwi-,It is new,
ilda-168,kinwaa-,It is long,
ilda-1428,kinwaahkihtoo-,Make it long,
ilda-2268,kinwaahkosi-,Be long,
ilda-7228,kinwaakwaan-,"Coat, overcoat",
ilda-6728,kinwaapiikat-,"it is a long string, cord",
ilda-3273,kinwalaniihsi-,"Sharp shinned hawk (Accipiter striatus), Coopers hawk (Accipiter cooperii)",
ilda-11759,kinwikam-,Calumet River,
ilda-13001,kinwikolee-,"Have a long nose, a long beak",
ilda-6738,kinšim-,"Soon, swiftly",
ilda-6163,kipahaakan-,"Lock, padlock",
ilda-1433,kipaham-,"Shut it, obstruct it by tool",
ilda-17213,kipalwaakan-,"Lid, cover of a pot",
ilda-5318,kipenaakan-,Dam,
ilda-5128,kipinhs-,Twig,
ilda-12677,kipiteehee-,"Be uninterested, unfriendly, aloof",
ilda-173,kipwihsaa-,"It is shut, obstructed",
ilda-8058,kisaapiteehaakan-,Toothbrush,
ilda-1443,kisaham-,"Wipe it, clean it off, wash",
ilda-9780,kiseleehsi-,Eastern Bluebird,
ilda-2278,kisihsaapiteehiko-,Brush teeth,
ilda-5943,kisihsalaakanaakan-,Kitchen sink,
ilda-748,kisihsem-,Wash him,
ilda-1448,kisihsetoo-,Wash it,
ilda-12647,kisihsiinkwee-,Wash one's face,
ilda-11462,kisihsiinkweehw-,"wash, wipe his face",
ilda-8243,kisihsiinkweekan-,Bathroom sink,
ilda-2283,kisihsinehkii-,Wash hands,
ilda-5223,kisihsinehkiiyaakan-,Wash basin,
ilda-9691,kisiiham-,"Erase it, blot it out",
ilda-8018,kisimitiwee-,Wipe one's butt,
ilda-5958,kisimitiweehaakan-,Toilet paper,
ilda-1453,kitaham-,Dig it up,
ilda-4123,kitahkalw-,Ramrod,
ilda-6013,kitahsaakan-,Parched Corn,
ilda-753,kitahw-,"Dig him up, take him out",
ilda-11300,kiteephkwanonki,Prophetstown (Village at the confluence of the Tippecanoe and Wabash Rivers),
ilda-5778,kiteepihkwana siipiiw-,Tippecanoe River (Indiana),
ilda-3288,kiteepihkwanw-,Bigmouth buffalo fish (Ictiobus cyprinellus),
ilda-11440,kitemaakeelim-,"Take pity on him, have mercy on him",
ilda-16914,kitemaakeelim-,"Take pity on him, have mercy on him",
ilda-758,kitemaakih-,"Abuse him, mistreat him",
ilda-2293,kito-,"Sound, make the call of one's species (sound of an animal)",
ilda-3293,kiyaahkw-,Gull (Larus spp.),
ilda-4128,kiyoši-,Old Man,
ilda-6193,kišaapihkaahkosaakan-,"Stove, oven",
ilda-11584,kišaapihkaahkotee-,It is hot,
ilda-5698,kišaapihkam-,Hot Water,
ilda-178,kišaapihkamii-,It is hot water,
ilda-2273,kišaapihkili-,"Be hot, have a fever",
ilda-1438,kišaapihkisam-,"Heat it, make it hot",
ilda-183,kišaapihkitee-,It is hot,
ilda-11589,kišaawaahki-,It is hot weather,
ilda-11555,kišaham-,heat it up (by tool),
ilda-7628,kišiikin-,Tickle him,
ilda-6198,kišiinkweehaakan-,Towel,
ilda-11090,kišiipitonisi-,Wild grape (Vitis aestivalis),
ilda-2288,kišikileehsee-,Cough,
ilda-10504,kišim-,"make him angry by speech, words",
ilda-13460,kišin-,It hurts,
ilda-11607,kocihtam-,Take a test,
ilda-7033,kocihtamaakan-,"Test, exam",
ilda-6893,kocihtamaakii-,"Test people, give a test, exam",
ilda-7368,kocihtamaw-,Test him about it,
ilda-10305,kociihs-,Bean,
ilda-5253,kociihsaapow-,Coffee,
ilda-8568,kociihsaapowi minehkwaakan-,"Coffee cup, mug",
ilda-9091,kociihsaapowikaan-,coffee shop,
ilda-11894,kociihsapakwasiip-,Beanblossom Creek (Indiana),
ilda-5888,kociihsasiip-,St. Joseph River (Indiana),
ilda-763,kocim-,Ask him,
ilda-768,kocimol-,Ask him for,
ilda-773,kociween-,Wrestle him,
ilda-2298,kociweeniwee-,Wrestle,
ilda-2303,kociweentii-,Wrestle each other,
ilda-13619,kociyohkam-,"Try to deal with, work it out",
ilda-778,kohs-,"Be afraid of him, fear him",
ilda-2308,kohsetaatii-,Respect each other,
ilda-10859,kohsetam-,"Show respect to it, honor it",
ilda-783,kohsetaw-,Show respect to him,
ilda-4133,koohkooš-,Pig,
ilda-10469,koohkooš-,Bacon,
ilda-8863,koohkooša awiilaw-,Purslane (Portulaca oleracea),
ilda-7863,koohkoošihkinaahkw-,Armadillo,
ilda-5673,koohkoošikaan-,Hog Pen,
ilda-3923,koohsi-,Mouse (Peromyscus maniculatus),
ilda-6203,kookaan-,Spoon for eating (generic),
ilda-6208,kookaanihs-,Teaspoon,
ilda-16869,kookii-,"To dive, submerge into a body of water",
ilda-7838,koolawahtoo-,Add to it,
ilda-17194,koonapi-,Be or get covered in snow,
ilda-4413,kooni-,"There is snow on the ground, it is snowy",
ilda-7608,koonilenioons-,Snowman,
ilda-1458,kotaahkatoo-,Weigh it,
ilda-4928,kotaahkonaakan-,"Acre (of land), ruler, yardstick",
ilda-17223,kotaahkonam-,Measure it by hand,
ilda-12171,kotaham-,Measure it,
ilda-12035,kotahtee-,Practice shooting,
ilda-10631,kotak-,"other, another",
ilda-13057,kotakinaakosi-,He is entirely different,
ilda-13052,kotakinaakwat-,"It is another thing, something else",
ilda-13062,kotakinki,"Otherwise, differently",
ilda-13047,kotakwee-,"Say otherwise, say another thing",
ilda-1463,kotantam-,Taste it,
ilda-6213,koteehtaakan-,"Chimney, smokehole",
ilda-2313,koteeli-,Try,
ilda-5483,koteew-,Fire,
ilda-6828,koteewaapiikw-,"electricity, electric wire",
ilda-5093,koteewaapow-,Liquor,
ilda-8193,koteewikaan-,Fireplace,
ilda-3303,kwaahkw-,Pileated woodpecker (Hylatomus pileatus),
ilda-3308,kwaahkwaanhsi-,Grasshopper (Caelifera),
ilda-4138,kwaahkwaanši-,Leech (Hirudinea),
ilda-8763,kwaantihtan-,Waterfall,
ilda-7723,kweehsi-,"Female bird, hen",
ilda-9904,kweehsiaanikop-,Bitternut Hickory (Carya cordiformis),
ilda-7563,kweehsitaatiinki,"Respecting, christmas",
ilda-788,kwiilam-,Lose him,
ilda-1468,kwiilotam-,Lose it,
ilda-3313,kwiiw-,Young man (unmarried),
ilda-7388,kwiiwihs-,Young boy,
ilda-793,kyaal-,Hide him,
ilda-11545,kyaalom-,"criticize him, put him down out of envy",
ilda-12370,kyaankomwi-,Speak out of jealousy,
ilda-11560,kyaankowiteehee-,Feel jealous,
ilda-2318,kyaasi-,"Hide oneself, be hidden",
ilda-12672,kyaatee-,"it hides, is hidden",
ilda-1473,kyaatoo-,Hide it,
ilda-798,kyaaweem-,Be jealous of him,
ilda-4883,-lakahkw-,"palate, the roof of one's mouth",
ilda-4878,-lakiš-,"Guts, entrails",
ilda-4578,-lehši-,Testicle,
ilda-4873,-lencihkan-,Glove,
ilda-7313,-lenkwal-,Son-in-law,
ilda-4523,-lenkwalehs-,Nephew (Cross-nephew),
ilda-4583,-lenkwan-,Wing,
ilda-4753,-lookan-,"hip, lap",
ilda-11839,leekawihtanwi siipiiw-,Guyandotte River (West Virginia),
ilda-17114,lenanconci,"Right, to the right",
ilda-3318,lenimahwi-,Coyote (Canis latrans),
ilda-8653,leninš-,Milkweed (Asclepias syriaca),
ilda-4143,lenipinši-,"Underwater panther, Whale (cetaceans), water being",
ilda-17289,linkitee-,"It melts, it thaws",
ilda-5143,lookweeš-,Buckle,
ilda-7223,-mataahkom-,"Piece of clothing, garment",
ilda-4588,-mehkom-,"Vein, pulse",
ilda-4498,-mehšoom-,"Grandfather, grandpa",
ilda-4473,-mihs-,"Elder sister, older sister",
ilda-4593,-mintikom-,Tonsil,
ilda-4723,-mootay-,stomach,
ilda-4788,-mooyic-,"Belly, stomach",
ilda-2323,maacaa-,"Depart, head off, leave",
ilda-2328,maacaamwi-,Run away,
ilda-2333,maaciicimee-,"Swim off, swim away",
ilda-803,maaciih-,Adopt him,
ilda-1478,maaciihkaahtoo-,"Begin it, start it in motion",
ilda-1483,maaciiyohkam-,"Begin to do, make it",
ilda-6218,maahaakan-,Shovel,
ilda-7688,maaham-,"Scoop it, dig it",
ilda-8813,maahw-,Shovel him/her,
ilda-6223,maakahkwan-,"Vine, wild sarsaparilla (Aralia nudicaulis)",
ilda-12517,maakooci,"Futilely, with no result, to no avail",
ilda-7603,maalami,Too much,
ilda-6228,maalhs-,Knife,
ilda-6233,maalhsaahkw-,Knife Handle,
ilda-4148,maalhsehki-,Knife Maker,
ilda-3323,maalooseenti-,Cottonwood tree (Populus deltoides),
ilda-4153,maamaahkwi-,"One who is lewd, dissolute",
ilda-13146,maamaayohkaa-,"Have a cramp, cramps",
ilda-5443,maamahkatiaahkatw-,"Black oak (Quercus velutina), northern red oak (Quercus rubra)",
ilda-10244,maamawi,Together,
ilda-7528,maamihšihk-,"Almost, nearly",
ilda-4158,maamiikaahki-,Warrior,
ilda-3328,maamilaniwiaahkwi-,Pokeweed (Phytolacca americana),
ilda-13141,maamišaahkwaahee-,Practice shooting lacrosse,
ilda-9934,maamišimiš-,American Chestnut (Castanea dentata),
ilda-3333,maankw-,Common Loon (Gavia immer),
ilda-17294,maati-,"A lazy person, idler",
ilda-11119,maaw-,"The most, the very",
ilda-17299,maawahaakan-,Rake,
ilda-1488,maawaham-,Rake it,
ilda-3338,maawatonki-,"Commander, officer, general",
ilda-11912,maawihšin-,Head of a band or hunting party,
ilda-11907,maawihšinaakan-,"band, hunting party",
ilda-9520,maawikim-,"Principal chief, council chief",
ilda-2338,maawipyaa-,"Gather in a group, assemble together, come together",
ilda-7128,maayaahkwee-,"Noon, south",
ilda-1493,maayahtoo-,"Save it, accumulate it",
ilda-10249,maaye,as soon as,
ilda-808,maayon-,"Collect him (animate objects), gather him by hand",
ilda-1498,maayonam-,"Collect it, gather it by hand",
ilda-7663,maci-,"Bad, evil, mean",
ilda-4163,maci-alemw-,Mean Dog,
ilda-4168,maci-manetoow-,Mean Spirit,
ilda-12986,macileni-,Bad man,
ilda-13222,mahamaa-,Set the table,
ilda-8218,mahikan-,"Mahican person, Stockbridge person",
ilda-11155,mahkam-,"rob him, take things from him by force",
ilda-11687,mahkateehsam-,paint it black,
ilda-3343,mahkateeleni-,African American,
ilda-3348,mahkateemihkw-,"Chimney swift (Chaetura pelagica), Black swift (Cypseloides niger)",
ilda-4173,mahkateemihšiiwi-,Moose (Alces alces),
ilda-5243,mahkateew-,"Charcoal, Gunpowder",
ilda-8998,mahkateewaapiikw-,black ribbon,
ilda-188,mahkateewee-,It is black,
ilda-193,mahkateeweekin-,"It is black cloth, paper",
ilda-12712,mahkateewihtoo-,Make it black,
ilda-13380,mahkateeyonam-,Make it black by hand,
ilda-2343,mahkateeyosi-,Be black,
ilda-5658,mahkihkiw-,Herb medicine,
ilda-6238,mahkiikw-,Marsh,
ilda-6243,mahkisen-,"Shoe, moccasin",
ilda-6958,mahkisinaakan-,Moccasin top (with ribbonwork),
ilda-5383,mahkomiš-,Staghorn sumac (Rhus typhina),
ilda-10884,mahkonkwee-,"it is dull, blunt",
ilda-16909,mahkoons-,"Young black bear, bear cub",
ilda-11814,mahkopina siipiiw-,Macoupin River,
ilda-5948,mahkoteew-,Prairie,
ilda-3353,mahkw-,American Black Bear (Ursus americanus),
ilda-9848,mahkwa wiiloomiš-,Cherry Tree (wild) (Prunus serotina),
ilda-3358,mahsakahkw-,Badger (Taxidea taxus),
ilda-1503,mahsenaham-,Owe it,
ilda-813,mahsenahamaw-,Owe it to him,
ilda-9775,mahsihtaakan-,sunflower,
ilda-5058,mahsinaakan-,"Newspaper, letter, paper",
ilda-12557,mahtapihsaa-,"Jump down, fling oneself down",
ilda-11430,mahtohkatoopow-,Cracked hominy soup,
ilda-7103,mahtohkatw-,"Cracked corn, hominy",
ilda-1508,mahtohkišam-,"Chop it up, cut it up",
ilda-818,mahtohkišw-,"Chop him up, cut him up",
ilda-4178,mahweew-,Wolf (Canis lupus),
ilda-5163,mahweeyaahkw-,"Burning Bush, Wahoo (Euonymus atropurpureus)",
ilda-3363,makiinkweemin-,Blackberry (Rubus allegheniensis),
ilda-823,makil-,Bark at him,
ilda-828,mal-,Have sexual intercourse with him/her,
ilda-7748,maleehpihtam-,"Dislike the taste of it, think it tastes bad",
ilda-7758,maleehpokosi-,He tastes bad,
ilda-7753,maleehpw-,"Dislike the taste of him, think he tastes bad",
ilda-7763,maleehpwan-,It tastes bad,
ilda-13251,maleewaacimwi-,"Say bad things, speak evil",
ilda-13490,maleewaalahkwat-,"Be a bad cloud, bad air",
ilda-12421,maleewaamihki-,"it is bad soil, infertile ground",
ilda-8758,maleewahki-,It is poor/bad land,
ilda-8753,maleewahkionk-,"hell, evil place",
ilda-10948,maleewat-,"it is bad, wicked",
ilda-12030,maleewee-,"Talk badly, blaspheme",
ilda-12512,maleeweekan-,Bad language,
ilda-11026,maleewinaakat-,it is dangerous,
ilda-13515,maleewiniikin-,Grow badly,
ilda-12981,maleewiteehee-,"He has an evil heart, is wicked",
ilda-11395,maleewiteeheelotaw-,"have a bad heart towards him, antipathy towards him",
ilda-16967,maleewiton-,"speak badly, have a bad mouth",
ilda-11667,maleewišileni-,"Do bad, evil",
ilda-12542,maleeyom-,"Speak badly of him, to him",
ilda-8593,maleeyonkwaam-,Sleep poorly,
ilda-12886,maleeyosi-,"He is ugly, bad, evil",
ilda-11335,malotakaham-,play the straw game,
ilda-6783,mamahkiihsi-,toad,
ilda-838,mamaw-,"Buy from him, take from him",
ilda-1518,mame-,"Take it, buy it",
ilda-10963,mananci-,Be left-handed,
ilda-17109,mananconci,Left (side),
ilda-1523,maneehtoo-,"Spend it, deplete it, use it up",
ilda-2348,maneehwi-,"Be absent, gone",
ilda-13271,maneehwion-,Nothingness,
ilda-2353,maneesi-,"Have nothing, none",
ilda-13450,maneet-,"be absent, gone, lacking",
ilda-12345,manehsaw-,Gather wood for him,
ilda-7548,manehsee-,"Gather wood, gather firewood",
ilda-17240,manetawion-,Spirituality,
ilda-4183,manetoow-,Manitou,
ilda-4188,manetw-,Snow,
ilda-3368,mankaalakiinkweemin-,Dewberry,
ilda-9869,mankahsenahki-,"Lake Maxinkuckee, Big Stone Lake",
ilda-6248,mankiiš-,Medicine,
ilda-9909,mankiišaahkw-,"Sassafras (Sassafras albidum), Ague tree",
ilda-7148,mankiišaahkwaapow-,Sassafras Tea,
ilda-6253,mankiišaapow-,Liquid Medicine,
ilda-10825,mankilaan-,"It is a great rain, heavy rain, flood",
ilda-12737,mankišam-,Cut something big,
ilda-6258,mantepway-,Lodge frame (without mats),
ilda-4193,masaan-,Thread,
ilda-9058,masaan-,"thread, cord, hemp",
ilda-11804,masaana siipiiw-,Mazon River,
ilda-4198,masaanaapiikw-,Rope,
ilda-9063,masaanihkii-,"make thread, cord, hemp",
ilda-7523,mayaaw-,"Really, very, actually (used as an intensifier)",
ilda-12881,mayaawaapam-,Look directly at him,
ilda-12991,mayaawaapan-,"It is the crack of dawn, first light",
ilda-6688,mayaawikaan-,A center (general),
ilda-7068,meehc-,"After, finish",
ilda-6263,meehcaakamiins-,"Small stream, creek",
ilda-1528,meehceelintam-,"Decide it, finish thinking of it",
ilda-843,meehcih-,Finish making him,
ilda-1533,meehcihpenatoo-,Be finished with it,
ilda-1538,meehcihtoo-,"Finish it, complete it, done with it",
ilda-4203,meehciinkwi-,Prophet,
ilda-10149,meehciweel-,"Afterwards, last, later",
ilda-11879,meehkohsinki siipiiw-,Wisconsin River,
ilda-8618,meehtaaha,Less,
ilda-11524,meehtaaha,Less,
ilda-13595,meehtaham-,"Finish it, make it",
ilda-1543,meehtantam-,Finish eating it,
ilda-3388,meehtikooši-,French,
ilda-11721,meehtitee-,It is finished cooking,
ilda-6268,meehšaapantaakan-,Microscope,
ilda-10203,meekwaak-,Turnip (Brassica rapa),
ilda-8303,meelanotank-,"Lawyer, one who argues",
ilda-7383,meeleewaatawi-,German,
ilda-7498,meemeehšihki-,Dragonfly,
ilda-7288,meemeekwa,"Maybe, perhaps",
ilda-2358,meemeeti-,Run a race,
ilda-10154,meemeetim-,Race him,
ilda-3403,meemihkwihkici-,Red-tailed hawk,
ilda-4208,meemiihkimi-,"Workman, worker, employee",
ilda-3393,meemileehši-,Groundhog (Marmota monax),
ilda-11641,meemileehši-,Groundhog (Marmota monax),
ilda-3408,meenankweepiak-,Pleiades (constellation),
ilda-3373,meenkaalakiinkweemiš-,Dewberry bush (Rubus flagellaris),
ilda-3378,meetaathsoopi-,"Congress, President of the United States",
ilda-3383,meetaathsoopionk-,Washington D.C.,
ilda-3398,meešimeelwi-,Great Horned Owl (Bubo virginianus),
ilda-13752,mehceeli-,"Value, high esteem",
ilda-12402,mehcikaateem-,Be barefoot,
ilda-11941,mehcikili-,Big,
ilda-1548,mehkam-,Find it,
ilda-848,mehkaw-,Find him,
ilda-13575,mehkaweelim-,Honor him (?),
ilda-13692,mehkwaalantee-,It is purple,
ilda-12406,mehtahkahtoo-,"Put it down, on the ground",
ilda-12411,mehtahkapi-,Sit down on the ground,
ilda-3458,mehtohseeni-,"Human, Person",
ilda-2368,mehtohseeniwi-,Live,
ilda-12146,mehtohseeniwih-,"Make him live, make him human",
ilda-13157,mehšihtoo-,"Enlarge it, increase it",
ilda-2363,mehšiili-,"Be abundant, numerous",
ilda-1553,mehšiisihtoo-,"Have a lot of it, be wealthy",
ilda-11285,mehšilaakii-,Make a goal,
ilda-8663,mehšišaaki-,be naked,
ilda-9413,melaam-,Smell it,
ilda-853,melaaw-,Smell him,
ilda-1558,melanotam-,"Argue it, debate it",
ilda-8358,melantam-,"To vomit, puke",
ilda-11932,melihtikw-,"Snot, mucus",
ilda-11150,melohtam-,enjoy hearing it,
ilda-11160,melohtaw-,enjoy hearing him,
ilda-13580,melom-,Say good things to him,
ilda-2373,meloniteehee-,"Study, reflect, ponder, do homework",
ilda-12527,melonwaakan-,"Counsel, advice",
ilda-2378,melonwee-,To hold a meeting,
ilda-858,melonweem-,To hold a meeting with him,
ilda-11646,meloonim-,slander him,
ilda-2383,memekwii-,Run,
ilda-863,memekwiihsah-,Cause him to run fast (as in a horse being ridden),
ilda-2388,men-,Drink something,
ilda-10494,menaankweepi-,"Be grouped together, bunched together",
ilda-8173,menah-,Give him something to drink,
ilda-12330,menahiwee-,Give people something to drink,
ilda-2393,menapi-,"Sit separate from others, community",
ilda-2398,mencihšin-,Stumble,
ilda-5313,menehkwaakan-,Cup,
ilda-2403,mentam-,Be sick,
ilda-2408,mentaminaakosi-,"Appear sick, ill",
ilda-10656,mentitohkaal-,"Honor him, admire him, welcome (formal)",
ilda-17039,mentokisi-,To be proud,
ilda-868,metem-,Follow his trail,
ilda-6718,metemohs-,woman,
ilda-12025,mešaham-,Spear it,
ilda-13336,mešotam-,Shoot at and hit it,
ilda-13111,mešw-,Shoot and hit him,
ilda-12856,mihcaahkwat-,be a big tree,
ilda-4213,mihcalaankw-,"Morning Star, Planet",
ilda-7213,mihkintaakan-,Pillow,
ilda-11864,mihkohpina siipiiw-,Potato Creek,
ilda-13678,mihs-,piece of firewood,
ilda-6283,mihsi-siipiiw-,Mississippi River,
ilda-5048,mihsool-,"Boat, canoe",
ilda-9701,mihsoolatenw-,"Mount Joliet, Canoe hill",
ilda-11016,mihswi-,"it is a dead tree, dry wood",
ilda-6678,mihtahk-,"Below, downward",
ilda-5388,mihtahkatw-,Hay,
ilda-10124,mihtam-,"First, earlier",
ilda-4923,mihtekamin-,Acorn,
ilda-10264,mihtekamiš-,Oak tree (generic),
ilda-5073,mihtekoopaahkw-,Bow wood,
ilda-5083,mihtekowalaakan-,"Wooden box, thousand dollars",
ilda-3448,mihtekwaapimin-,Mulberry,
ilda-3453,mihtekwaapimišaahkw-,Mulberry tree (Morus rubra),
ilda-6288,mihtohseenion-,Life,
ilda-10968,mihšaa-,it is big,
ilda-8628,mihšahkwat-,It is a clear sky,
ilda-6833,mihši-,yet (used with negative),
ilda-3413,mihši-maalhs-,American,
ilda-3418,mihši-maalhseens-,American boy,
ilda-3423,mihši-maalhsehkwi-,American woman,
ilda-5893,mihši-nipwaantiikaan-,"University, college",
ilda-6273,mihšihkatw-,War,
ilda-4223,mihšihkinaahkw-,Painted terrapin turtle (Chrysemys spp.),
ilda-3428,mihšiimin-,Apple,
ilda-4933,mihšiiminaapow-,"Apple Cider, Apple Juice",
ilda-3433,mihšiimišaahkw-,Apple tree,
ilda-5753,mihšiinkweemiš-,Bur Oak (Quercus macrocarpa),
ilda-5168,mihšiinkweemišahk-,Bur Oak Grove,
ilda-3438,mihšiiwi-,Elk (Cervus canadensis),
ilda-11794,mihšiiwiateehi siipiiw-,Elkhart River,
ilda-5378,mihšiiwiay-,Elk hide,
ilda-5018,mihšikaateekan-,Big toe,
ilda-11290,mihšilaakan-,Lacrosse goal,
ilda-4228,mihšipakw-,Leaf,
ilda-8283,mihšipakw-,Page (of a book or newspaper),
ilda-6278,mihšipakwaapow-,Tea,
ilda-5873,mihšipakwahkihkw-,"Tea kettle, teapot",
ilda-9914,mihšitamiš-,Pin Oak (Quercus palustris),
ilda-7583,miicaahkoons-,Lunch box,
ilda-1563,miici-,Eat it,
ilda-5518,miicion-,Food,
ilda-873,miihkim-,"Harvest him, pick him, gamble with him",
ilda-2413,miihkimwi-,Work,
ilda-11636,miihkimwikaan-,Office,
ilda-11170,miihkinkii-,Gamble,
ilda-9111,miihkintam-,"Earn it, work for it, harvest it",
ilda-878,miihkintamaw-,Work for him,
ilda-883,miihkohkaw-,"Encounter him, meet him unexpectedly",
ilda-9585,miihkoowee-,Guess,
ilda-888,miihkweelim-,Remember him,
ilda-6293,miihkweelintaakan-,Memory,
ilda-1568,miihkweelintam-,Remember it,
ilda-13465,miihkwiteehee-,Remember,
ilda-5408,miihsaalakiinkwaakan-,Eyelash,
ilda-3463,miihsilookiaakan-,Body Hair,
ilda-4233,miihsitonaakan-,"Moustache, beard",
ilda-5413,miihšiinkway-,"Eyelid, eyelash",
ilda-2418,miikaahkii-,Fight,
ilda-893,miikaal-,Fight him,
ilda-4993,miikaalition-,Battle,
ilda-898,miil-,Give to him,
ilda-17054,miilosihkwaakan-,A joke,
ilda-4238,miimi-,Mourning dove (Zenaida marcroura),
ilda-6943,miinawa,"Either, or",
ilda-5278,miincip-,"Corn, maize (Zea mays)",
ilda-5293,miincipaahkw-,Corn stalk,
ilda-5288,miincipahk-,Corn field,
ilda-13420,miincipehkii-,"Pick corn, harvest corn",
ilda-5283,miincipikaan-,Corn Crib,
ilda-6323,miinoohsakay-,"Morel Mushroom, Tripe (Morchella esculenta)",
ilda-3468,miintikw-,Screech Owl (Otis asio),
ilda-5978,miisaakan-,"Toilet, commode",
ilda-7993,miisii-,"Defecate, poop",
ilda-17059,miisiikaan-,Outhouse,
ilda-6303,miiw-,"Trail, road",
ilda-11514,miišaakan-,leather,
ilda-7063,miišimaah-,"Long ago, a long time ago",
ilda-13668,miišiminaakosi-,be accustomed to,
ilda-6298,miišimitaakan-,"Stocking, sock",
ilda-3473,mikici-,Bald Eagle (Haliaeetus leucocephalus),
ilda-3478,mikiciaankan-,Eagle feather,
ilda-7393,mikihkw-,"Elder woman, old woman",
ilda-6308,milantaakan-,Vomit,
ilda-16957,milatee-,"be burnt or stuck to the pot, as soup etc.",
ilda-7078,milemaawi-,It is dewy,
ilda-7963,miloht-,"Before, in front (of)",
ilda-7598,miloniteeheekaan-,Classroom,
ilda-7053,miloohkami-,It is spring,
ilda-5728,minahanw-,"Island, continent",
ilda-5013,minayon-,"Beverage, drink",
ilda-9879,minohsay-,Painted hide,
ilda-6313,minooteen-,"Town, village",
ilda-6318,minooteenhs-,Small town,
ilda-9540,minooteenhs-,"Little village, small town",
ilda-5328,mintaakan-,Disease,
ilda-9600,misaahak-,"Everywhere, all over, all around",
ilda-6328,misecikaahkwikaan-,Log cabin,
ilda-3483,misesaahkw-,Horsefly (Diptera spp.),
ilda-17044,misi,"Everywhere, whole, entire",
ilda-3488,misihkw-,Hail,
ilda-4243,miteehkw-,Medicine Woman,
ilda-4248,miteew-,Medicine Person,
ilda-12020,mišwaakan-,"Wound, scar",
ilda-6768,moohci,"No, not",
ilda-12941,moohkihsee-,It comes to the surface quickly,
ilda-13430,moohkihsen-,It is flooded,
ilda-2423,moohkii-,"Surface, emerge (from water)",
ilda-1573,moohkinatoo-,Fill it,
ilda-3493,moohsi-,"Bug, Worm",
ilda-5138,moohsohkiišikomin-,buckeye nut,
ilda-6638,moohsohkiišikomiš-,"Ohio Buckeye tree (Aesculus glabra), Yellow Buckeye tree (Aesculus flava)",
ilda-4253,moohsw-,White-tail deer (Odocoileus virginianus),
ilda-5148,moohswalw-,Buckshot,
ilda-3498,moohsway-,Deer skin,
ilda-17074,moohšihtoo-,"Sense it, feel apprehensive about it, suspicious of it",
ilda-903,mooleelim-,"Hope, wish for him",
ilda-6663,mooleelintam-,"Hope, wish for it",
ilda-7638,mooleeliteeheeyaankwee-,"Have a hopeful face, looks confident",
ilda-12617,moonaapitee-,Be toothless,
ilda-5323,moonahaakan-,Plow (tool),
ilda-7858,moonaham-,"Farm it, plow it",
ilda-7853,moonahiko-,"Farming, plowing",
ilda-13031,moonawahki-,"It is denuded land, land stripped bare",
ilda-6333,mootaakan-,Merchandise,
ilda-12632,mootay-,"holder, pouch, pocket",
ilda-5923,mooy-,"Dung, fecal matter, shit",
ilda-5353,mooyaakan-,Manure,
ilda-11774,mooyiinkweena siipiiw-,"Des Moines River (Iowa), La Moine River (Illinois)",
ilda-13296,moošakan-,"Be good, beautiful weather",
ilda-7578,moošaki,always,
ilda-17079,moošam-,To cut it (hair),
ilda-13311,moošihtoo-,"Sense it, suspect it, feel apprehensive about it",
ilda-2428,moošiko-,To mow,
ilda-10747,moošinam-,"Sense it, perceive it",
ilda-11045,moošoon-,"topknot, hair roach",
ilda-17084,moošw-,Cut his hair,
ilda-3503,moošwaakan-,"Lawn mower, scythe, sickle",
ilda-7293,moošwaakant-,Scissors,
ilda-2433,myaalaahkwiihsini-,To diet,
ilda-13520,myaalahkihki-,"Be thick, dense forest",
ilda-3508,myaalameekw-,Catfish (Ictalurus punctatus),
ilda-11859,myaalameekwa siipiiw-,"Rock River ( Wisconsin, Illinois)",
ilda-11809,myaalameekwi-siipiiw-,Meramec River (Missouri),
ilda-2438,myaaleelimwi-,"Sad, distressed",
ilda-2443,myaalisi-,Be dangerously ill,
ilda-5723,myaalwamiš-,"Ironwood/American Hophornbeam (Ostrya virginiana), American Hornbeam (Carpinus caroliniana), Musclewood",
ilda-10800,myaalweehk-,Walnut tree (Generic),
ilda-4258,myaami-,Miami person,
ilda-9575,myaamia atahsapimawaal-,Myaamia community web,
ilda-7618,myaamia nipwaayonikaan-,Myaamia Center,
ilda-6648,myaamiaatawee-,Speak miami,
ilda-6953,myaamiihkwi-,Miami woman,
ilda-17250,myaamiinaakosi-,Appear myaamia,
ilda-17255,myaamiiwi-,Be miami,
ilda-4263,myaašikinoonši-,Muskellunge (Esox masquinongy),
ilda-4508,-naapeem-,Husband,
ilda-4483,-napaakay-,forearm,
ilda-4693,-nehk-,"Hand, forearm",
ilda-4683,-nehkiaakan-,Finger,
ilda-10539,-niicaanihs-,one's child,
ilda-11055,-niipataakan-,collarbone,
ilda-4868,-nkwan-,Ankle,
ilda-4633,-noway-,cheek,
ilda-4863,-nsooy-,Tail,
ilda-4793,-ntep-,Brain,
ilda-4628,-ntepikan-,Head,
ilda-5193,naahkiipion-,Chair,
ilda-10184,naahsaloonam-,"Open it, unfold it",
ilda-8073,naaka,"affirmation (women only), yes, ok, sure",
ilda-908,naal-,"Fetch him, get him",
ilda-7488,naal-,Cicada,
ilda-17164,naalimpi-,"Cottonmouth, water moccasin snake (Agkistrodon piscivorus)",
ilda-12360,naaminohtan-,Flow downward,
ilda-11104,naanaamaahsin-,It is shaken by the wind,
ilda-9954,naanaamaamihki-,"the ground shakes, there is an earthquake",
ilda-12871,naanaamikaapaawi-,It stands shaking,
ilda-17208,naanahaantawi-,Black rat snake (Elaphe obsoleta obsoleta),
ilda-4273,naanahamišaahkw-,"Eastern White Pine, Weeping White Pine (Pinus strobus)",
ilda-17159,naanipi-,Water snake,
ilda-2448,naankicii-,To be light weight,
ilda-17174,naanoohkakooti-,Soft-shell turtle,
ilda-9919,naanoohkilaakiimiš-,Chinkapin Oak (Quercus muehlenbergii),
ilda-11447,naanoohkite,More and more,
ilda-17169,naante,"Until, at last",
ilda-6343,naapihkaakan-,Necklace,
ilda-10454,naapihsetoo-,"replace it, take it in place of something else",
ilda-913,naapiinkweehw-,Bridle him,
ilda-3513,naapiinkwi-,False-face healer,
ilda-5113,naapiinkwiaakan-,Bridle,
ilda-6348,naapinaakan-,Shirt,
ilda-10254,naapinam-,"Wear it, put it on, get dressed",
ilda-918,naapinamoh-,Dress him,
ilda-11697,naapiwiinswi-,Take a replacement name,
ilda-7573,naapiši,"Likewise, also, too",
ilda-923,naataw-,"Fetch it for him, get it for him",
ilda-1578,naate-,"Fetch it, go get it",
ilda-11784,naatoowia siipiiw-,East River (West Virginia),
ilda-7453,naatowi-,"Iroquois person, Seneca-Cayuga",
ilda-10129,naaw-,"Almost, nearly",
ilda-17018,naayohkaa-,"It is broken, cracked",
ilda-928,naayohšim-,"Break him, crush him",
ilda-1583,naayonam-,"Break it, crush it by hand",
ilda-8368,nah-,"Well, proper, good",
ilda-1588,nahaapantam-,"See it clearly, see it well",
ilda-9999,nahaapiikasi-,"The rope/thread is good, becomes good, heals",
ilda-10009,nahaapiikin-,Make good/heal him (rope/thread),
ilda-11355,nahahtoo-,"Place it well, arrange it",
ilda-10973,nahamamohsee-,Leave early in the morning,
ilda-13256,nahamamwi-,"Wake up well, easily",
ilda-203,nahat-,It is well (salutation),
ilda-12230,nahešam-,Cut it well,
ilda-208,nahihsen-,"It is correct, it lies well",
ilda-10889,nahihtoo-,"Be skilled at it, do it well",
ilda-10869,nahikolee-,"Have a good nose, a good sense of smell",
ilda-12156,nahikwaatee-,Sew well,
ilda-12196,nahikwaatee-,Be sewn well,
ilda-933,nahim-,"Talk kindly to him, coax him",
ilda-13101,nahinaakosi-,"(s)he is lovely, graceful",
ilda-2453,nahinee-,Sing,
ilda-2458,nahiteehee-,Be good hearted,
ilda-7808,nahiteeheentii-,"Have good hearts towards each other, treat each other well",
ilda-8953,nahiteehion-,"Have a proper heart, proper spirit, be wise, prudent, honor",
ilda-13321,nahiyohkaw-,Deal with him well,
ilda-6708,nahkom-,"Answer him, give one's consent",
ilda-13326,nahohsee-,Walk well,
ilda-2463,nahsihkicee-,Tree swallow (Tachycineta bicolor),
ilda-2468,nahsihšin-,Lie down and relax,
ilda-2473,nahwee-,"Speak well, proper",
ilda-11494,nakaanakw-,"middle-aged, older man",
ilda-3523,nakaani-,"Old one, elder",
ilda-12762,nakaanihsen-,"It is an old path, old road",
ilda-11099,nakaaniwi-,It is old,
ilda-13232,nakal-,"Leave him, abandon him",
ilda-6353,nakamoon-,Song,
ilda-10742,nakatam-,"Leave it, abandon it",
ilda-13237,nakatamaw-,Leave something of his,
ilda-10554,nakin-,"separate him, keep him from fighting, stop him",
ilda-3528,nalaawahki lenasw-,"Buffalo, bison (Bison bison)",
ilda-7928,nalaawahki pileew-,Wild turkey (Meleagris gallopavo),
ilda-3533,nalaawahki pinšiw-,Bobcat (Lynx rufus),
ilda-213,nalaawahki waapinkopakat-,"Lamb's quarters (Chenopodium spp.), goosefoot",
ilda-7163,naloomin-,"Wild Rice (generic) (Zizania aquatica L.), Indian Wheat",
ilda-7438,naloomin-,Menominee person,
ilda-2478,nalosi-,"Be gentle, tame (as an animal)",
ilda-4278,nameew-,Sturgeon (Acipenser oxyrinchus oxyrinchus),
ilda-5783,nameewa siipiiw-,St. Mary's River (Indiana),
ilda-10029,namehk-,A short time,
ilda-8608,napaholw-,"Green Ash (Fraxinus pennsylvanica), White  Ash (Fraxinus americana)",
ilda-3538,napaleeteemin-,Black Raspberry (Rubus occidentalis),
ilda-17089,napaliahkonci,On one side,
ilda-3543,napil-,Common Sucker fish (Catostomus spp.),
ilda-938,natawaapam-,Look for him,
ilda-1593,natawaapantam-,Look for it,
ilda-17306,nataweelim-,Want him,
ilda-1598,nataweelintam-,"Expect it, demand it",
ilda-17307,nataweelintam-,Want it,
ilda-17179,nataweewi-,Timber rattlesnake (Crotalus horridus),
ilda-12340,natonamahwi-,Go hunting,
ilda-573,natoneehw-,"Hunt him, go after him",
ilda-1603,natoonam-,Catch it (as something thrown),
ilda-1608,natotam-,Ask for it,
ilda-7538,nawaapam-,"Visit him, go see him for a specific purpose",
ilda-8728,naweelintaakani,"strategic plan, planning document",
ilda-11628,naweenaakii-,Lead in singing,
ilda-2483,naweeyohsaa-,"Go first, go ahead",
ilda-7543,nawi,"For that purpose, go and",
ilda-943,nawinaal-,Chase him,
ilda-12265,nay-,Carry him (on back),
ilda-12260,nayoo-,Carry it (on back),
ilda-9263,nayosi-,Champion,
ilda-7568,neehi,And,
ilda-3518,neehiteeheelotaaki-,"Social worker, social provider",
ilda-5418,neehpikaahkw-,"Red osier dogwood (Cornus stolonifera), red willow",
ilda-8708,neehpikalaankwa,Mars (planet),
ilda-4283,neehpiki-pihcit-,Northern Cardinal (Cardinalis cardinalis),
ilda-5863,neehpikicaahkoons-,"Penny, cent(s)",
ilda-3563,neehpikici-,Cranberry,
ilda-8048,neehpikicii-,Tomato,
ilda-3568,neehpikitaampeehsi-,Red-bellied Woodpecker (Melanerpes carolinus),
ilda-2488,neehsee-,Breathe,
ilda-9129,neehseehpinee-,"Breathing, lung disease or illness",
ilda-17301,neehswihsenk-,Triangle,
ilda-17184,neehtawi,"Only, exclusively, solely, always",
ilda-12385,neehtohkaa-,"Go alone, march alone",
ilda-9560,neehtoopi-,To be alone,
ilda-2493,neehtwapi-,Sit alone,
ilda-2498,neehtwiiki-,Live alone,
ilda-3548,neekatikaši-,Horse (Equus caballus),
ilda-5688,neekatikašikaan-,Horse stable,
ilda-8318,neekaw-,Sand,
ilda-8323,neekawihki-,It is sandy,
ilda-11410,neekawihtan-,"it is a sandy current, sandy stream",
ilda-7973,neekawikam-,"Sandy water, Aboite River (Indiana), dunes",
ilda-8798,neekawikamii-,it is sandy water,
ilda-9398,neemawiteeheeyon-,Imagination,
ilda-1613,neeme-,See it,
ilda-9939,neenansionk-,Black Gum (Nyssa sylvatica),
ilda-7653,neenimehki-,Hummingbird,
ilda-3553,neepihki-,Doctor,
ilda-3558,neepwaanki-,Teacher,
ilda-11779,neesÌwakamiik-,Double Creek (Oklahoma),
ilda-953,neew-,See him,
ilda-7283,neewe,Thank you,
ilda-7208,neewikolee-,Fork,
ilda-958,nehs-,Capture him,
ilda-13167,nehtoo-,"Capture it, kill it",
ilda-12010,nematoo-,"Stand it up, set it up",
ilda-6723,nenaankweem-,Recognize his face,
ilda-1618,nenam-,Recognize it,
ilda-10059,nenaw-,Recognize him,
ilda-11651,nenohpetam-,recognize the taste of it,
ilda-6363,nep-,Water,
ilda-2508,nepaa-,"Sleep, fall asleep",
ilda-2513,nepe-,"Die, be dead",
ilda-12976,nepihkii-,He doctors,
ilda-963,nepil-,Doctor him,
ilda-2518,nepohsee-,"Move slow, walk slow",
ilda-2523,nepopahtoo-,Run slow,
ilda-2528,nepwaa-,"Learn, be wise",
ilda-2533,nepwaahkaa-,"Be wise, aware, come to",
ilda-12561,nepwaalawatam-,"Be wise about it, knowledgeable about it",
ilda-968,nepwaam-,Teach him,
ilda-2538,nepwaamiko-,Go to school,
ilda-2543,nepwaankii-,Teach,
ilda-2503,nepwaantii-,"Learn from each other, teach each other",
ilda-13011,nepwaci-,Be slowed down by cold,
ilda-6778,nepwee-,"Say it slowly, speak slowly",
ilda-948,nepwih-,Make him slow down,
ilda-12355,nepwihtan-,flow slowly,
ilda-6658,nepwim-,Speak slowly to him,
ilda-12305,nepwinehkiiwaci-,Have cold hands,
ilda-12476,nepwinehkiiwaci-,Have numb hands from the cold,
ilda-6468,nihsepikaakan-,Whip,
ilda-11255,nihsopakat-,"clover, white clover",
ilda-8988,nihswaapahee-,"give birth three times, gave birth to triplets",
ilda-973,niihpiil-,"Bring him there, arrive with him",
ilda-9003,niihpikaapiikw-,red ribbon,
ilda-218,niihpikan-,It is red,
ilda-5033,niihpikanw-,Blood,
ilda-223,niihpikiciipihki-,"It is a red root, Beet (Beta vulgaris)",
ilda-17119,niihpikiciipihki-,"It is a red root, Beet (Beta vulgaris)",
ilda-228,niihpikiikin-,"It is red cloth, paper",
ilda-12081,niihpikiinkwee-,"Blush, have a red face",
ilda-2548,niihpikili-,"Be red, bleed",
ilda-8068,niihpikilooki-,"Have red skin, measles",
ilda-8778,niihpikiteehee-,"have a bloody heart, be in a bad mood",
ilda-6358,niihpilokion-,Measles,
ilda-12717,niihpyaa-,Arrive there,
ilda-8508,niihsapi-,Afternoon,
ilda-10697,niila,"I, me",
ilda-12816,niilaahkaal-,Throw to him,
ilda-12906,niilaahkaw-,Throw him,
ilda-12106,niilaahtoo-,"Abandon it, refrain from it",
ilda-8103,niiloona,"We, us (exclusive)",
ilda-978,niim-,Carry him aloft (in hand),
ilda-5493,niimaakan-,Flag,
ilda-1623,niime-,Carry it aloft (in hand),
ilda-2553,niimi-,Dance,
ilda-13227,niimih-,Make him dance,
ilda-5528,niimihk-,Fort,
ilda-5473,niimihkikantaakan-,Fence,
ilda-9889,niimiihkam-,Dance for it,
ilda-17033,niimikaan-,A dance,
ilda-13266,niipaayohsee-,Walk at night,
ilda-2558,niipawi-,Stand,
ilda-9468,niipinw-,Summertime,
ilda-233,niipinwi-,It is summer,
ilda-6618,niipyaahkatw-,weeping willow (Salix babylonica),
ilda-13375,niiyaa-,"Go there, to that place",
ilda-7363,niiyaaha,There about (less specific),
ilda-10524,niiyaalotaw-,go to him there,
ilda-16987,niišakone,Two days,
ilda-11980,niišanwi,Twice,
ilda-16937,niišohkoteewi-,"Have two fires, two households",
ilda-9525,niišonaminki akim-,Second chief,
ilda-238,nimacihsin-,"It lies on a slope, Mississinewa River",
ilda-13331,nimatee-,"It stands upright, is placed upright",
ilda-12896,ninkotinki,"Evenly, throughout, uniformly, consistently",
ilda-5853,nipaakaan-,"Bedroom, dorm",
ilda-4918,nipan-,It is cold weather,
ilda-7073,nipeewinšii-,There is moonlight,
ilda-12426,nipihkahki-,"It is wet, swampy ground",
ilda-6368,nipihs-,"Lake, pond, small body of water",
ilda-6373,nipoop-,Soup,
ilda-7198,nipoopilaakan-,"Soup bowl, mixing bowl",
ilda-9096,nipwaantiikaan-,Schoolhouse,
ilda-7023,nipwaayon-,"Knowledge, science",
ilda-6748,nipwaayonikaan-,Research Center,
ilda-9671,noohk-,"next, again",
ilda-12431,noohkahki-,"it is soft ground, a bog",
ilda-6378,noohkahkisinaakan-,Slipper,
ilda-10239,noohkan-,it is soft,
ilda-8378,noohkapišaakan-,Disk (tool for softening ground),
ilda-8388,noohkapišam-,"Disk it (soften it, the ground)",
ilda-8383,noohkapišiko-,Softening the ground (disking),
ilda-13415,noohkiinkwee-,"Be soft corn, unripe corn",
ilda-6383,noohkiinkweemin-,Soft Corn,
ilda-5508,noohkimin-,Flour,
ilda-9856,noolinti-,"lye hominy, boiled hominy",
ilda-9861,noolintiohkii-,Make hominy,
ilda-12186,nooliteehee-,"Understand imperfectly, partially",
ilda-12486,nooliteeheeyonaakwat-,Be something impossible to know completely,
ilda-8408,noon-,"Nurse, breastfeed",
ilda-5103,noonaakan-,Breast (female),
ilda-6388,noonaakanaapow-,Milk,
ilda-11340,noonahiko-,To pump breastmilk,
ilda-8163,noonki,now,
ilda-8413,noont-,"Nurse him, breastfeed him",
ilda-5478,noontaahkonaakan-,"Piano, organ",
ilda-6393,noontaahkwaapiikahaakan-,"Violin, Guitar, Fiddle",
ilda-10579,noontaahkwahaakan-,musical instrument,
ilda-17199,noontaahkwantam-,"make a noise with it by mouth, play a flute",
ilda-11405,noontaahkwee-,"Shout, make a noise",
ilda-1628,noontam-,"Hear it, understand it",
ilda-7113,noontaw-,"Hear him, understand him",
ilda-13425,noonteepakil-,Throw him outside,
ilda-2563,noontiaahkii-,Throw something outside,
ilda-1633,noontiahtoo-,"Put it outside, take it out",
ilda-2568,noontiohsee-,"Leave, get out, exit",
ilda-6398,noosikaan-,Sweat Lodge,
ilda-5983,noošonke siipiiw-,Neosho River,
ilda-4503,-oohkom-,"Grandmother, grandma",
ilda-4478,-oohs-,"Father (father's brothers), dad",
ilda-4493,-oohsem-,Grandchild,
ilda-3573,ooci-,Fly (Musca domestica),
ilda-7168,oociaapow-,Rice soup,
ilda-12846,oociins-,"gnat, little fly",
ilda-13212,oolwee-,Howl,
ilda-7343,oonaana,"This (in reach, animate)",
ilda-7348,ooniini,"This (in reach, inanimate)",
ilda-9595,oonsaaciipihk-,Carrot,
ilda-13737,oonsaalamon-,"Bloodroot (Sanguinaria canadensis), yellow ocher",
ilda-5793,oonsaalamoni siipiiw-,Salamonie River (Indiana),
ilda-3578,oonsaanikw-,Fox Squirrel (Sciurus niger),
ilda-10198,oonsaapeehkatee-,Jerusalem artichoke (Helianthus tuberosus),
ilda-11829,oonsaasiip-,Lamoine River,
ilda-3583,oonsaawaahkw-,Osage orange tree (Maclura pomifera),
ilda-11320,oonsaawaahšii-,"Have a yellow metallic shine, copper",
ilda-9013,oonsaawaapiikw-,yellow ribbon,
ilda-243,oonsaawee-,It is yellow,
ilda-248,oonsaaweekin-,"It is yellow cloth, paper",
ilda-5588,oonsaawi-šool-,Gold,
ilda-5273,oonsaawicaahkw-,Brass,
ilda-5098,oonsaawihkihkw-,Brass Kettle,
ilda-12325,oonsaawihkii-,Have blond hair,
ilda-5963,oonsaawimin-,Lemon,
ilda-9451,oonsaawiminaapoohkii-,Make lemonade,
ilda-5968,oonsaawiminaapow-,Lemonade,
ilda-12742,oonsaayaankweemin-,Yellow corn,
ilda-8968,oonsaayopakat-,"Have orange, yellow, brown leaves",
ilda-5918,oonsaayosaakan-,Frying pan,
ilda-1638,oonsaayosam-,Fry it,
ilda-2573,oonsaayosi-,Be yellow,
ilda-3593,oonseenti-,"Yellow/White Poplar, Tulip tree (Liriodendron tulipifera)",
ilda-11165,ootoo-,"Refuse to eat it, refrain from eating it",
ilda-7358,oowaah-,"Here, located",
ilda-7093,oowiš-,"In this direction, this way",
ilda-2578,oošihsaa-,Fall down,
ilda-4673,-pahkaam,back (of the body),
ilda-4853,-pihkway-,Bladder,
ilda-4848,-piiwikan-,hipbone,
ilda-4913,-pwaam-,Thigh,
ilda-8023,paahkeeli-,"Have an open mind, be open-minded",
ilda-1643,paahkinam-,Open it by hand,
ilda-2583,paahpaankwi-,"Be crazy, unstable",
ilda-5953,paahpahaakan-,Key,
ilda-13747,paahpahaakanaapiikw-,Keychain,
ilda-13152,paahpaham-,Lock it,
ilda-2588,paahpi-,Play,
ilda-983,paahpih-,Play with him,
ilda-1648,paahpihtoo-,Play with it,
ilda-7918,paahpihtoo-,"Play with it, toy",
ilda-2593,paahpilwee-,"Be funny, make a joke",
ilda-11550,paahsam-,dry it (by heat),
ilda-11249,paahsatoowaakan-,Giant puffball (Calvatia spp. Fries),
ilda-988,paahsw-,Dry him,
ilda-7183,paahtee-,"It is dried (by heat or sun), dried meat",
ilda-2603,paakišiinkwee-,"Be still, at rest",
ilda-2598,paakišiinkweepi-,"Sit still, be at rest",
ilda-2608,paakocii-,Be full from eating,
ilda-993,paakwiitaw-,Attack him,
ilda-7778,paankon-,"Dry him, change his diaper",
ilda-7923,paankonaakan-,Diaper,
ilda-6403,paankosaakan-,Sugar,
ilda-8803,paankosaakanaahpinee-,have diabetes,
ilda-6408,paankosaakanaapow-,Sugar Water,
ilda-1653,paankosam-,Boil down till dry,
ilda-17149,paankwahki-,It is dry land,
ilda-4288,paapaahsi-,Red-headed Woodpecker (Melanerpes erythrocephalus),
ilda-7953,paapahsaahk-,"Center, (in the) middle (reduplicated)",
ilda-5423,paapahsaahkimiš-,Pignut hickory (Carya glabra),
ilda-5623,paapakimin-,Hackberry,
ilda-3598,paapankamw-,Fox (Vulpes vulpes),
ilda-4293,paapiicihkinaahkw-,"Eastern musk turtle, Stinkpot (Sternotherus odoratus)",
ilda-3603,paapiicihši-,Goat (Capra aegagrus hircus),
ilda-12931,paapincin-,Fall down,
ilda-3608,paaskoonti-,Ball,
ilda-4973,paaskoontiahaakan-,Baseball Bat,
ilda-2613,paaskoontiahwaa-,Play ball,
ilda-5453,pahkiihteenihsaahkw-,American hazelnut bush (Corylus americana),
ilda-5648,pahkiihteens-,Hazelnut,
ilda-1658,pahkišam-,Cut a piece from it (detach),
ilda-998,pahkišw-,Cut him up (as tobacco),
ilda-5403,pahkohkwaniš-,American Elm (Ulmus americana),
ilda-6413,pahkonaakan-,Extracting tool,
ilda-1663,pahkošam-,Cut a piece from it (extract),
ilda-1003,pahkošw-,"Cut a piece from him, cut it off him",
ilda-16895,pahkwaleenaakan-,Kindling wood,
ilda-5848,pahkweešikan-,Bread,
ilda-8673,pahsaahkaahkanka,Solstice,
ilda-6418,pahsahaakan-,Wedge,
ilda-11939,pahsiikani-,Wyandot person,
ilda-1008,pahšikon-,"Drop him, let him fall",
ilda-1668,pahšikonam-,"Drop it, let it fall",
ilda-6423,pakaan-,Nut,
ilda-11789,pakaani siipiiw-,Elk River (West Virginia),
ilda-6623,pakaanišaahkw-,hickory tree (generic),
ilda-1013,pakam-,"Strike him, hit him",
ilda-5428,pakamaakaniš-,Hackberry tree (Celtis occidentalis),
ilda-13480,pakanoweehw-,Slap him on the cheek,
ilda-5633,pakantaakan-,Hammer,
ilda-1673,pakantam-,"Strike it, hit it",
ilda-11375,pakii-,Crack nuts,
ilda-5393,pakitahaakan-,Lacrosse stick,
ilda-6673,pakitaham-,play lacrosse,
ilda-7708,pakitahamahk-,Lacrosse field,
ilda-1678,pakitam-,"Throw it away, discard it",
ilda-12821,pakitaw-,Throw something at him,
ilda-11565,pakiteehšim-,throw him down,
ilda-5398,pakwaahkon-,Lacrosse ball,
ilda-10667,pakwanteehwi-,"Put on/wear a belt, cinch one's clothing",
ilda-5008,pakwantion-,Belt,
ilda-1018,palakin-,"Peel him, husk him",
ilda-9362,palehkaamee-,Be brave,
ilda-10641,palehtaw-,mishear him,
ilda-7978,pankihkwaašiko-,"Go fishing, be fishing (with a line and pole)",
ilda-3613,pankihkwašikw-,Angler,
ilda-4298,pankihtamw-,"Parakeet (Conuropsis carolinensis), parrot",
ilda-7123,pankihšin-,"West, sunset",
ilda-12005,pankitee-,"It bursts from heat, explodes, pops",
ilda-4303,papaakanti-,Sunfish (Centrarchidae),
ilda-5438,papakimin-,Blackhaw (fruit),
ilda-5433,papakimišaahkw-,Blackhaw tree (Viburnum prunifolium),
ilda-6603,papampahtoo-,"Jog, run",
ilda-7173,papankihšin-,"It is thin and flat, pancake",
ilda-8993,papankišaapiikat-,"Flat threads, flat strings, ribbons",
ilda-6003,papantion-,Lightning,
ilda-5618,papikwan-,Gun,
ilda-6428,pasakwaapow-,Molasses,
ilda-17139,pasakwan-,It is sticky,
ilda-8153,pasekwii-,"Get up, arise",
ilda-9101,patahkahaakan-,printer,
ilda-9106,patahkaham-,print it,
ilda-1023,patahkin-,Hold him down by hand,
ilda-11140,peehkaamihki-,"it is good soil, fertile land",
ilda-12416,peehkahki-,it is good land,
ilda-2623,peehkasi-,Bloom,
ilda-13395,peehkat-,"It is pretty, good",
ilda-10544,peehkeelim-,"Think highly of him, find him beautiful",
ilda-10569,peehkeelintam-,"Think highly of it, find it beautiful",
ilda-6698,peehki,"good, morally, well",
ilda-1033,peehkiciih-,Dress him well,
ilda-10089,peehkiciinaakosi-,"Look nice, dress well",
ilda-13495,peehkihkaa-,Work well,
ilda-2628,peehkihkanawee-,Travel on a good trail,
ilda-1038,peehkihpenal-,"Do well to him, treat him good, bless him",
ilda-8053,peehkihsen-,"It is a good trail, good trip",
ilda-12707,peehkihtam-,Like to hear it,
ilda-3623,peehkiihs-,"Brant, farm goose",
ilda-13445,peehkikalol-,"say good words to him, speak pleasingly to him",
ilda-11415,peehkikwaatam-,"Sew it nicely, prettily",
ilda-12201,peehkikwaatee-,Be sewn prettily,
ilda-2633,peehkinaakosi-,"Be generous, kind",
ilda-1683,peehkisam-,Cook it well,
ilda-7943,peehkisi-,"Pretty, beautiful, cute",
ilda-12581,peehkitaw-,Make it nice for him,
ilda-11021,peehkitee-,"it is cooked well, nicely",
ilda-2638,peehkiteehee-,"Be good hearted, friendly, have a good disposition",
ilda-13405,peehkiteeheelotaw-,"Be fond of him, well disposed towards him",
ilda-10549,peehkitoo-,"adorn it, make it nice",
ilda-13400,peehkišinaakosi-,"Be good-natured, of good manners, courteous",
ilda-8783,peekamiiki siipiiw-,Missouri River,
ilda-11874,peekihtanki siipiiw-,Pecatonica River (Illinois),
ilda-9068,peekitamink-,"Trash, discard it, throw it away",
ilda-8308,peekiti-,Fart,
ilda-10844,peemak-,"Never, not (future sense)",
ilda-2648,peemineeta kiilhswa,Moon phases,
ilda-11234,peepahkwilaakii-,Black Ash (Fraxinus nigra),
ilda-16877,peepakihki-,"Jew, Jewish person",
ilda-3618,peepakikoli-,Paddlefish (Polyodon spathula),
ilda-9738,peepankihšileeta ahsen-,Shale,
ilda-8553,peepanšiinkwi-,"White bass (Morone chrysops), White perch (Morone americana)",
ilda-10234,peepeehkwaahki-,It is land of mounds,
ilda-3628,peepicikoleehši-,Rose-breasted Grosbeak (Pheucticus ludovicianus),
ilda-3633,peepicinehki-,Mole,
ilda-4313,peepincihs-,Spark,
ilda-3638,peepookanteehši-,Wren (genus Troglodytes),
ilda-6433,peesakwaan-,Wax,
ilda-8443,peewaaleewaataweeyon-,Peoria language,
ilda-7403,peewaali-,Peoria person,
ilda-8423,peewaaliaatawee-,Speak the Peoria language,
ilda-8453,peewaalionki,"Peoria lands; Paola, Kansas",
ilda-4318,peeweeyoci-,Peach,
ilda-8498,peeweeyocita moohsi-,Caterpillar,
ilda-10805,peewiiyocaahkw-,Peach tree (Prunus persica),
ilda-7408,peeyankihši-,Piankashaw person,
ilda-3643,peešiaanikop-,Hickory (generic),
ilda-13554,pehcihtoo-,Mistake it for something else,
ilda-12161,pehcikwaatam-,Sew it wrongly,
ilda-1043,pehcim-,Accuse him by mistake,
ilda-13042,pehcinaw-,Mistake him for someone else,
ilda-10909,pehcipowi-,"Drink the wrong thing, drink mistakenly",
ilda-11533,pehcišileni-,"Make a mistake, act in error",
ilda-2653,pehki-,"Be a stranger, outsider, foreigner",
ilda-11070,pehkwaatam-,"Belch, burp",
ilda-11124,pehtahotoo-,tie it wrongly,
ilda-1048,pehtahw-,Hit him by mistake,
ilda-11965,pehtahwi-,Hit oneself by mistake,
ilda-1688,pehtakintam-,Count it wrong,
ilda-13585,pehtantam-,Eat it by mistake,
ilda-1053,pehtawal-,Lead him wrong,
ilda-12285,pehtawatoo-,carry it by mistake,
ilda-11955,pehtehtam-,Hear it wrongly,
ilda-11692,pehtehtaw-,hear him wrongly,
ilda-11975,pehtešwi-,Cut oneself by mistake,
ilda-1058,pehtišw-,"Accidentally cut him, mistakenly cut him",
ilda-2643,pehtwee-,"Say the wrong thing, make an error in speaking",
ilda-2658,pelakii-,"Be healthy, healed, recover, made whole, be liberated",
ilda-1063,pelakiih-,"Cure him, heal him",
ilda-8438,pelakiihiwee-,"Be a nurse, healer",
ilda-9349,pelakiitoo-,Heal it,
ilda-2618,pemaahkii-,"Throw something, throw it",
ilda-13600,pemahwi-,Paddle a canoe,
ilda-12537,pemawatoo-,Carry it along,
ilda-12522,pemeelintam-,"Respect it, heed it",
ilda-8973,pemehkawee-,"Leave footprints, track of one's species",
ilda-7798,pemicimee-,Swim along,
ilda-8588,pemihkanawee-,"Walking, traveling on a trail",
ilda-12206,pemihtan-,"it flows along, current",
ilda-2663,peminee-,Go along dying,
ilda-7083,pemink-,"Above, up, upstairs",
ilda-8643,pemitaacimwi-,Crawl,
ilda-12866,pemitaahkwihsen-,"It (tree) lies across, forms a bridge",
ilda-6683,pempaali-,"Walk, walk along, travel along",
ilda-13076,pemw-,Shoot him,
ilda-6593,penaal-,give birth to him/her,
ilda-1068,penahkwah-,Comb his hair,
ilda-2668,penahkwee-,Comb one's own hair,
ilda-1073,penahw-,"Knock him down, off",
ilda-1693,penenam-,"Take it down, take it off (as in a hat)",
ilda-10574,peni-,Give birth,
ilda-8088,pepoonwee-,"I am old, of a certain age, winters",
ilda-12121,pepyaahšin-,Lie alongside,
ilda-2673,pesehkam-,"Wear shoes, put on shoes",
ilda-1698,pesentam-,"Listen to it, obey it",
ilda-1078,pesentaw-,"Listen to him, obey him, pay attention to him",
ilda-10099,pesikonam-,Take it off,
ilda-10646,pihci,"mistakenly, in error",
ilda-2678,pihci-,Small Bird (sparrow size and smaller),
ilda-253,pihkatee-,"It blooms, flower",
ilda-258,pihkin-,"It is different, foreign",
ilda-263,pihkontee-,"It is dark, night",
ilda-8393,pihkontee-kiilhsw-,Moon,
ilda-13281,pihkonteehki-,"It is dark land, a dark place",
ilda-9969,pihkwaahk-,Mound,
ilda-5513,pihšaahkalw-,"Flute, cane",
ilda-2683,piici-,Stink,
ilda-10928,piicihsakat-,"Peppermint (Mentha Ã piperita), sweet everlasting (Pseudognaphalium obtusifolium), pennyroyal (Hedeoma pulegioides)",
ilda-8333,piicihsin-,It stinks,
ilda-9028,piicileehsee-,breath stinks,
ilda-268,piihsalet-,It is moldy,
ilda-278,piihsihkikamii-,It is foamy water,
ilda-12772,piikahki-,Be muddy ground,
ilda-13629,piikamihtanwi siipiiw-,Great Kanahwa River (West Virginia),
ilda-1083,piil-,Bring him,
ilda-3648,piimihkociihsi-,Cocoon,
ilda-9048,piiminahkwee-,make cordage,
ilda-9053,piiminihkwaan-,Cordage,
ilda-4323,piintaloon-,Quiver,
ilda-13550,piintikaahkii-,"Throw in, toss in",
ilda-1088,piintikal-,"Take him inside, lead him in",
ilda-1703,piintikatoo-,"Bring it in, place it inside",
ilda-10074,piintikii-,Enter (a room or building),
ilda-11114,piintikii-,it enters,
ilda-11031,piipahtoo-,Come running,
ilda-11109,piit-,pizza,
ilda-10677,piitaahkaw-,throw to/at him,
ilda-12176,piitaamwi-,Flee in this direction,
ilda-8063,piitaw-,"Bring it for him, to him",
ilda-283,piitilaan-,"It rains, it is raining",
ilda-3653,piitilaanoons-,"Barn swallow (Hirundo rustica), Cliff swallow (Petrochelidon pyrrhonota)",
ilda-1708,piitoo-,Bring it,
ilda-8253,piiwahaakan-,Hairbrush,
ilda-13700,piiwaham-,"brush it, brush it off",
ilda-1028,piiwahw-,Brush him,
ilda-8578,piiwi-,"feather (generic), small feather",
ilda-9222,pikolakitimin-,"Wild rose hip, prairie rose, climbing rose (Rosa setigera)",
ilda-9227,pikolakitimiš-,"Wild rose bush, prairie rose, climbing rose (Rosa setigera)",
ilda-3658,pilaanti-,Baby bird,
ilda-8433,pilakiihiweekaan-,Hospital,
ilda-8428,pilakiihiwi-,"Nurse, doctor, medical professional",
ilda-9550,pilakiihiwi-,"Nurse, healer",
ilda-17235,pilakion-,Health,
ilda-3663,pileehsi-,Raven (Corvus corax),
ilda-3668,pileelikw-,Flying squirrel (Glaucomys spp.),
ilda-7938,pileens-,"Chick, baby chicken",
ilda-7933,pileew-,Chicken (general term),
ilda-6758,pileewa akiišikom-,Turkey Day (Thanksgiving),
ilda-4328,pileewaankan-,Turkey Feather,
ilda-7898,piloohsa apineens-,Crib,
ilda-3683,piloohseens-,"Infant, baby",
ilda-7843,piloohsikaan-,Nursery,
ilda-11592,pilow-,Far away,
ilda-11597,pilowi-,It is far away,
ilda-12831,pilwi,Far away,
ilda-6438,pim-,"Oil, Grease, Lard, Tallow, Butter",
ilda-9989,pimaamihkihsen-,The earth goes along,
ilda-5543,pimitahaakan-,Cross,
ilda-11824,pimitee-,"it burns past, Lake Peoria",
ilda-11435,pimwaakan-,ammunition,
ilda-5263,pinahkwaan-,Comb,
ilda-273,pinepakat-,Leaves are falling,
ilda-5043,pinkomin-,"Blueberry (Vaccinium sp.), huckleberry (Gaylussacia baccata)",
ilda-16892,pinkw-,Ash,
ilda-6443,pinkwaapow-,Lye,
ilda-9535,pinkwaawileni-,"person of the ashes, person of Pickawillany",
ilda-16882,pinkwahkiw-,Dust,
ilda-16887,pinkwapiw-,Powder,
ilda-3688,pinšiw-,"Cat, bobcat (Lynx rufus)",
ilda-8933,pinšiwa amootayi siipiiw-,Wildcat Creek,
ilda-7058,pipoon-,It is winter,
ilda-7133,pipoonahkionki,North,
ilda-7043,pipoonw-,"Year, winter",
ilda-13126,pipyaaw-,"Alongside, by",
ilda-3693,pišinsikw-,Merganser (genus Mergus),
ilda-12255,poohkaanam-,"Sift it, winnow it",
ilda-5228,poohkahaakan-,Chisel,
ilda-1713,poohkaham-,Make a hole in it by tool,
ilda-288,poohkat-,"It has a hole, keyhole",
ilda-12111,poohkihšiikoliaakan-,Nose ring,
ilda-13762,poohkihšikoli-,"yoncopin, water chinquapin, American lotus (nelumbo lutea)",
ilda-10874,poohkikoleehw-,Pierce his nose,
ilda-6448,poohkišaakan-,Window,
ilda-6928,poohkišam-,Cut a hole in it,
ilda-11739,poohkohkaa-,"it is pierced, it gets a hole in it",
ilda-3698,poohkohsiihsi-,Bobwhite (Colinus virginianus),
ilda-12752,poonaahkii-,"Stop throwing, stop playing lacrosse",
ilda-1718,poonam-,"Stop it, quit it",
ilda-1093,poonamaw-,"Give it up to him, deliver it to him",
ilda-1098,pooneelim-,Quit thinking of him,
ilda-1723,pooneelintam-,"Stop thinking of it, forget it",
ilda-8198,pooni-,"Stop, cease",
ilda-7948,pooni-kiišikat-,Day of the week,
ilda-12055,poonihsen-,The wind stops,
ilda-12151,poonihtan-,It stops flowing,
ilda-13475,pooniihkaw-,"Leave him alone, quit dealing with him",
ilda-12747,poonikaa-,Stop dancing,
ilda-10993,poonikitelotaw-,Forgive him,
ilda-12075,poonipii-,Stop drinking,
ilda-10564,pooniteeheelotaw-,quit having feelings for him,
ilda-2693,poonwee-,Stop talking,
ilda-2698,poosi-,"Go aboard (a boat), get into a vehicle, embark",
ilda-5038,pootaataakan-,Blow Pipe,
ilda-1728,pootaatam-,Blow on it,
ilda-2703,pootawee-,Start a fire,
ilda-5788,pwaawikamisiip-,Little Wabash River (Indiana),
ilda-2708,pyaa-,He comes,
ilda-13286,pyaa-,It comes,
ilda-7178,pyaakimin-,Persimmon berry,
ilda-6613,pyaakimišaahkw-,american persimmon tree (Diospyros virginiana),
ilda-1103,pyaalotaw-,approach him,
ilda-4458,-sekohs-,Aunt (father's sister),
ilda-4838,-sepiinkw-,Tear,
ilda-11036,saahki-,"crayfish, crawfish",
ilda-4338,saahsanti-,Lizard,
ilda-2713,saakaciwee-,"Emerge, come into view",
ilda-2718,saaki-,Sprout,
ilda-7433,saaki-,Sauk person,
ilda-293,saakiiwee-,"Confluence, mouth of river",
ilda-5808,saakiiweesiipiiw-,St. Joseph River (Lake Michigan),
ilda-5813,saakiiweeyonk-,"South Bend, Indiana",
ilda-9545,saakin-,It sprouts,
ilda-298,saakipakat-,"Leaves are budding, are coming out",
ilda-13301,saansihke,From time to time,
ilda-8723,saapiinkwion-,"vision, foresight",
ilda-4348,saasakiiniwi-,Policeman,
ilda-9959,sakaahkwee-,Grab hold,
ilda-6458,sakahaakan-,Nail (metal),
ilda-13136,sakahotoo-,"Tie it on, fasten it",
ilda-1738,sakantam-,Hold it in the mouth,
ilda-1118,sakiin-,"Grasp him, hold him, catch him",
ilda-5638,sakiinaakan-,Handle,
ilda-11464,sakiinam-,"Hold it, grasp it",
ilda-9944,sakikansi-,Blue Ash (Fraxinus quadrangulata),
ilda-4353,sakimi-,Mosquito (Culiseta longiareolata),
ilda-6463,sakinteenhs-,Small Glass,
ilda-5068,sakinteew-,"Bottle, glass, jar, vase",
ilda-308,sakipitee-,It is tied fast,
ilda-8208,seehkwee-,"weep, cry",
ilda-7493,seekatehkw-,Tick,
ilda-1123,seekih-,"Frighten him, scare him",
ilda-13192,seekim-,"Scare or frighten him by words, speech",
ilda-5898,seekipalwaakan-,"Hair bow, hair tie",
ilda-2728,seekisi-,"Be afraid, scared",
ilda-7878,seenipiikaapow-,Juice (generic),
ilda-3713,seenseemin-,Plum stone (game piece),
ilda-2733,seenseewi-,Play plum stone,
ilda-8123,sehkalwi-,"Spit, slobber, drool",
ilda-3718,sekinaahkw-,Blackbird,
ilda-1133,siihsam-,Bite him,
ilda-1743,siihsantam-,Bite it,
ilda-6813,siihsantee-,"Bite, bite down",
ilda-1138,siihsiinkween-,Scratch his face,
ilda-6818,siihsinam-,Scratch it,
ilda-6473,siihsipaahkw-,Maple Sugar,
ilda-6478,siihsipaahkwikaan-,"Maple sugar camp, sugar shack",
ilda-2738,siikaahkii-,"Pour out, throw out, spill",
ilda-5548,siikahaakan-,"Batter, dough",
ilda-10717,siikalaan-,"it drips, the sap flows",
ilda-313,siikihkaa-,"It spills, leaks out",
ilda-1748,siikinam-,Pour it (into or out of),
ilda-16952,siilipiinkwee-,have one's eyes water,
ilda-11085,siinipiikinam-,"Wring it out, squeeze the liquid out of it",
ilda-7783,siinitikolee-,Blow/wipe one's nose,
ilda-7788,siinitikoleen-,Blow / wipe his nose,
ilda-9426,siipiiw-,River,
ilda-17049,soonkaci-,To freeze,
ilda-10159,soonkan-,"It is hard, solid",
ilda-10983,soonkatehki-,the ground is frozen solid,
ilda-17218,soonkaten-,"It freezes, is frozen",
ilda-10914,soonkikaatee-,"Have hard, firm feet",
ilda-12191,soonkin-,"Hold him strongly, firmly",
ilda-9570,soonkinetii-,"Hold firmly to each other, grab each other",
ilda-16942,soopaakisi-,Misbehave,
ilda-7258,soopalohpw-,Kiss him,
ilda-8893,swaahteethsokon-,"Seven days, a week",
ilda-4833,-taahpahtaan-,"Ring, bracelet",
ilda-4748,-taahs-,Sock,
ilda-8883,-taahsi,"legging, stocking",
ilda-4858,-taampihkan-,"chin, jaw",
ilda-4463,-taan-,Daughter,
ilda-4598,-tahkiamw-,One's enemy,
ilda-4533,-tay-,"pet, domestic animal",
ilda-4783,-teeh-,heart,
ilda-4543,-tehkweehsim-,"Husband's sister, sister-in-law (woman's term)",
ilda-4548,-tehs-,spleen,
ilda-4733,-tehtolen-,Hat,
ilda-4538,-teli-,Shoulder,
ilda-4758,-tentalem-,"one's goods, possessions, things",
ilda-4643,-toon-,"mouth, lips",
ilda-4828,-toontan-,Heel,
ilda-17094,taahsonki,On this side,
ilda-3763,taahtaankw-,"Spotted skunk (Spilogale putorius), civet cat",
ilda-10894,taahtakiihšim-,lay him down,
ilda-2783,taahtakiihšin-,Lay down,
ilda-6998,taanaaha,"Where about, when",
ilda-7013,taaninhswi,"How many, how much, how far, a quantity of place or objects, time",
ilda-6903,taaniši,"How, where to, when",
ilda-10049,taanonci,From where,
ilda-5643,taapihs-,Harness,
ilda-8818,taapimaawe,"exclamation, be it from fear or in admiration, used only by women",
ilda-12275,taapinam-,Raise it up by hand,
ilda-12375,taatohkam-,"He tears it open, bursts it",
ilda-11656,taatošam-,cut it open,
ilda-7418,taawaaw-,Ottawa person,
ilda-5803,taawaawa siipiiw-,Maumee River (Indiana-Ohio),
ilda-323,tahkaahsin-,It is a cold wind,
ilda-11726,tahkaahsitaakan-,(electric) fan,
ilda-12461,tahkaham-,cool it (by tool),
ilda-7828,tahkan-,It is cool weather,
ilda-8468,tahkihsen-,"It is cold to the touch, cooled off",
ilda-1758,tahkihsetoo-,Cool it,
ilda-12501,tahkihšim-,Cool him off,
ilda-13016,tahkili-,Be cold to the touch,
ilda-5258,tahkinkam-,"Cold water, spring",
ilda-8548,tahkinkami siipiiw-,"Spring river, Oklahoma",
ilda-8248,tahkinkamii-,It is cold water,
ilda-12481,tahkiteehee-,Have a cold heart,
ilda-11672,tahkonam-,"Hold it tight, hold it firm",
ilda-12310,tahkwanwilookii-,"Have cold skin, icy skin",
ilda-13006,tahkweetin-,"It is cold or frozen, as of something liquid",
ilda-2788,tahoohtawi-,Have a cold,
ilda-4943,takaakan-,"Axe, hatchet",
ilda-328,takwaahkat-,There is frost,
ilda-7048,takwaaki-,It is autumn/fall,
ilda-11711,takwaham-,Grind it,
ilda-3768,tapaahsi-,Canada Goose (Branta canadensis),
ilda-1143,tapaal-,"Love him, have affection for him",
ilda-8958,tapaalintion-,Love,
ilda-7803,tapaatam-,"Love it, appreciate it",
ilda-1763,tatankonam-,"Clean it, clear it (by hand)",
ilda-12216,tatankwahki-,It is land cleared of trees,
ilda-4968,teehsaakan-,"Base, Support, Bridge Support",
ilda-5553,teehsikaan-,"Garage, Shed",
ilda-6508,teehsoon-,"Scaffold, sleeping platform, shelf",
ilda-10722,teehtaw-,"kind, type",
ilda-9580,teehš-,"Instead of, only, rather than, except for",
ilda-3773,teekinaahkw-,Grackle (Quiscalus quiscula),
ilda-3778,teenteekihs-,Blue Jay (Cyanocitta cristata),
ilda-4378,teenti-,"Killdeer, Plover (Charadrius vociferus)",
ilda-8213,teep-,"Ability, can, enough, sufficient, stop that!",
ilda-4963,teepantaakan-,Barrel,
ilda-2793,teepapi-,Have enough room to sit,
ilda-333,teepat-,"It is enough, sufficient, good",
ilda-6608,teepatikway-,Poison Ivy,
ilda-2798,teepihsaa-,Be able to get at it,
ilda-2803,teepinaakosi-,"Be worthy, have the ability to do something",
ilda-9443,tehkinawi-,Be in a cradleboard,
ilda-8348,tehtepihsaa-,"Bike, bicycle",
ilda-9696,tehtepihsaapi-,Ride a bike,
ilda-13116,tekweeh-,Make him ashamed,
ilda-11175,tekweesi-,Be ashamed,
ilda-12065,tekweesihtam-,Shame it,
ilda-12166,tepaham-,Pay for it,
ilda-1148,tepahw-,Pay him,
ilda-7243,tepeelinkii-,"Govern, run things",
ilda-338,tepehkii-,It is night,
ilda-13081,tepilaweesi-,"Own something, create something",
ilda-5308,tihkinaakan-,Cradleboard,
ilda-10024,tikaw-,A little (for activities or qualities),
ilda-13207,tikwee-,Be shameful,
ilda-12060,tikweeyon-,Shame,
ilda-8313,tipahaakaanihs-,Minute,
ilda-7248,tipeelinkiikaan-,"Tribal Office, Headquarters",
ilda-7253,tipeelinkion-,Government,
ilda-5558,tipeelintamookan-,Gift,
ilda-6948,tipeew-,"Good, pleasing, gladly",
ilda-8398,tipehki kiilhsw-,Moon,
ilda-6823,tipilawe,"of oneâs own effort, oneâs own family",
ilda-7673,toohkaw-,Follow him,
ilda-12652,toohkii-,"Move, stir",
ilda-9456,toohkin-,Touch him,
ilda-1768,toohkinam-,"Move it, touch it (by hand)",
ilda-12181,toohkiwi,"softly, gently",
ilda-3783,toohtooleehsi-,Cricket,
ilda-3788,toontw-,Bullfrog (Rana catesbeiana),
ilda-343,toopalam-,"It is damp, humid",
ilda-348,toopalameekin-,It is damp cloth,
ilda-2808,toopeeli-,"accomplish, succeed, finish",
ilda-12757,toopihsen-,"It is effective, works well",
ilda-12015,toopihšin-,Hurt oneself falling down,
ilda-10559,toopim-,have someone's consent,
ilda-12836,toopišam-,Manage to cut it,
ilda-12926,toopišw-,Manage to cut him,
ilda-10529,toopwee-,"Accomplish (by speech), persuade",
ilda-4823,-wiinsoon-,"Name, clan",
ilda-4563,-wiiw-,Wife,
ilda-1153,waaciinkweeh-,Annoy him,
ilda-12996,waahkamiinkwee-,"Have a clean, clear face",
ilda-3793,waahkw-,Fish egg,
ilda-7423,waahoonah-,Potawatomi person,
ilda-2813,waahpyaa-,Arrive here,
ilda-353,waahsaaphtee-,It is overripe,
ilda-6978,waahsee-,It is daylight,
ilda-8403,waahsee-kiilhsw-,Sun,
ilda-1158,waakihsah-,Cause him to go in a circle,
ilda-12091,waakišam-,Cut it crookedly,
ilda-11617,waakohsee-,"Walk in a circle, meander",
ilda-5188,waal-,"Cave, Hole in the ground",
ilda-11764,waalantaakanisiip-,Coal River (West Virginia),
ilda-2818,waalihkii-,Dig a hole,
ilda-3798,waalihsi-,Bullhead catfish (Ameiurus spp.),
ilda-358,waalihtan-,"It is a ditch, a gully",
ilda-5928,waalinaakan-,Well (for water),
ilda-2823,waanantakihšin-,Lay quietly,
ilda-2828,waanapi-,Eat something up,
ilda-10815,waapaahkoonseenti-,Eastern cottonwood tree (Populus deltoides),
ilda-5538,waapaahšiki siipiiw-,Wabash River (northern Indiana),
ilda-9008,waapaapiikw-,white ribbon,
ilda-6513,waapahaakan-,Soap,
ilda-4383,waapahsen-,Limestone,
ilda-1163,waapam-,Look at him,
ilda-7218,waapamoon-,"Mirror, glass",
ilda-363,waapan-,"It is dawn, light",
ilda-7443,waapanahki-,Delaware person,
ilda-2833,waapanekaa-,Dance all night,
ilda-368,waapanelaan-,It rains all night,
ilda-6993,waapank-,Tomorrow,
ilda-6968,waapanki-,Swan,
ilda-11819,waapankiaakamii-,Marais des Cygnes River (Kansas),
ilda-2838,waapankii-,"Observe, Look on, watch",
ilda-2843,waapanohsee-,"Walk at dawn, in daytime",
ilda-13485,waapansi-,"Survive till dawn, make it through the night",
ilda-4388,waapansw-,Rabbit,
ilda-1773,waapantam-,Look at it,
ilda-6563,waapantel-,Show something to him,
ilda-5173,waapantenaakan-,"Candle, oil lamp, light",
ilda-7738,waapantenam-,"Make it light, turn on the light",
ilda-4393,waapantw-,Mushroom (generic),
ilda-4398,waapeehs-,Mussel (Unio pictorum),
ilda-373,waapeekin-,"It is white cloth, paper",
ilda-378,waapi-,It is white,
ilda-3803,waapi-kwaahkw-,Ivory Billed Woodpecker (Campephilus principalis),
ilda-8668,waapi-moohsoonsa,lamb,
ilda-4403,waapi-moohsw-,Sheep (Ovis aries),
ilda-5773,waapi-nipi siipiiw-,Whitewater River,
ilda-13559,waapi-paapankamw-,Arctic fox (Vulpes lagopus),
ilda-5663,waapi-pakaan-,Hickory Nut (generic),
ilda-8768,waapicahkihkw-,tin can,
ilda-8773,waapicahkihkw-,shaker can,
ilda-3808,waapihki-moohsi-,"Grub worm, borer larvae",
ilda-4218,waapihkilooki-,White Man,
ilda-4408,waapihkw-,Louse ( Fahrenholzia pinnata),
ilda-13510,waapihkwee-,"Have white hair, grey hair",
ilda-13634,waapihtank-,White Creek (Oklahoma),
ilda-11457,waapikamii-,"It is clear water, white water; White River West Fork",
ilda-383,waapikoonahki-,There is hoarfrost,
ilda-5028,waapimotay-,Blanket,
ilda-6863,waapinkolaan-,"light rain, sprinkle, drizzle",
ilda-7153,waapinkopakat-,Cabbage (Brasscia oleracea),
ilda-3813,waapinkosita saki-,Great Blue Heron (Ardea herodias),
ilda-3818,waapinkwilooki-,Elephant (Elephantidae),
ilda-2998,waapipili-,"Domestic farm turkey, turkey",
ilda-9461,waapisi-,Be white,
ilda-7098,waaw-,Egg,
ilda-3823,waawaahsamw-,Firefly (Photuris lucicrescens),
ilda-9511,waawaahsinaakwat-,it is shimmering,
ilda-4418,waawaapaakan-,Peace Bead,
ilda-3828,waawaapiihkici-,Hornet (Dolichovespula maculata),
ilda-388,waawaapinkwaahkat-,White oak (Quercus alba),
ilda-5373,waawaapow-,Eggnog,
ilda-12706,waawanihwi-,"Fool around, joke around",
ilda-4428,waawiihkapimin-,Pear,
ilda-9929,waawiikapimišaahkw-,"Glossy Hawthorn (Crataegus nititda), Green Hawthorn (Crataegus virdidis), Red haw (Crataegus sp.)",
ilda-5023,waawiinaakan-,"Biscuit, bread, muffin",
ilda-8168,waawiipihkaa-,"Do it in a hurry, go in a hurry",
ilda-13530,waawiipihseehki-,Collect firewood quickly,
ilda-393,waawiipinkwat-,Fox grape (Vitis labrusca),
ilda-2853,waawiipisi-,"Hurry, be in a hurry",
ilda-12380,waawiyaa-,it is round,
ilda-17300,waawiyaak-,Circle,
ilda-2858,waawiyiisi-,Be round,
ilda-4423,waayaahkooši-,Millipede (Diplopoda),
ilda-7398,waayaahtanw-,Wea person,
ilda-1168,waayol-,"Bewilder him, confuse him",
ilda-12136,wanihtam-,Misunderstand something heard,
ilda-12727,wanihtaw-,Misunderstand what he says,
ilda-1173,wanim-,"Fool him, trick him, cheat him",
ilda-8463,waninkii-,"Cheat, fool, trick",
ilda-2863,wanipilaakii-,Forget,
ilda-17134,wayaakaham-,Stir it,
ilda-12951,wašoon-,Otoe person,
ilda-6868,weehki-kihkatw-,New Year,
ilda-10636,weekiwiteehee-,Be patient,
ilda-8598,weekiwiteehion-,Mindfulness,
ilda-7678,weekiyosi-,"be careful, be slow",
ilda-8203,weelihpiki atoohpoon-,Coffee table,
ilda-16997,weelolaahkošikw-,Carpenter,
ilda-11602,weepin-,throw him to the ground,
ilda-3833,weeweehsion-,Fan,
ilda-8503,weeweepaham-,"Swing it, rock it, cradle it",
ilda-7903,weeweepihsaa-,It swings,
ilda-7908,weeweepihsaa-,"Swing, rock",
ilda-4948,weeweepihsaakan-,"Cradle, swing",
ilda-8873,weeyaakahaakan-,"Spoon, ladle for cooking or stirring (generic)",
ilda-6888,wehkaapantani-,It looks new,
ilda-16852,wehkiili-,"To innovate, have a new thought",
ilda-12295,welaahkonam-,"Fold it, as clothing or skins",
ilda-9502,welaalaansam-,"Color it, make it a color",
ilda-2868,welaantawee-,"Climb (as in a ladder, tree, fence)",
ilda-12642,welaapinti-,Pull a bowstring,
ilda-2873,welaapoohkii-,Prepare a liquid mixture,
ilda-16992,welaci-,"To have a chill, chills",
ilda-12637,welahkihtoo-,"Clear it (a place), make a place clean",
ilda-1178,welahs-,"Put him away, bury him",
ilda-1778,welahtoo-,"Put in its place, put away",
ilda-17002,welenaahkii-,"To spread something out, smooth something out",
ilda-10864,welenam-,shape it by hand,
ilda-12141,welešam-,Cut it into shape,
ilda-11682,welikaa-,Begin to dance,
ilda-1783,wensam-,Boil it,
ilda-1183,wensw-,Boil him,
ilda-8038,weših-,make him,
ilda-1788,wešihtoo-,Make it; deal it (as in cards),
ilda-2878,wešihšin-,Go to bed,
ilda-2883,wešikii-,"Build a house, pitch a tent",
ilda-13106,wihkiikin-,be new clothing,
ilda-8538,wihkiinaakwat-,It is new,
ilda-8583,wihkweeliihsi-,Bat (animal),
ilda-8718,wiicihsaantion-,"brothers and sisters, children of the same parents",
ilda-1188,wiiciilam-,help him,
ilda-2888,wiiciilantii-,Help each other,
ilda-10479,wiiciilwee-,Help,
ilda-7038,wiicikaa-,"Dance in a group, crowd",
ilda-1193,wiicikaam-,Dance with him,
ilda-12000,wiicikaapaayom-,Stand with him,
ilda-1198,wiicikiim-,"Live with him, dwell with him",
ilda-8478,wiicimiihkimom-,"Work with him, collaborate",
ilda-9332,wiicinaakosi-,Be together,
ilda-9337,wiicinaakosion-,Being together,
ilda-1203,wiicipaahpim-,Joke with him,
ilda-1208,wiiciteeheem-,Agree with him,
ilda-8943,wiiciwiiyaakiteeheem-,"have one's heart be happy with someone, congratulate someone",
ilda-1213,wiihkam-,"Summon him, call him",
ilda-11204,wiihkapaahkwaakaniš-,"Silver maple, Soft maple (Acer saccharinum)",
ilda-6518,wiihkapaakan-,Salt,
ilda-17008,wiihkapaakanaapowee-,"It is salty water, water with salt mixed in it",
ilda-17013,wiihkapaham-,To salt something,
ilda-12235,wiihkapalit-,"Be soured, spoiled",
ilda-398,wiihkapan-,"It is sweet, candy",
ilda-6568,wiihkapaten-,Ice cream,
ilda-11215,wiihkapesi-,"Indian turnip, Jack-in-the-pulpit (Arisaema triphyllum)",
ilda-10849,wiihkat-,Don't ever,
ilda-7513,wiihkoowi-,Whippoorwill,
ilda-3838,wiihkway-,Fur cap,
ilda-8273,wiihkweetii-,"Put on, wear pants",
ilda-6523,wiihkweetion-,"trousers, pants",
ilda-1218,wiihpam-,Eat with him,
ilda-11479,wiihpeem-,sleep with him/her,
ilda-10879,wiihs-,"many, much",
ilda-7188,wiihsakaakan-,Pepper,
ilda-12335,wiihsakaapowee-,it is bitter liquid,
ilda-4603,wiihsakacaakwa,,
ilda-10727,wiihsakan-,"it is bitter, sour",
ilda-10919,wiihsakihšin-,Be in great pain,
ilda-12315,wiihsakinihkiiwaci-,Have one's hands hurt from cold,
ilda-10514,wiihsat-,there is a lot of it,
ilda-6528,wiihsikaan-,"Tomb, grave house",
ilda-2893,wiihsini-,Eat,
ilda-8278,wiihsinikaan-,"Dining room, dining hall, restaurant",
ilda-12777,wiihswaalakat-,It has many holes in it,
ilda-403,wiihswakintee-,"It is expensive, high priced",
ilda-5448,wiikapimiš-,Basswood/American Linden (Tilia americana),
ilda-8698,wiiki-,"dwell, stay",
ilda-5358,wiikiaam-,"Dwelling, House, Lodge, Wigwam",
ilda-6533,wiikiaamintehs-,"Small lodge, house",
ilda-2898,wiikihkaa-,Play ball game,
ilda-9884,wiikintii-,Marry each other,
ilda-5583,wiikway-,Glue (Made from deer horn),
ilda-6578,wiikweehsimiš-,"Paper Birch (Betula spp.), River Birch (Betula nigra), Gray Birch (Betula populifolia), Canoe Birch tree",
ilda-5463,wiilinw-,Fat,
ilda-9748,wiilinwahsen-,"Quartzite, granite",
ilda-4433,wiilinwiihsi-,Meadowlark (Sturnella neglecta),
ilda-5053,wiimp-,Bone Marrow,
ilda-6538,wiin-,"kernel, nut meat, marrow",
ilda-5993,wiinaahkatw-,Spicebush (Lindera benzoin),
ilda-6548,wiinaahkatwaapow-,Spicebush Tea,
ilda-10104,wiincinaakosi-,Belong to a certain tribe,
ilda-12787,wiini-,"It bears fruit, nuts, marrow",
ilda-3843,wiinici-,Box turtle (Terrapene carolina carolina),
ilda-4443,wiinihki-,"Hellbender Salamander (Cryptobranchus alleganiensis), Waterdog (Ambystoma tigrinum)",
ilda-4438,wiinihsihsi-,"Onion, Nodding wild onion (Allium cernuum)",
ilda-4448,wiinikoli-,Northern Flicker Woodpecker (Colaptes auratus),
ilda-7468,wiinipiikw-,Winnebago person,
ilda-6668,wiinkan-,"It tastes good, is good to eat, tasty",
ilda-6693,wiinkihpw-,"like the taste of him, like to eat him (animate foods)",
ilda-1793,wiinkihtam-,"Like the taste of it, like to eat it",
ilda-408,wiinkimyaakan-,It smells good,
ilda-3848,wiinkom-,Bran,
ilda-4453,wiinkw-,Moth,
ilda-12400,wiinkwaal-,Respect him,
ilda-1223,wiinkweelim-,Trust him,
ilda-2903,wiinswi-,Be named,
ilda-10594,wiint-,name him,
ilda-5903,wiintaakan-,Book,
ilda-7888,wiintaakani teehsoon-,Bookshelf,
ilda-9076,wiintaakanikaan-,library,
ilda-1798,wiintam-,"Call it, read it, name it",
ilda-9116,wiintamaakion-,"notification, announcement",
ilda-1233,wiintamaw-,"Tell it to him, instruct him",
ilda-5498,wiipic-,Flint,
ilda-9371,wiipicahkionkI,"Huntington, IN",
ilda-5883,wiipicahsen-,Flint nodule,
ilda-13605,wiipihšalw-,Elderberry (Sambucus Canadensis),
ilda-2908,wiipinkosi-,Be gray,
ilda-10820,wiipinkwaahkatw-,Post Oak tree (Quercus stellata),
ilda-12245,wiipinkwalit-,"Be rotten, gray",
ilda-413,wiipinkwee-,It is gray,
ilda-418,wiipinkweekin-,"It is gray cloth, paper",
ilda-13187,wiitahokom-,"Go in a boat with, swim with",
ilda-1248,wiitapim-,"Sit by him, ride with him",
ilda-2913,wiitee-,"Accompany, go together, go along with",
ilda-1253,wiiteem-,"Accompany him, go with him",
ilda-8543,wiitohseem-,Walk with him,
ilda-11509,wiiwahol-,"wrap him, bandage him, apply medicine to him",
ilda-12767,wiiwahosi-,"Be wrapped, bandaged, swaddled",
ilda-6553,wiiwaš-,"Saddle, pack",
ilda-12657,wiiwiikihšim-,Wrap him up,
ilda-2918,wiiyaahki-,"Stay, be at, dwell",
ilda-2923,wiiyaakiteehee-,"Happy, rejoice",
ilda-8938,wiiyaakiteeheem-,"Make someone happy, please someone",
ilda-6558,wiiyoohs-,Meat,
ilda-5613,wiiyoohsaapitaakan-,Gums (Mouth),
ilda-7633,wiiyoonkonci,Because,
ilda-9418,wiišaapahtoo-,Run fast,
ilda-1238,wiiših-,Paint on his face,
ilda-7988,wiišihwi-,Paint on one's own face,
ilda-10449,wiišiinkweeh-,"Draw, paint an image of his face",
ilda-5118,wilaahkwahaakan-,Broad axe,
ilda-5183,wilenaahkihtaakan-,"Carpet, rug",
ilda-6598,wintaapihkinaakan-,"rein, steering wheel",
ilda-6933,wintee-,It boils,
ilda-17303,yaalanwihsink-,Pentagon,
ilda-4553,-šihs-,Uncle (mother's brothers),
ilda-4703,-šiikan-,"Butt, buttocks",
ilda-4808,-šiipit-,"Earring, ear pendant",
ilda-7463,šaah-,"Sioux, Lakota person",
ilda-4333,šaahkweehsi-,Yellow-bellied Sapsucker (Sphyrapicus varius),
ilda-12240,šaahtee-,"It is wilted, withered (of plants)",
ilda-10509,šaahšaakweehsi-,garter snake,
ilda-11380,šaakonam-,crack it by hand,
ilda-1733,šaakosam-,Burn it,
ilda-2723,šaakwaci-,Be cold,
ilda-11499,šaakwalet-,"it rots, decays",
ilda-11469,šaakwiteehee-,Have a broken heart,
ilda-1108,šaakwiteeheehpinal-,"Cause him to be mournful, break his heart",
ilda-4343,šaankomehkw-,Purple Martin (Progne subis),
ilda-6453,šaaponaakan-,"Needle, pin",
ilda-11538,šaapontiohsee-,it is a laxative,
ilda-1113,šaapwaahkwihtaw-,Hear him through something,
ilda-7413,šaawanw-,Shawnee person,
ilda-10164,šaawe,"immediately, right away",
ilda-13440,šaaweekonci,"From the beginning, from the start",
ilda-6963,šaay-,"Already, come to pass, goodbye",
ilda-5868,šaašaašhkweekaan-,Court house,
ilda-3703,šaašaašhkwi-,Judge,
ilda-303,šaašihkaapantani-,"It appears correct, it looks good",
ilda-12687,šaašihkwee-,"Judge, decide",
ilda-5268,šahkamoolition-,Communion,
ilda-10692,šakwapawee-,"be wet, damp",
ilda-6973,šayiipaaw-,Morning,
ilda-6583,šeešaakamiš-,american beech tree (Fagus grandifolia),
ilda-1128,šiihšahw-,Sting him,
ilda-9924,šiihšiikimeewinš-,Red Maple (Acer rubrum),
ilda-7913,šiihšiikwan-,Rattle,
ilda-10810,šiihšiikweekihs-,Box Elder tree (Acer negundo),
ilda-4358,šiihšiikwi-,Massasauga (Sistrurus catenatus),
ilda-8688,šiihšiikwia,Eastern massasauga rattlesnake (Sisturus catenatus),
ilda-3723,šiihšiip-,Duck,
ilda-5348,šiihšiipalw-,Duck Shot,
ilda-13202,šiinkilaweelintam-,Hate it,
ilda-9376,šiinšiilawee-,Be strong,
ilda-12792,šiinšiilaweetoo-,Strengthen it,
ilda-11580,šiinšiiwahwi-,Paddle strongly,
ilda-2743,šiipantee-,"Be late, gone for a long time",
ilda-6483,šiipeekaakanaahkw-,Tent peg,
ilda-2748,šiipii-,Stretch oneself,
ilda-318,šiipilaan-,Rain for a long time,
ilda-13242,šiipisam-,Cook it for a long time,
ilda-11612,šiipohsee-,Walk for a long time,
ilda-2753,šiišiipii-,Do stretching exercises,
ilda-11707,šiišonam-,"Rub it in, anoint it",
ilda-12552,šiišonamaw-,Smear it on him,
ilda-11744,šiišwahaakan-,Paint brush,
ilda-3728,šikaakonki,Chicago,
ilda-4363,šikaakw-,"Skunk (Mephitis mephitis), Garlic (Allium spp.), Wild Ramp",
ilda-13624,šikaakwa siipiiw-,Des Plaines River (Illinois),
ilda-9483,šikaakwinš-,Skunk cabbage (Symplocarpus foetidus L. Nutt.),
ilda-7998,šiki-,"Urinate, pee",
ilda-8078,šikikaan-,"Bathroom, restroom (public)",
ilda-6488,šikinay-,Urine,
ilda-3733,šikwalalaanti-,Tadpole,
ilda-6493,šimaakan-,"Lance, Spear",
ilda-4368,šimaakanehsi-,Soldier,
ilda-8563,šinkilaakan-,"Plate, platter",
ilda-3738,šinkiphs-,"American Coot (Fulica americana), Pied-billed grebe (Podilymbus podiceps)",
ilda-3743,šinkohs-,American Mink (Neovison vison),
ilda-3748,šinkw-,"Gum, Resin, Wax",
ilda-3753,šinkwaahkw-,Eastern red cedar (Juniperus virginiana),
ilda-1753,šoohkaham-,Drag it,
ilda-9788,šoohkwaahkaakan-,Snowsnake (object),
ilda-9770,šoohkwaahkii-,Play snowsnake,
ilda-6498,šoohkwaakan-,"Sled, Wagon",
ilda-11194,šoohkwaakan-,Car,
ilda-2758,šoohkwaakanapi-,"Ride in a car, travel by car",
ilda-6503,šool-,Money,
ilda-7233,šooli mootay-,"Wallet, purse",
ilda-5998,šoolikaan-,Bank,
ilda-8648,šoowikontaakan-,Have a sore throat,
ilda-2763,šoowilakiši-,"Have a bellyache, stomach ache",
ilda-2768,šoowintepikan-,Have a headache,
ilda-2773,šoowiteehee-,"Worry, have an aching heart",
ilda-2778,šoowiyosi-,"Be sore, ache",
ilda-11716,šoošookwalalaakan-,Kentucky Coffee Tree bean,
ilda-6588,šoošookwalalaakanišaahkw-,kentucky coffee tree (Gymnocladus diocus),
ilda-10259,šowaapinam-,"there is a tornado, a big wind",
